indicator,rule,mode,corridor,split,window,scenario,h,tol_bps,n_events,n_scored,hit_rate,base_rate,lift,lift_ci_lo,lift_ci_hi,hit_mean,base_mean,lift_mean,benefit_fwd_bps,benefit_random_day_bps,benefit_excess_bps,benefit_excess_ci_lo,benefit_excess_ci_hi,benefit_fwd_ci_lo,benefit_fwd_ci_hi,benefit_fwd_block_ci_lo,benefit_fwd_block_ci_hi,benefit_sym_bps,vs_wait5_bps,freq_per_week,clump_share_series,clump_cv_gaps,longest_gap_days,empty_month_share
calendar:day20-25:first,day20-25,first,TJS,0,2021-01…2021-06,BUY_NOW,20,25.0,6,6,0.3333333333333333,0.15254237288135594,2.185185185185185,,,0.6666666666666666,0.5338983050847458,1.2486772486772486,32.29494303395382,-2.594269522656172,34.88921255660999,,,,,,,40.32882844234383,28.77914036528132,0.23204419889502761,0.0,0.07887415926831029,32.0,0.0
calendar:day20-25:first,day20-25,first,TJS,1,2021-07…2021-12,BUY_NOW,20,25.0,6,6,0.16666666666666666,0.17829457364341086,0.9347826086956521,,,0.5,0.5581395348837209,0.8958333333333334,-18.96860157017566,33.342203091136966,-52.31080466131263,,,,,,,-46.7268443330789,-50.21559756130111,0.2282608695652174,0.0,0.047654387977502655,33.0,0.0
calendar:day20-25:first,day20-25,first,TJS,2,2022-01…2022-06,BUY_NOW,20,25.0,6,6,0.3333333333333333,0.1452991452991453,2.2941176470588234,,,0.6666666666666666,0.4700854700854701,1.4181818181818182,181.95199980597988,-53.00503542290707,234.95703522888695,,,,,,,283.0778316554887,452.5110207179698,0.23204419889502761,0.0,0.08944271909999159,32.0,0.0
calendar:day20-25:first,day20-25,first,TJS,3,2022-07…2022-12,BUY_NOW,20,25.0,6,6,0.3333333333333333,0.2846153846153846,1.1711711711711712,,,0.8333333333333334,0.6230769230769231,1.337448559670782,233.42794319442586,163.51128752215095,69.91665567227491,,,,,,,44.1973650174345,166.68996072777682,0.2282608695652174,0.0,0.037037037037037035,33.0,0.0
calendar:day20-25:first,day20-25,first,TJS,4,2023-01…2023-06,BUY_NOW,20,25.0,6,6,0.3333333333333333,0.4915254237288136,0.6781609195402298,,,0.6666666666666666,0.7627118644067796,0.8740740740740741,165.95758385993327,194.18642689935936,-28.228843039426096,,,,,,,19.070072398229925,-5.034194383711774,0.23204419889502761,0.0,0.1,32.0,0.0
calendar:day20-25:first,day20-25,first,TJS,5,2023-07…2023-12,BUY_NOW,20,25.0,6,6,0.16666666666666666,0.24031007751937986,0.6935483870967741,,,0.6666666666666666,0.5426356589147286,1.2285714285714286,57.63745593159788,-14.369798255992611,72.00725418759049,,,,,,,61.23199456271821,-13.23141741404244,0.2282608695652174,0.0,0.037037037037037035,32.0,0.0
calendar:day20-25:first,day20-25,first,TJS,6,2024-01…2024-06,BUY_NOW,20,25.0,6,6,0.16666666666666666,0.19658119658119658,0.8478260869565217,,,0.5,0.5555555555555556,0.8999999999999999,35.92210729507735,16.838282384351277,19.083824910726076,,,,,,,39.47971813121343,-48.59791555611855,0.23076923076923078,0.0,0.12286805590089957,33.0,0.0
calendar:day20-25:first,day20-25,first,TJS,7,2024-07…2024-12,BUY_NOW,20,25.0,6,6,0.3333333333333333,0.29770992366412213,1.1196581196581197,,,0.8333333333333334,0.6717557251908397,1.240530303030303,75.29880366751229,95.96472466495561,-20.665920997443322,,,,,,,-16.04857598328199,112.32715160224727,0.2282608695652174,0.0,0.03432713198875175,31.0,0.0
calendar:day20-25:first,day20-25,first,TJS,8,2025-01…2025-06,BUY_NOW,20,25.0,6,6,0.16666666666666666,0.19658119658119658,0.8478260869565217,,,0.6666666666666666,0.4700854700854701,1.4181818181818182,-22.382827369421367,-112.63640534071882,90.25357797129746,,,,,,,94.59219758190234,-41.08340267134562,0.23204419889502761,0.0,0.0999575741843398,32.0,0.0
calendar:day20-25:first,day20-25,first,TJS,9,2025-07…2025-12,BUY_NOW,20,25.0,6,6,0.0,0.2,0.0,,,0.3333333333333333,0.5692307692307692,0.5855855855855856,-71.39132639642776,24.64574363935889,-96.03707003578666,,,,,,,-96.32683483920157,-176.97050653024607,0.2282608695652174,0.0,0.044944765922627125,33.0,0.0
calendar:day20-25:first,day20-25,first,TJS,10,2026-01…2026-06,BUY_NOW,20,25.0,6,6,0.3333333333333333,0.20512820512820512,1.625,,,0.5,0.5042735042735043,0.9915254237288136,15.450035541485875,12.647688147121416,2.8023473943644586,,,,,,,27.315199839306192,9.503123606519807,0.23204419889502761,0.0,0.08271466602925602,33.0,0.0
calendar:day20-25:all,day20-25,all,TJS,0,2021-01…2021-06,BUY_NOW,20,25.0,24,24,0.25,0.15254237288135594,1.6388888888888888,,,0.6666666666666666,0.5338983050847458,1.2486772486772486,18.36331156126229,-2.594269522656172,20.957581083918463,,,,,,,19.919506293734617,22.70141711021324,0.9281767955801105,0.782608695652174,1.4954439206706251,27.0,0.0
calendar:day20-25:all,day20-25,all,TJS,1,2021-07…2021-12,BUY_NOW,20,25.0,26,26,0.07692307692307693,0.17829457364341086,0.431438127090301,,,0.38461538461538464,0.5581395348837209,0.6891025641025641,18.08404555647373,33.342203091136966,-15.258157534663237,,,,,,,-11.811285418802978,-19.010558375546985,0.9891304347826088,0.8,1.5526890466890464,28.0,0.0
calendar:day20-25:all,day20-25,all,TJS,2,2022-01…2022-06,BUY_NOW,20,25.0,26,26,0.2692307692307692,0.1452991452991453,1.852941176470588,,,0.5769230769230769,0.4700854700854701,1.227272727272727,69.75873484225052,-53.00503542290707,122.76377026515759,,,,,,,243.6164157810336,232.35129282020748,1.005524861878453,0.8,1.5289368623308428,27.0,0.0
calendar:day20-25:all,day20-25,all,TJS,3,2022-07…2022-12,BUY_NOW,20,25.0,25,25,0.36,0.2846153846153846,1.2648648648648648,,,0.8,0.6230769230769231,1.2839506172839508,199.62734004082415,163.51128752215095,36.1160525186732,,,,,,,14.903958384488725,120.90798743334946,0.9510869565217391,0.7916666666666666,1.5311870306765603,28.0,0.0
calendar:day20-25:all,day20-25,all,TJS,4,2023-01…2023-06,BUY_NOW,20,25.0,24,24,0.4583333333333333,0.4915254237288136,0.932471264367816,,,0.75,0.7627118644067796,0.9833333333333334,229.4131422633102,194.18642689935936,35.22671536395083,,,,,,,67.62566205007934,56.03800344829236,0.9281767955801105,0.782608695652174,1.4810201485983387,27.0,0.0
calendar:day20-25:all,day20-25,all,TJS,5,2023-07…2023-12,BUY_NOW,20,25.0,26,26,0.46153846153846156,0.24031007751937986,1.9205955334987592,,,0.6923076923076923,0.5426356589147286,1.275824175824176,90.86194940210756,-14.369798255992611,105.23174765810016,,,,,,,98.24372789294353,36.51900426158478,0.9891304347826088,0.8,1.5513816949873813,27.0,0.0
calendar:day20-25:all,day20-25,all,TJS,6,2024-01…2024-06,BUY_NOW,20,25.0,24,24,0.20833333333333334,0.19658119658119658,1.0597826086956523,,,0.4583333333333333,0.5555555555555556,0.825,10.13004053289366,16.838282384351277,-6.708241851457618,,,,,,,18.82208282144776,-31.85989314499029,0.9230769230769231,0.782608695652174,1.4969149734937595,28.0,0.0
calendar:day20-25:all,day20-25,all,TJS,7,2024-07…2024-12,BUY_NOW,20,25.0,25,25,0.32,0.29770992366412213,1.074871794871795,,,0.72,0.6717557251908397,1.0718181818181818,90.53755594280516,95.96472466495561,-5.427168722150455,,,,,,,-1.5881767329834622,118.4316253086654,0.9510869565217391,0.7916666666666666,1.533636468113135,28.0,0.0
calendar:day20-25:all,day20-25,all,TJS,8,2025-01…2025-06,BUY_NOW,20,25.0,26,26,0.3076923076923077,0.19658119658119658,1.565217391304348,,,0.6153846153846154,0.4700854700854701,1.309090909090909,-18.056379423970633,-112.63640534071882,94.58002591674818,,,,,,,98.35581199140961,37.4895539957602,1.005524861878453,0.8,1.5462491508338019,28.0,0.0
calendar:day20-25:all,day20-25,all,TJS,9,2025-07…2025-12,BUY_NOW,20,25.0,26,26,0.15384615384615385,0.2,0.7692307692307693,,,0.4230769230769231,0.5692307692307692,0.7432432432432433,-9.382374695149567,24.64574363935889,-34.028118334508456,,,,,,,-36.805662911049396,-71.00197203401603,0.9891304347826088,0.8,1.556903241721088,28.0,0.0
calendar:day20-25:all,day20-25,all,TJS,10,2026-01…2026-06,BUY_NOW,20,25.0,24,24,0.3333333333333333,0.20512820512820512,1.625,,,0.5833333333333334,0.5042735042735043,1.1567796610169492,26.451851084769626,12.647688147121416,13.80416293764821,,,,,,,49.78182702147429,44.677436772892115,0.9281767955801105,0.782608695652174,1.4981282175337478,28.0,0.0
calendar:day20-28:all,day20-28,all,TJS,0,2021-01…2021-06,BUY_NOW,20,25.0,36,36,0.19444444444444445,0.15254237288135594,1.2746913580246912,,,0.5277777777777778,0.5338983050847458,0.9885361552028219,-8.862821274438677,-2.594269522656172,-6.268551751782505,,,,,,,5.8198013418117,22.123086085428447,1.3922651933701657,0.8571428571428571,1.6621853333201226,25.0,0.0
calendar:day20-28:all,day20-28,all,TJS,1,2021-07…2021-12,BUY_NOW,20,25.0,39,39,0.1794871794871795,0.17829457364341086,1.0066889632107023,,,0.41025641025641024,0.5581395348837209,0.735042735042735,38.98304739295877,33.342203091136966,5.640844301821801,,,,,,,8.981712715619445,-7.242996518403734,1.483695652173913,0.868421052631579,1.706863783908622,25.0,0.0
calendar:day20-28:all,day20-28,all,TJS,2,2022-01…2022-06,BUY_NOW,20,25.0,38,38,0.18421052631578946,0.1452991452991453,1.267801857585139,,,0.5,0.4700854700854701,1.0636363636363637,-56.38131687849974,-53.00503542290707,-3.376281455592668,,,,,,,123.86712733627918,92.76502856758617,1.4696132596685083,0.8648648648648649,1.6615026204120686,24.0,0.0
calendar:day20-28:all,day20-28,all,TJS,3,2022-07…2022-12,BUY_NOW,20,25.0,39,39,0.28205128205128205,0.2846153846153846,0.990990990990991,,,0.7435897435897436,0.6230769230769231,1.1934156378600824,173.016103208807,163.51128752215095,9.504815686656059,,,,,,,-7.669699862871838,96.07077926479666,1.483695652173913,0.868421052631579,1.7150861400630166,25.0,0.0
calendar:day20-28:all,day20-28,all,TJS,4,2023-01…2023-06,BUY_NOW,20,25.0,37,37,0.5405405405405406,0.4915254237288136,1.0997204100652376,,,0.7567567567567568,0.7627118644067796,0.9921921921921923,236.0257689889024,194.18642689935936,41.83934208954304,,,,,,,73.74811448846624,67.72631465079668,1.430939226519337,0.8611111111111112,1.6579098302802773,25.0,0.0
calendar:day20-28:all,day20-28,all,TJS,5,2023-07…2023-12,BUY_NOW,20,25.0,40,40,0.425,0.24031007751937986,1.768548387096774,,,0.675,0.5426356589147286,1.2439285714285715,86.8828993484287,-14.369798255992611,101.2526976044213,,,,,,,92.50832864361074,69.77301989069004,1.5217391304347827,0.8717948717948718,1.7173279078617922,24.0,0.0
calendar:day20-28:all,day20-28,all,TJS,6,2024-01…2024-06,BUY_NOW,20,25.0,38,38,0.18421052631578946,0.19658119658119658,0.9370709382151029,,,0.5526315789473685,0.5555555555555556,0.9947368421052633,24.439202181573545,16.838282384351277,7.600919797222268,,,,,,,29.07579032269038,-6.39244252762671,1.4615384615384615,0.8648648648648649,1.6802168483635305,25.0,0.0
calendar:day20-28:all,day20-28,all,TJS,7,2024-07…2024-12,BUY_NOW,20,25.0,38,38,0.2894736842105263,0.29770992366412213,0.9723346828609987,,,0.6052631578947368,0.6717557251908397,0.9010167464114832,37.28217675208374,95.96472466495561,-58.68254791287187,,,,,,,-46.49350004993464,53.64416502905163,1.4456521739130435,0.8648648648648649,1.716857374348939,25.0,0.0
calendar:day20-28:all,day20-28,all,TJS,8,2025-01…2025-06,BUY_NOW,20,25.0,40,40,0.25,0.19658119658119658,1.2717391304347827,,,0.65,0.4700854700854701,1.3827272727272728,-16.85784316739677,-112.63640534071882,95.77856217332206,,,,,,,101.72528069996949,80.94621485161124,1.5469613259668509,0.8717948717948718,1.680804236268589,24.0,0.0
calendar:day20-28:all,day20-28,all,TJS,9,2025-07…2025-12,BUY_NOW,20,25.0,37,37,0.24324324324324326,0.2,1.2162162162162162,,,0.5405405405405406,0.5692307692307692,0.9495982468955443,39.10897350637025,24.64574363935889,14.463229867011357,,,,,,,16.975603351495554,-28.529868449400272,1.407608695652174,0.8611111111111112,1.6977086731299282,25.0,0.0
calendar:day20-28:all,day20-28,all,TJS,10,2026-01…2026-06,BUY_NOW,20,25.0,37,37,0.24324324324324326,0.20512820512820512,1.185810810810811,,,0.5945945945945946,0.5042735042735043,1.1791113147045351,20.903675390654737,12.647688147121416,8.25598724353332,,,,,,,47.706605717185326,57.82469869587624,1.430939226519337,0.8611111111111112,1.6666666666666667,25.0,0.0
calendar:day25:first,day25,first,TJS,0,2021-01…2021-06,BUY_NOW,20,25.0,6,6,0.16666666666666666,0.15254237288135594,1.0925925925925926,,,0.6666666666666666,0.5338983050847458,1.2486772486772486,31.62200423757514,-2.594269522656172,34.21627376023131,,,,,,,34.803848230168065,65.5681651726007,0.23204419889502761,0.0,0.07065835796489936,32.0,0.0
calendar:day25:first,day25,first,TJS,1,2021-07…2021-12,BUY_NOW,20,25.0,6,6,0.16666666666666666,0.17829457364341086,0.9347826086956521,,,0.3333333333333333,0.5581395348837209,0.5972222222222222,58.80783409554372,33.342203091136966,25.465631004406752,,,,,,,22.783712631681922,32.512759226440515,0.2282608695652174,0.0,0.04721314364437764,33.0,0.0
calendar:day25:first,day25,first,TJS,2,2022-01…2022-06,BUY_NOW,20,25.0,6,6,0.3333333333333333,0.1452991452991453,2.2941176470588234,,,0.5,0.4700854700854701,1.0636363636363637,177.11613533400023,-53.00503542290707,230.1211707569073,,,,,,,335.32665151823875,277.93339232631337,0.23204419889502761,0.0,0.07964743533956825,33.0,0.0
calendar:day25:first,day25,first,TJS,3,2022-07…2022-12,BUY_NOW,20,25.0,6,6,0.5,0.2846153846153846,1.7567567567567568,,,0.8333333333333334,0.6230769230769231,1.337448559670782,277.6008283802872,163.51128752215095,114.08954085813627,,,,,,,95.01788894816748,207.79440882536505,0.2282608695652174,0.0,0.03432713198875175,32.0,0.0
calendar:day25:first,day25,first,TJS,4,2023-01…2023-06,BUY_NOW,20,25.0,6,6,0.6666666666666666,0.4915254237288136,1.3563218390804597,,,0.8333333333333334,0.7627118644067796,1.0925925925925928,255.14760174383665,194.18642689935936,60.961174844477284,,,,,,,91.97949315494854,119.82061146661412,0.23204419889502761,0.0,0.04850474738184512,33.0,0.0
calendar:day25:first,day25,first,TJS,5,2023-07…2023-12,BUY_NOW,20,25.0,6,6,0.5,0.24031007751937986,2.0806451612903225,,,0.6666666666666666,0.5426356589147286,1.2285714285714286,92.57423150257443,-14.369798255992611,106.94402975856704,,,,,,,100.05510905700918,111.68268791039846,0.2282608695652174,0.0,0.04721314364437763,33.0,0.0
calendar:day25:first,day25,first,TJS,6,2024-01…2024-06,BUY_NOW,20,25.0,6,6,0.16666666666666666,0.19658119658119658,0.8478260869565217,,,0.6666666666666666,0.5555555555555556,1.2,29.601758398305105,16.838282384351277,12.763476013953827,,,,,,,29.623435161646075,20.826366903123525,0.23076923076923078,0.0,0.08517153729745175,32.0,0.0
calendar:day25:first,day25,first,TJS,7,2024-07…2024-12,BUY_NOW,20,25.0,6,6,0.5,0.29770992366412213,1.6794871794871795,,,0.6666666666666666,0.6717557251908397,0.9924242424242423,113.31279917219847,95.96472466495561,17.348074507242856,,,,,,,25.12661170542607,88.50593410587322,0.2282608695652174,0.0,0.018348623853211007,32.0,0.0
calendar:day25:first,day25,first,TJS,8,2025-01…2025-06,BUY_NOW,20,25.0,6,6,0.16666666666666666,0.19658119658119658,0.8478260869565217,,,0.8333333333333334,0.4700854700854701,1.772727272727273,11.923801382347682,-112.63640534071882,124.5602067230665,,,,,,,128.80114162894455,173.60539210487158,0.23204419889502761,0.0,0.0959936605428976,31.0,0.0
calendar:day25:first,day25,first,TJS,9,2025-07…2025-12,BUY_NOW,20,25.0,6,6,0.3333333333333333,0.2,1.6666666666666665,,,0.6666666666666666,0.5692307692307692,1.1711711711711712,65.58409305163217,24.64574363935889,40.938349412273276,,,,,,,50.20987048474627,12.23646064307489,0.2282608695652174,0.0,0.04721314364437764,32.0,0.0
calendar:day25:first,day25,first,TJS,10,2026-01…2026-06,BUY_NOW,20,25.0,6,6,0.3333333333333333,0.20512820512820512,1.625,,,0.6666666666666666,0.5042735042735043,1.3220338983050848,66.57601517671344,12.647688147121416,53.928327029592026,,,,,,,66.98373911476189,103.67785739476979,0.23204419889502761,0.0,0.09003513102423014,33.0,0.0
calendar:day25:all,day25,all,TJS,0,2021-01…2021-06,BUY_NOW,20,25.0,26,26,0.15384615384615385,0.15254237288135594,1.0085470085470085,,,0.46153846153846156,0.5338983050847458,0.8644688644688645,-17.02213923882487,-2.594269522656172,-14.427869716168699,,,,,,,-9.531598663372694,39.81972175617973,1.005524861878453,0.8,1.5378305175384404,27.0,0.0
calendar:day25:all,day25,all,TJS,1,2021-07…2021-12,BUY_NOW,20,25.0,27,27,0.2962962962962963,0.17829457364341086,1.6618357487922704,,,0.48148148148148145,0.5581395348837209,0.8626543209876543,59.844680530370745,33.342203091136966,26.50247743923378,,,,,,,25.55209217946489,12.704637526622857,1.0271739130434783,0.8076923076923077,1.5720398045166741,27.0,0.0
calendar:day25:all,day25,all,TJS,2,2022-01…2022-06,BUY_NOW,20,25.0,26,26,0.15384615384615385,0.1452991452991453,1.0588235294117647,,,0.34615384615384615,0.4700854700854701,0.7363636363636363,-218.96494899921365,-53.00503542290707,-165.95991357630658,,,,,,,141.37499210432145,-19.586435660485975,1.005524861878453,0.8,1.532712089469627,27.0,0.0
calendar:day25:all,day25,all,TJS,3,2022-07…2022-12,BUY_NOW,20,25.0,29,29,0.2413793103448276,0.2846153846153846,0.8480894687791241,,,0.5517241379310345,0.6230769230769231,0.885483184333759,171.64537736869082,163.51128752215095,8.134089846539865,,,,,,,10.01269740726481,104.6590171924847,1.1032608695652175,0.8214285714285714,1.6146744636674308,27.0,0.0
calendar:day25:all,day25,all,TJS,4,2023-01…2023-06,BUY_NOW,20,25.0,26,26,0.7692307692307693,0.4915254237288136,1.5649867374005306,,,0.8461538461538461,0.7627118644067796,1.1094017094017095,273.7754297846217,194.18642689935936,79.58900288526232,,,,,,,76.8721300188137,154.60519451309193,1.005524861878453,0.8,1.5252968931473303,27.0,0.0
calendar:day25:all,day25,all,TJS,5,2023-07…2023-12,BUY_NOW,20,25.0,29,29,0.3103448275862069,0.24031007751937986,1.2914349276974415,,,0.6551724137931034,0.5426356589147286,1.2073891625615765,67.45168482067375,-14.369798255992611,81.82148307666635,,,,,,,81.59421156549928,148.15783297742877,1.1032608695652175,0.8214285714285714,1.6105123408406408,27.0,0.0
calendar:day25:all,day25,all,TJS,6,2024-01…2024-06,BUY_NOW,20,25.0,26,26,0.23076923076923078,0.19658119658119658,1.173913043478261,,,0.6923076923076923,0.5555555555555556,1.2461538461538462,49.627771524739764,16.838282384351277,32.78948914038848,,,,,,,38.47223664300975,34.67000502905023,1.0,0.8,1.5243948260863445,30.0,0.0
calendar:day25:all,day25,all,TJS,7,2024-07…2024-12,BUY_NOW,20,25.0,28,28,0.32142857142857145,0.29770992366412213,1.0796703296703298,,,0.6428571428571429,0.6717557251908397,0.9569805194805195,48.72601794939825,95.96472466495561,-47.23870671555736,,,,,,,-41.1138927772726,-34.60083122937154,1.065217391304348,0.8148148148148148,1.593293502049597,26.0,0.0
calendar:day25:all,day25,all,TJS,8,2025-01…2025-06,BUY_NOW,20,25.0,27,27,0.2222222222222222,0.19658119658119658,1.1304347826086956,,,0.7037037037037037,0.4700854700854701,1.496969696969697,-43.562247489743186,-112.63640534071882,69.07415785097564,,,,,,,67.96438720512609,123.85679247023344,1.0441988950276242,0.8076923076923077,1.5473302069147261,26.0,0.0
calendar:day25:all,day25,all,TJS,9,2025-07…2025-12,BUY_NOW,20,25.0,27,27,0.25925925925925924,0.2,1.296296296296296,,,0.5925925925925926,0.5692307692307692,1.0410410410410411,59.31325115915683,24.64574363935889,34.66750751979794,,,,,,,38.93208506584601,37.73580805121736,1.0271739130434783,0.8076923076923077,1.5747222041650903,27.0,0.0
calendar:day25:all,day25,all,TJS,10,2026-01…2026-06,BUY_NOW,20,25.0,26,26,0.15384615384615385,0.20512820512820512,0.7500000000000001,,,0.5769230769230769,0.5042735042735043,1.1440677966101693,-9.278087097788593,12.647688147121416,-21.925775244910007,,,,,,,4.856327492488943,44.701570996916224,1.005524861878453,0.8,1.5346942949179436,27.0,0.0
calendar:day20-25:first,day20-25,first,UZS,0,2021-01…2021-06,BUY_NOW,20,25.0,6,6,0.16666666666666666,0.13559322033898305,1.2291666666666665,,,0.6666666666666666,0.5169491525423728,1.289617486338798,27.430633735233688,-12.978020395404887,40.408654130638574,,,,,,,42.16554787191351,20.75986220129297,0.23204419889502761,0.0,0.07887415926831029,32.0,0.0
calendar:day20-25:first,day20-25,first,UZS,1,2021-07…2021-12,BUY_NOW,20,25.0,6,6,0.0,0.14728682170542637,0.0,,,0.5,0.5116279069767442,0.9772727272727272,-52.35278705007377,10.345720517709584,-62.69850756778335,,,,,,,-55.65730938803378,-62.38447767567971,0.2282608695652174,0.0,0.047654387977502655,33.0,0.0
calendar:day20-25:first,day20-25,first,UZS,2,2022-01…2022-06,BUY_NOW,20,25.0,6,6,0.16666666666666666,0.1111111111111111,1.5,,,0.6666666666666666,0.41025641025641024,1.625,94.5063411277619,-133.26289884507412,227.76923997283603,,,,,,,283.0743642033297,269.87113903750173,0.23204419889502761,0.0,0.08944271909999159,32.0,0.0
calendar:day20-25:first,day20-25,first,UZS,3,2022-07…2022-12,BUY_NOW,20,25.0,6,6,0.3333333333333333,0.25384615384615383,1.3131313131313131,,,0.6666666666666666,0.5307692307692308,1.2560386473429952,200.55483279021664,116.21310466761958,84.34172812259706,,,,,,,62.9141675232194,138.10246156325775,0.2282608695652174,0.0,0.037037037037037035,33.0,0.0
calendar:day20-25:first,day20-25,first,UZS,4,2023-01…2023-06,BUY_NOW,20,25.0,6,6,0.3333333333333333,0.5,0.6666666666666666,,,0.8333333333333334,0.8389830508474576,0.9932659932659933,210.05591464565,230.9240759258275,-20.868161280177503,,,,,,,22.430314827068628,53.58215585239597,0.23204419889502761,0.0,0.1,32.0,0.0
calendar:day20-25:first,day20-25,first,UZS,5,2023-07…2023-12,BUY_NOW,20,25.0,6,6,0.16666666666666666,0.13953488372093023,1.1944444444444444,,,0.6666666666666666,0.4728682170542636,1.4098360655737705,20.0164551644022,-69.49233690529937,89.50879206970157,,,,,,,79.20726425373596,-15.790103887295956,0.2282608695652174,0.0,0.037037037037037035,32.0,0.0
calendar:day20-25:first,day20-25,first,UZS,6,2024-01…2024-06,BUY_NOW,20,25.0,6,6,0.3333333333333333,0.15384615384615385,2.1666666666666665,,,0.3333333333333333,0.5128205128205128,0.65,8.253517679625935,-20.683669886704273,28.93718756633021,,,,,,,50.15339656043708,-42.52522288228996,0.23076923076923078,0.0,0.12286805590089957,33.0,0.0
calendar:day20-25:first,day20-25,first,UZS,7,2024-07…2024-12,BUY_NOW,20,25.0,6,6,0.16666666666666666,0.31297709923664124,0.532520325203252,,,0.6666666666666666,0.6641221374045801,1.003831417624521,81.09358934503912,93.66515844300025,-12.571569097961131,,,,,,,-9.286028425277705,107.6464927290092,0.2282608695652174,0.0,0.03432713198875175,31.0,0.0
calendar:day20-25:first,day20-25,first,UZS,8,2025-01…2025-06,BUY_NOW,20,25.0,6,6,0.0,0.042735042735042736,0.0,,,0.16666666666666666,0.24786324786324787,0.6724137931034482,-140.61286406989245,-198.85952062411175,58.2466565542193,,,,,,,59.42514033640507,-88.99733939421934,0.23204419889502761,0.0,0.0999575741843398,32.0,0.0
calendar:day20-25:first,day20-25,first,UZS,9,2025-07…2025-12,BUY_NOW,20,25.0,6,6,0.16666666666666666,0.2,0.8333333333333333,,,0.5,0.5384615384615384,0.9285714285714286,-34.83705132503827,31.661039927311496,-66.49809125234977,,,,,,,-57.86810179739717,-78.28854651640127,0.2282608695652174,0.0,0.044944765922627125,33.0,0.0
calendar:day20-25:first,day20-25,first,UZS,10,2026-01…2026-06,BUY_NOW,20,25.0,6,6,0.5,0.2564102564102564,1.9500000000000002,,,0.5,0.5470085470085471,0.9140624999999999,22.77970241711115,10.996849225985803,11.782853191125346,,,,,,,34.99453847990367,3.2954766615554263,0.23204419889502761,0.0,0.08271466602925602,33.0,0.0
calendar:day20-25:all,day20-25,all,UZS,0,2021-01…2021-06,BUY_NOW,20,25.0,24,24,0.16666666666666666,0.13559322033898305,1.2291666666666665,,,0.625,0.5169491525423728,1.209016393442623,13.967287549318803,-12.978020395404887,26.945307944723687,,,,,,,23.2265014781576,23.425038366879004,0.9281767955801105,0.782608695652174,1.4954439206706251,27.0,0.0
calendar:day20-25:all,day20-25,all,UZS,1,2021-07…2021-12,BUY_NOW,20,25.0,26,26,0.07692307692307693,0.14728682170542637,0.5222672064777327,,,0.38461538461538464,0.5116279069767442,0.7517482517482518,-12.163021423709031,10.345720517709584,-22.508741941418613,,,,,,,-18.62524633043129,-36.57369411570885,0.9891304347826088,0.8,1.5526890466890464,28.0,0.0
calendar:day20-25:all,day20-25,all,UZS,2,2022-01…2022-06,BUY_NOW,20,25.0,26,26,0.11538461538461539,0.1111111111111111,1.0384615384615385,,,0.5769230769230769,0.41025641025641024,1.40625,39.38861827611558,-133.26289884507412,172.6515171211897,,,,,,,299.48205878122275,212.14425693860207,1.005524861878453,0.8,1.5289368623308428,27.0,0.0
calendar:day20-25:all,day20-25,all,UZS,3,2022-07…2022-12,BUY_NOW,20,25.0,25,25,0.28,0.25384615384615383,1.1030303030303032,,,0.68,0.5307692307692308,1.281159420289855,162.06673929048077,116.21310466761958,45.85363462286119,,,,,,,26.347245569653538,104.04021006939566,0.9510869565217391,0.7916666666666666,1.5311870306765603,28.0,0.0
calendar:day20-25:all,day20-25,all,UZS,4,2023-01…2023-06,BUY_NOW,20,25.0,24,24,0.5,0.5,1.0,,,0.8333333333333334,0.8389830508474576,0.9932659932659933,248.51485535222238,230.9240759258275,17.590779426394874,,,,,,,57.709906272750636,84.5349697044084,0.9281767955801105,0.782608695652174,1.4810201485983387,27.0,0.0
calendar:day20-25:all,day20-25,all,UZS,5,2023-07…2023-12,BUY_NOW,20,25.0,26,26,0.23076923076923078,0.13953488372093023,1.653846153846154,,,0.6923076923076923,0.4728682170542636,1.4640605296343001,46.31898286699687,-69.49233690529937,115.81131977229623,,,,,,,109.9452949878833,33.11937288163558,0.9891304347826088,0.8,1.5513816949873813,27.0,0.0
calendar:day20-25:all,day20-25,all,UZS,6,2024-01…2024-06,BUY_NOW,20,25.0,24,24,0.20833333333333334,0.15384615384615385,1.3541666666666667,,,0.375,0.5128205128205128,0.7312500000000001,-16.858061002095234,-20.683669886704273,3.8256088846090393,,,,,,,30.928121726735885,-26.816099299633635,0.9230769230769231,0.782608695652174,1.4969149734937595,28.0,0.0
calendar:day20-25:all,day20-25,all,UZS,7,2024-07…2024-12,BUY_NOW,20,25.0,25,25,0.28,0.31297709923664124,0.8946341463414634,,,0.76,0.6641221374045801,1.1443678160919541,97.93444229636926,93.66515844300025,4.269283853369004,,,,,,,7.994926173939682,134.06584642783184,0.9510869565217391,0.7916666666666666,1.533636468113135,28.0,0.0
calendar:day20-25:all,day20-25,all,UZS,8,2025-01…2025-06,BUY_NOW,20,25.0,26,26,0.0,0.042735042735042736,0.0,,,0.19230769230769232,0.24786324786324787,0.7758620689655172,-149.513125290835,-198.85952062411175,49.346395333276746,,,,,,,54.575184649861384,-47.31519179634948,1.005524861878453,0.8,1.5462491508338019,28.0,0.0
calendar:day20-25:all,day20-25,all,UZS,9,2025-07…2025-12,BUY_NOW,20,25.0,26,26,0.15384615384615385,0.2,0.7692307692307693,,,0.46153846153846156,0.5384615384615384,0.8571428571428572,9.342881957053585,31.661039927311496,-22.31815797025791,,,,,,,-16.779424064105424,3.222101410747781,0.9891304347826088,0.8,1.556903241721088,28.0,0.0
calendar:day20-25:all,day20-25,all,UZS,10,2026-01…2026-06,BUY_NOW,20,25.0,24,24,0.375,0.2564102564102564,1.4625000000000001,,,0.5416666666666666,0.5470085470085471,0.9902343749999998,26.634031692578176,10.996849225985803,15.637182466592373,,,,,,,56.27818238943255,64.8854782508663,0.9281767955801105,0.782608695652174,1.4981282175337478,28.0,0.0
calendar:day20-28:all,day20-28,all,UZS,0,2021-01…2021-06,BUY_NOW,20,25.0,36,36,0.1388888888888889,0.13559322033898305,1.0243055555555556,,,0.5,0.5169491525423728,0.9672131147540984,-11.876349149259497,-12.978020395404887,1.10167124614539,,,,,,,12.01366910650197,28.167566850520096,1.3922651933701657,0.8571428571428571,1.6621853333201226,25.0,0.0
calendar:day20-28:all,day20-28,all,UZS,1,2021-07…2021-12,BUY_NOW,20,25.0,39,39,0.1794871794871795,0.14728682170542637,1.2186234817813764,,,0.41025641025641024,0.5116279069767442,0.8018648018648018,9.845129560181649,10.345720517709584,-0.500590957527935,,,,,,,3.049914445389048,-25.654657545688522,1.483695652173913,0.868421052631579,1.706863783908622,25.0,0.0
calendar:day20-28:all,day20-28,all,UZS,2,2022-01…2022-06,BUY_NOW,20,25.0,38,38,0.07894736842105263,0.1111111111111111,0.7105263157894737,,,0.5,0.41025641025641024,1.21875,-91.53771580001383,-133.26289884507412,41.72518304506029,,,,,,,184.54471301956423,95.97711541747704,1.4696132596685083,0.8648648648648649,1.6615026204120686,24.0,0.0
calendar:day20-28:all,day20-28,all,UZS,3,2022-07…2022-12,BUY_NOW,20,25.0,39,39,0.23076923076923078,0.25384615384615383,0.9090909090909092,,,0.6666666666666666,0.5307692307692308,1.2560386473429952,140.52852118999795,116.21310466761958,24.31541652237837,,,,,,,8.417865273894467,83.02027867728751,1.483695652173913,0.868421052631579,1.7150861400630166,25.0,0.0
calendar:day20-28:all,day20-28,all,UZS,4,2023-01…2023-06,BUY_NOW,20,25.0,37,37,0.5405405405405406,0.5,1.0810810810810811,,,0.8108108108108109,0.8389830508474576,0.9664209664209665,244.5899673253286,230.9240759258275,13.665891399501078,,,,,,,53.67371268950543,81.20550372621584,1.430939226519337,0.8611111111111112,1.6579098302802773,25.0,0.0
calendar:day20-28:all,day20-28,all,UZS,5,2023-07…2023-12,BUY_NOW,20,25.0,40,40,0.25,0.13953488372093023,1.7916666666666667,,,0.675,0.4728682170542636,1.4274590163934426,34.12158872098187,-69.49233690529937,103.61392562628123,,,,,,,94.35853784367586,59.61596558268734,1.5217391304347827,0.8717948717948718,1.7173279078617922,24.0,0.0
calendar:day20-28:all,day20-28,all,UZS,6,2024-01…2024-06,BUY_NOW,20,25.0,38,38,0.15789473684210525,0.15384615384615385,1.026315789473684,,,0.4473684210526316,0.5128205128205128,0.8723684210526317,-11.122807083097152,-20.683669886704273,9.56086280360712,,,,,,,32.49141213737267,-10.55057134718715,1.4615384615384615,0.8648648648648649,1.6802168483635305,25.0,0.0
calendar:day20-28:all,day20-28,all,UZS,7,2024-07…2024-12,BUY_NOW,20,25.0,38,38,0.2631578947368421,0.31297709923664124,0.8408215661103978,,,0.631578947368421,0.6641221374045801,0.9509981851179673,50.787361616385176,93.66515844300025,-42.877796826615075,,,,,,,-32.71031117380237,82.54633473030717,1.4456521739130435,0.8648648648648649,1.716857374348939,25.0,0.0
calendar:day20-28:all,day20-28,all,UZS,8,2025-01…2025-06,BUY_NOW,20,25.0,40,40,0.0,0.042735042735042736,0.0,,,0.225,0.24786324786324787,0.9077586206896552,-137.01000143585244,-198.85952062411175,61.84951918825931,,,,,,,64.8754844385076,-5.4607217791499965,1.5469613259668509,0.8717948717948718,1.680804236268589,24.0,0.0
calendar:day20-28:all,day20-28,all,UZS,9,2025-07…2025-12,BUY_NOW,20,25.0,37,37,0.13513513513513514,0.2,0.6756756756756757,,,0.4864864864864865,0.5384615384615384,0.9034749034749036,29.932713131670756,31.661039927311496,-1.72832679564074,,,,,,,3.1733530022980334,2.3631294974995125,1.407608695652174,0.8611111111111112,1.6977086731299282,25.0,0.0
calendar:day20-28:all,day20-28,all,UZS,10,2026-01…2026-06,BUY_NOW,20,25.0,37,37,0.2702702702702703,0.2564102564102564,1.0540540540540542,,,0.5675675675675675,0.5470085470085471,1.0375844594594592,22.51013179503241,10.996849225985803,11.513282569046607,,,,,,,54.324998013124855,71.94304422725794,1.430939226519337,0.8611111111111112,1.6666666666666667,25.0,0.0
calendar:day25:first,day25,first,UZS,0,2021-01…2021-06,BUY_NOW,20,25.0,6,6,0.16666666666666666,0.13559322033898305,1.2291666666666665,,,0.5,0.5169491525423728,0.9672131147540984,28.559547638801195,-12.978020395404887,41.53756803420608,,,,,,,39.37477257561218,66.14456649884119,0.23204419889502761,0.0,0.07065835796489936,32.0,0.0
calendar:day25:first,day25,first,UZS,1,2021-07…2021-12,BUY_NOW,20,25.0,6,6,0.16666666666666666,0.14728682170542637,1.1315789473684208,,,0.3333333333333333,0.5116279069767442,0.6515151515151515,20.186266943043602,10.345720517709584,9.840546425334018,,,,,,,7.771717822566511,1.171591154393757,0.2282608695652174,0.0,0.04721314364437764,33.0,0.0
calendar:day25:first,day25,first,UZS,2,2022-01…2022-06,BUY_NOW,20,25.0,6,6,0.16666666666666666,0.1111111111111111,1.5,,,0.5,0.41025641025641024,1.21875,131.9640163760498,-133.26289884507412,265.22691522112393,,,,,,,369.8297530679388,343.3184356155294,0.23204419889502761,0.0,0.07964743533956825,33.0,0.0
calendar:day25:first,day25,first,UZS,3,2022-07…2022-12,BUY_NOW,20,25.0,6,6,0.3333333333333333,0.25384615384615383,1.3131313131313131,,,0.8333333333333334,0.5307692307692308,1.570048309178744,239.82712122560852,116.21310466761958,123.61401655798895,,,,,,,105.1891528045516,185.61295260013415,0.2282608695652174,0.0,0.03432713198875175,32.0,0.0
calendar:day25:first,day25,first,UZS,4,2023-01…2023-06,BUY_NOW,20,25.0,6,6,0.6666666666666666,0.5,1.3333333333333333,,,0.8333333333333334,0.8389830508474576,0.9932659932659933,247.89400861608223,230.9240759258275,16.969932690254723,,,,,,,52.10783321747514,118.54566228923852,0.23204419889502761,0.0,0.04850474738184512,33.0,0.0
calendar:day25:first,day25,first,UZS,5,2023-07…2023-12,BUY_NOW,20,25.0,6,6,0.16666666666666666,0.13953488372093023,1.1944444444444444,,,0.6666666666666666,0.4728682170542636,1.4098360655737705,34.129534739232135,-69.49233690529937,103.6218716445315,,,,,,,95.33179754305881,97.60357275752013,0.2282608695652174,0.0,0.04721314364437763,33.0,0.0
calendar:day25:first,day25,first,UZS,6,2024-01…2024-06,BUY_NOW,20,25.0,6,6,0.16666666666666666,0.15384615384615385,1.0833333333333333,,,0.5,0.5128205128205128,0.9750000000000001,-5.675272293573784,-20.683669886704273,15.00839759313049,,,,,,,31.975868003061663,17.63182622237014,0.23076923076923078,0.0,0.08517153729745175,32.0,0.0
calendar:day25:first,day25,first,UZS,7,2024-07…2024-12,BUY_NOW,20,25.0,6,6,0.5,0.31297709923664124,1.597560975609756,,,0.8333333333333334,0.6641221374045801,1.2547892720306515,130.66531559852862,93.66515844300025,37.00015715552837,,,,,,,45.233298954616146,138.08599553729445,0.2282608695652174,0.0,0.018348623853211007,32.0,0.0
calendar:day25:first,day25,first,UZS,8,2025-01…2025-06,BUY_NOW,20,25.0,6,6,0.0,0.042735042735042736,0.0,,,0.16666666666666666,0.24786324786324787,0.6724137931034482,-120.09023997929785,-198.85952062411175,78.7692806448139,,,,,,,83.27382320955792,63.15787417289962,0.23204419889502761,0.0,0.0959936605428976,31.0,0.0
calendar:day25:first,day25,first,UZS,9,2025-07…2025-12,BUY_NOW,20,25.0,6,6,0.16666666666666666,0.2,0.8333333333333333,,,0.5,0.5384615384615384,0.9285714285714286,54.532313600174085,31.661039927311496,22.87127367286259,,,,,,,30.460877667205143,14.63389077944207,0.2282608695652174,0.0,0.04721314364437764,32.0,0.0
calendar:day25:first,day25,first,UZS,10,2026-01…2026-06,BUY_NOW,20,25.0,6,6,0.3333333333333333,0.2564102564102564,1.3,,,0.6666666666666666,0.5470085470085471,1.2187499999999998,55.9222656240734,10.996849225985803,44.92541639808759,,,,,,,59.13789168433954,122.74416394071231,0.23204419889502761,0.0,0.09003513102423014,33.0,0.0
calendar:day25:all,day25,all,UZS,0,2021-01…2021-06,BUY_NOW,20,25.0,26,26,0.15384615384615385,0.13559322033898305,1.1346153846153846,,,0.4230769230769231,0.5169491525423728,0.8184110970996218,-24.393446672763467,-12.978020395404887,-11.41542627735858,,,,,,,-6.592921456692024,50.02771122127675,1.005524861878453,0.8,1.5378305175384404,27.0,0.0
calendar:day25:all,day25,all,UZS,1,2021-07…2021-12,BUY_NOW,20,25.0,27,27,0.2962962962962963,0.14728682170542637,2.0116959064327484,,,0.4444444444444444,0.5116279069767442,0.8686868686868686,31.813766108750677,10.345720517709584,21.468045591041093,,,,,,,21.408813589804296,-4.48778133146851,1.0271739130434783,0.8076923076923077,1.5720398045166741,27.0,0.0
calendar:day25:all,day25,all,UZS,2,2022-01…2022-06,BUY_NOW,20,25.0,26,26,0.11538461538461539,0.1111111111111111,1.0384615384615385,,,0.34615384615384615,0.41025641025641024,0.84375,-264.4882234969748,-133.26289884507412,-131.22532465190068,,,,,,,183.14707895139085,36.68409414079166,1.005524861878453,0.8,1.532712089469627,27.0,0.0
calendar:day25:all,day25,all,UZS,3,2022-07…2022-12,BUY_NOW,20,25.0,29,29,0.2413793103448276,0.25384615384615383,0.9508881922675027,,,0.5517241379310345,0.5307692307692308,1.039480259870065,139.84771108721338,116.21310466761958,23.63460641959381,,,,,,,22.926219977893403,83.74749783864115,1.1032608695652175,0.8214285714285714,1.6146744636674308,27.0,0.0
calendar:day25:all,day25,all,UZS,4,2023-01…2023-06,BUY_NOW,20,25.0,26,26,0.7307692307692307,0.5,1.4615384615384615,,,0.8461538461538461,0.8389830508474576,1.0085470085470085,276.48006056468245,230.9240759258275,45.55598463885494,,,,,,,60.86218578214644,147.99452962511216,1.005524861878453,0.8,1.5252968931473303,27.0,0.0
calendar:day25:all,day25,all,UZS,5,2023-07…2023-12,BUY_NOW,20,25.0,29,29,0.20689655172413793,0.13953488372093023,1.4827586206896552,,,0.5862068965517241,0.4728682170542636,1.2396834369700394,1.1865180038266399,-69.49233690529937,70.678854909126,,,,,,,69.83371848085488,124.17651433277662,1.1032608695652175,0.8214285714285714,1.6105123408406408,27.0,0.0
calendar:day25:all,day25,all,UZS,6,2024-01…2024-06,BUY_NOW,20,25.0,26,26,0.15384615384615385,0.15384615384615385,1.0,,,0.5769230769230769,0.5128205128205128,1.125,2.8193443955728443,-20.683669886704273,23.503014282277118,,,,,,,30.389733714433508,9.755956010386765,1.0,0.8,1.5243948260863445,30.0,0.0
calendar:day25:all,day25,all,UZS,7,2024-07…2024-12,BUY_NOW,20,25.0,28,28,0.35714285714285715,0.31297709923664124,1.141114982578397,,,0.6071428571428571,0.6641221374045801,0.9142036124794745,54.45487947167146,93.66515844300025,-39.21027897132879,,,,,,,-34.6313171217428,-7.815056742910441,1.065217391304348,0.8148148148148148,1.593293502049597,26.0,0.0
calendar:day25:all,day25,all,UZS,8,2025-01…2025-06,BUY_NOW,20,25.0,27,27,0.037037037037037035,0.042735042735042736,0.8666666666666666,,,0.25925925925925924,0.24786324786324787,1.0459770114942528,-148.04320251343339,-198.85952062411175,50.81631811067837,,,,,,,49.18918732659055,35.9744413379601,1.0441988950276242,0.8076923076923077,1.5473302069147261,26.0,0.0
calendar:day25:all,day25,all,UZS,9,2025-07…2025-12,BUY_NOW,20,25.0,27,27,0.07407407407407407,0.2,0.37037037037037035,,,0.4444444444444444,0.5384615384615384,0.8253968253968254,5.20276192735055,31.661039927311496,-26.458277999960945,,,,,,,-26.63572786511345,-6.139988708118769,1.0271739130434783,0.8076923076923077,1.5747222041650903,27.0,0.0
calendar:day25:all,day25,all,UZS,10,2026-01…2026-06,BUY_NOW,20,25.0,26,26,0.19230769230769232,0.2564102564102564,0.7500000000000001,,,0.5769230769230769,0.5470085470085471,1.0546874999999998,-14.431223320168083,10.996849225985803,-25.428072546153885,,,,,,,6.827822331880598,41.246527149130245,1.005524861878453,0.8,1.5346942949179436,27.0,0.0
calendar:day20-25:first,day20-25,first,KGS,0,2021-01…2021-06,BUY_NOW,20,25.0,6,6,0.3333333333333333,0.1440677966101695,2.313725490196078,,,0.6666666666666666,0.5,1.3333333333333333,27.738363706172517,-8.151508733265231,35.88987243943775,,,,,,,49.27812823884326,44.69614017430495,0.23204419889502761,0.0,0.07887415926831029,32.0,0.0
calendar:day20-25:first,day20-25,first,KGS,1,2021-07…2021-12,BUY_NOW,20,25.0,6,6,0.16666666666666666,0.16279069767441862,1.0238095238095237,,,0.5,0.5348837209302325,0.9347826086956522,-32.005023764782315,25.66914672872073,-57.67417049350304,,,,,,,-50.917387967619106,-50.71533564484698,0.2282608695652174,0.0,0.047654387977502655,33.0,0.0
calendar:day20-25:first,day20-25,first,KGS,2,2022-01…2022-06,BUY_NOW,20,25.0,6,6,0.16666666666666666,0.10256410256410256,1.625,,,0.5,0.39316239316239315,1.2717391304347827,-1.5832128963777212,-134.33666686632213,132.75345396994442,,,,,,,191.78654152238923,254.93454512069843,0.23204419889502761,0.0,0.08944271909999159,32.0,0.0
calendar:day20-25:first,day20-25,first,KGS,3,2022-07…2022-12,BUY_NOW,20,25.0,6,6,0.16666666666666666,0.2846153846153846,0.5855855855855856,,,0.8333333333333334,0.5769230769230769,1.4444444444444446,114.21143220766055,92.68431984896502,21.527112358695533,,,,,,,1.598897038051869,86.85902737556539,0.2282608695652174,0.0,0.037037037037037035,33.0,0.0
calendar:day20-25:first,day20-25,first,KGS,4,2023-01…2023-06,BUY_NOW,20,25.0,6,6,0.5,0.5508474576271186,0.9076923076923077,,,0.8333333333333334,0.8389830508474576,0.9932659932659933,212.70724569534218,231.7318649254994,-19.024619230157214,,,,,,,23.344222808540092,44.296356753542035,0.23204419889502761,0.0,0.1,32.0,0.0
calendar:day20-25:first,day20-25,first,KGS,5,2023-07…2023-12,BUY_NOW,20,25.0,6,6,0.16666666666666666,0.20155038759689922,0.8269230769230769,,,0.6666666666666666,0.5271317829457365,1.264705882352941,48.45908262052501,-26.704775666556326,75.16385828708134,,,,,,,64.18166546276545,-5.159881831259447,0.2282608695652174,0.0,0.037037037037037035,32.0,0.0
calendar:day20-25:first,day20-25,first,KGS,6,2024-01…2024-06,BUY_NOW,20,25.0,6,6,0.3333333333333333,0.23931623931623933,1.3928571428571428,,,0.5,0.5726495726495726,0.873134328358209,59.90968403153051,31.12319280205631,28.7864912294742,,,,,,,54.14333851675261,-35.32020305611153,0.23076923076923078,0.0,0.12286805590089957,33.0,0.0
calendar:day20-25:first,day20-25,first,KGS,7,2024-07…2024-12,BUY_NOW,20,25.0,6,6,0.3333333333333333,0.3282442748091603,1.0155038759689923,,,0.6666666666666666,0.7557251908396947,0.882154882154882,81.13040723515633,99.54663906237663,-18.4162318272203,,,,,,,-16.264544668942452,123.61915295045135,0.2282608695652174,0.0,0.03432713198875175,31.0,0.0
calendar:day20-25:first,day20-25,first,KGS,8,2025-01…2025-06,BUY_NOW,20,25.0,6,6,0.0,0.02564102564102564,0.0,,,0.3333333333333333,0.15384615384615385,2.1666666666666665,-166.36916768459707,-221.43511533665657,55.06594765205949,,,,,,,55.917780076257436,-105.13099799308627,0.23204419889502761,0.0,0.0999575741843398,32.0,0.0
calendar:day20-25:first,day20-25,first,KGS,9,2025-07…2025-12,BUY_NOW,20,25.0,6,6,0.16666666666666666,0.2076923076923077,0.802469135802469,,,0.3333333333333333,0.5230769230769231,0.6372549019607843,-69.06219659984299,-6.366992636140395,-62.695203963702596,,,,,,,-55.282405671445154,-122.00378521255402,0.2282608695652174,0.0,0.044944765922627125,33.0,0.0
calendar:day20-25:first,day20-25,first,KGS,10,2026-01…2026-06,BUY_NOW,20,25.0,6,6,0.3333333333333333,0.23931623931623933,1.3928571428571428,,,0.5,0.5384615384615384,0.9285714285714286,18.260220329577106,5.753419433060342,12.506800896516763,,,,,,,32.2320675509169,5.163293209078006,0.23204419889502761,0.0,0.08271466602925602,33.0,0.0
calendar:day20-25:all,day20-25,all,KGS,0,2021-01…2021-06,BUY_NOW,20,25.0,24,24,0.25,0.1440677966101695,1.7352941176470589,,,0.6666666666666666,0.5,1.3333333333333333,9.463808885367962,-8.151508733265231,17.615317618633192,,,,,,,24.664534016664476,20.376013011011214,0.9281767955801105,0.782608695652174,1.4954439206706251,27.0,0.0
calendar:day20-25:all,day20-25,all,KGS,1,2021-07…2021-12,BUY_NOW,20,25.0,26,26,0.11538461538461539,0.16279069767441862,0.7087912087912088,,,0.38461538461538464,0.5348837209302325,0.7190635451505017,4.576932588867307,25.66914672872073,-21.09221413985342,,,,,,,-17.097925037196603,-29.182240415043076,0.9891304347826088,0.8,1.5526890466890464,28.0,0.0
calendar:day20-25:all,day20-25,all,KGS,2,2022-01…2022-06,BUY_NOW,20,25.0,26,26,0.07692307692307693,0.10256410256410256,0.7500000000000001,,,0.5384615384615384,0.39316239316239315,1.3695652173913042,-33.22974406677405,-134.33666686632213,101.10692279954807,,,,,,,199.69884435504855,59.66697680491408,1.005524861878453,0.8,1.5289368623308428,27.0,0.0
calendar:day20-25:all,day20-25,all,KGS,3,2022-07…2022-12,BUY_NOW,20,25.0,25,25,0.28,0.2846153846153846,0.983783783783784,,,0.64,0.5769230769230769,1.1093333333333335,93.73745173759693,92.68431984896502,1.0531318886319099,,,,,,,-16.810172726413867,50.556788844220925,0.9510869565217391,0.7916666666666666,1.5311870306765603,28.0,0.0
calendar:day20-25:all,day20-25,all,KGS,4,2023-01…2023-06,BUY_NOW,20,25.0,24,24,0.5833333333333334,0.5508474576271186,1.058974358974359,,,0.8333333333333334,0.8389830508474576,0.9932659932659933,257.2095171732133,231.7318649254994,25.477652247713934,,,,,,,62.616719999303804,84.58331573307692,0.9281767955801105,0.782608695652174,1.4810201485983387,27.0,0.0
calendar:day20-25:all,day20-25,all,KGS,5,2023-07…2023-12,BUY_NOW,20,25.0,26,26,0.38461538461538464,0.20155038759689922,1.9082840236686391,,,0.6923076923076923,0.5271317829457365,1.3133484162895925,76.82562309375466,-26.704775666556326,103.53039876031099,,,,,,,95.58964485072018,34.11801648946103,0.9891304347826088,0.8,1.5513816949873813,27.0,0.0
calendar:day20-25:all,day20-25,all,KGS,6,2024-01…2024-06,BUY_NOW,20,25.0,24,24,0.25,0.23931623931623933,1.0446428571428572,,,0.5,0.5726495726495726,0.873134328358209,32.474669307170494,31.12319280205631,1.351476505114185,,,,,,,30.88205880885644,-23.557774832527837,0.9230769230769231,0.782608695652174,1.4969149734937595,28.0,0.0
calendar:day20-25:all,day20-25,all,KGS,7,2024-07…2024-12,BUY_NOW,20,25.0,25,25,0.2,0.3282442748091603,0.6093023255813954,,,0.84,0.7557251908396947,1.1115151515151513,84.97650473536392,99.54663906237663,-14.57013432701271,,,,,,,-8.233677982446206,135.38856222663347,0.9510869565217391,0.7916666666666666,1.533636468113135,28.0,0.0
calendar:day20-25:all,day20-25,all,KGS,8,2025-01…2025-06,BUY_NOW,20,25.0,26,26,0.0,0.02564102564102564,0.0,,,0.19230769230769232,0.15384615384615385,1.25,-159.5975408052713,-221.43511533665657,61.83757453138526,,,,,,,65.63546959228724,-49.55636581057764,1.005524861878453,0.8,1.5462491508338019,28.0,0.0
calendar:day20-25:all,day20-25,all,KGS,9,2025-07…2025-12,BUY_NOW,20,25.0,26,26,0.19230769230769232,0.2076923076923077,0.9259259259259259,,,0.34615384615384615,0.5230769230769231,0.6617647058823529,-28.392383750609444,-6.366992636140395,-22.02539111446905,,,,,,,-17.898970201513947,-43.92556329452585,0.9891304347826088,0.8,1.556903241721088,28.0,0.0
calendar:day20-25:all,day20-25,all,KGS,10,2026-01…2026-06,BUY_NOW,20,25.0,24,24,0.3333333333333333,0.23931623931623933,1.3928571428571428,,,0.5416666666666666,0.5384615384615384,1.005952380952381,34.26501883698049,5.753419433060342,28.511599403920144,,,,,,,67.15744977706713,58.11827639170043,0.9281767955801105,0.782608695652174,1.4981282175337478,28.0,0.0
calendar:day20-28:all,day20-28,all,KGS,0,2021-01…2021-06,BUY_NOW,20,25.0,36,36,0.19444444444444445,0.1440677966101695,1.349673202614379,,,0.5,0.5,1.0,-21.91599971119365,-8.151508733265231,-13.764490977928418,,,,,,,5.309067881579441,7.146409979435311,1.3922651933701657,0.8571428571428571,1.6621853333201226,25.0,0.0
calendar:day20-28:all,day20-28,all,KGS,1,2021-07…2021-12,BUY_NOW,20,25.0,39,39,0.20512820512820512,0.16279069767441862,1.26007326007326,,,0.38461538461538464,0.5348837209302325,0.7190635451505017,24.72021125627927,25.66914672872073,-0.9489354724414589,,,,,,,3.192491069207987,-19.71662936586282,1.483695652173913,0.868421052631579,1.706863783908622,25.0,0.0
calendar:day20-28:all,day20-28,all,KGS,2,2022-01…2022-06,BUY_NOW,20,25.0,38,38,0.05263157894736842,0.10256410256410256,0.5131578947368421,,,0.4473684210526316,0.39316239316239315,1.1378718535469108,-135.29517587665893,-134.33666686632213,-0.9585090103367975,,,,,,,109.77486043647531,-1.0691437284724603,1.4696132596685083,0.8648648648648649,1.6615026204120686,24.0,0.0
calendar:day20-28:all,day20-28,all,KGS,3,2022-07…2022-12,BUY_NOW,20,25.0,39,39,0.2564102564102564,0.2846153846153846,0.9009009009009009,,,0.6153846153846154,0.5769230769230769,1.0666666666666669,81.59976228699954,92.68431984896502,-11.084557561965482,,,,,,,-21.45967429006438,39.26952637450662,1.483695652173913,0.868421052631579,1.7150861400630166,25.0,0.0
calendar:day20-28:all,day20-28,all,KGS,4,2023-01…2023-06,BUY_NOW,20,25.0,37,37,0.6216216216216216,0.5508474576271186,1.1284823284823284,,,0.8108108108108109,0.8389830508474576,0.9664209664209665,256.2717779733234,231.7318649254994,24.53991304782403,,,,,,,60.78031203118733,88.04712911312991,1.430939226519337,0.8611111111111112,1.6579098302802773,25.0,0.0
calendar:day20-28:all,day20-28,all,KGS,5,2023-07…2023-12,BUY_NOW,20,25.0,40,40,0.325,0.20155038759689922,1.6125,,,0.675,0.5271317829457365,1.280514705882353,69.56288982302598,-26.704775666556326,96.26766548958231,,,,,,,86.97134612390786,62.239838595876755,1.5217391304347827,0.8717948717948718,1.7173279078617922,24.0,0.0
calendar:day20-28:all,day20-28,all,KGS,6,2024-01…2024-06,BUY_NOW,20,25.0,38,38,0.23684210526315788,0.23931623931623933,0.9896616541353382,,,0.5789473684210527,0.5726495726495726,1.0109976433621368,49.948401964394385,31.12319280205631,18.825209162338076,,,,,,,40.993430124534456,4.783549257560796,1.4615384615384615,0.8648648648648649,1.6802168483635305,25.0,0.0
calendar:day20-28:all,day20-28,all,KGS,7,2024-07…2024-12,BUY_NOW,20,25.0,38,38,0.21052631578947367,0.3282442748091603,0.6413708690330477,,,0.7631578947368421,0.7557251908396947,1.0098351940457204,41.150209683965805,99.54663906237663,-58.39642937841082,,,,,,,-48.08946297053551,80.63606701413141,1.4456521739130435,0.8648648648648649,1.716857374348939,25.0,0.0
calendar:day20-28:all,day20-28,all,KGS,8,2025-01…2025-06,BUY_NOW,20,25.0,40,40,0.0,0.02564102564102564,0.0,,,0.2,0.15384615384615385,1.3,-150.3577890386639,-221.43511533665657,71.07732629799267,,,,,,,72.34711928710138,-12.836225439129075,1.5469613259668509,0.8717948717948718,1.680804236268589,24.0,0.0
calendar:day20-28:all,day20-28,all,KGS,9,2025-07…2025-12,BUY_NOW,20,25.0,37,37,0.21621621621621623,0.2076923076923077,1.0410410410410411,,,0.4864864864864865,0.5230769230769231,0.9300476947535771,3.5252460092778635,-6.366992636140395,9.892238645418258,,,,,,,12.738337322661975,-32.05861410866008,1.407608695652174,0.8611111111111112,1.6977086731299282,25.0,0.0
calendar:day20-28:all,day20-28,all,KGS,10,2026-01…2026-06,BUY_NOW,20,25.0,37,37,0.2972972972972973,0.23931623931623933,1.2422779922779923,,,0.5945945945945946,0.5384615384615384,1.1042471042471043,32.02734253616889,5.753419433060342,26.273923103108544,,,,,,,64.84394975749733,73.04310910071362,1.430939226519337,0.8611111111111112,1.6666666666666667,25.0,0.0
calendar:day25:first,day25,first,KGS,0,2021-01…2021-06,BUY_NOW,20,25.0,6,6,0.16666666666666666,0.1440677966101695,1.156862745098039,,,0.6666666666666666,0.5,1.3333333333333333,22.6030156418137,-8.151508733265231,30.75452437507893,,,,,,,36.68609644221905,48.02272907997173,0.23204419889502761,0.0,0.07065835796489936,32.0,0.0
calendar:day25:first,day25,first,KGS,1,2021-07…2021-12,BUY_NOW,20,25.0,6,6,0.16666666666666666,0.16279069767441862,1.0238095238095237,,,0.3333333333333333,0.5348837209302325,0.6231884057971014,36.733516844635325,25.66914672872073,11.064370115914596,,,,,,,8.78404688279044,4.993901546479502,0.2282608695652174,0.0,0.04721314364437764,33.0,0.0
calendar:day25:first,day25,first,KGS,2,2022-01…2022-06,BUY_NOW,20,25.0,6,6,0.0,0.10256410256410256,0.0,,,0.5,0.39316239316239315,1.2717391304347827,54.71751357611521,-134.33666686632213,189.05418044243734,,,,,,,270.04658324052076,299.35634080492196,0.23204419889502761,0.0,0.07964743533956825,33.0,0.0
calendar:day25:first,day25,first,KGS,3,2022-07…2022-12,BUY_NOW,20,25.0,6,6,0.3333333333333333,0.2846153846153846,1.1711711711711712,,,0.8333333333333334,0.5769230769230769,1.4444444444444446,180.2672091682367,92.68431984896502,87.58288931927167,,,,,,,70.88629848674421,153.44571336288934,0.2282608695652174,0.0,0.03432713198875175,32.0,0.0
calendar:day25:first,day25,first,KGS,4,2023-01…2023-06,BUY_NOW,20,25.0,6,6,0.6666666666666666,0.5508474576271186,1.2102564102564102,,,0.8333333333333334,0.8389830508474576,0.9932659932659933,261.8623995357411,231.7318649254994,30.130534610241682,,,,,,,62.80588335437562,124.65251338781253,0.23204419889502761,0.0,0.04850474738184512,33.0,0.0
calendar:day25:first,day25,first,KGS,5,2023-07…2023-12,BUY_NOW,20,25.0,6,6,0.3333333333333333,0.20155038759689922,1.6538461538461537,,,0.6666666666666666,0.5271317829457365,1.264705882352941,77.90874023386593,-26.704775666556326,104.61351590042226,,,,,,,97.93781050938405,101.01392985772009,0.2282608695652174,0.0,0.04721314364437763,33.0,0.0
calendar:day25:first,day25,first,KGS,6,2024-01…2024-06,BUY_NOW,20,25.0,6,6,0.16666666666666666,0.23931623931623933,0.6964285714285714,,,0.6666666666666666,0.5726495726495726,1.164179104477612,50.54030407681154,31.12319280205631,19.41711127475523,,,,,,,38.64906887886747,27.716344396560753,0.23076923076923078,0.0,0.08517153729745175,32.0,0.0
calendar:day25:first,day25,first,KGS,7,2024-07…2024-12,BUY_NOW,20,25.0,6,6,0.3333333333333333,0.3282442748091603,1.0155038759689923,,,1.0,0.7557251908396947,1.323232323232323,106.72256188302997,99.54663906237663,7.175922820653341,,,,,,,15.969736762722997,127.92494633206123,0.2282608695652174,0.0,0.018348623853211007,32.0,0.0
calendar:day25:first,day25,first,KGS,8,2025-01…2025-06,BUY_NOW,20,25.0,6,6,0.0,0.02564102564102564,0.0,,,0.3333333333333333,0.15384615384615385,2.1666666666666665,-125.10484250472298,-221.43511533665657,96.33027283193358,,,,,,,100.14239393447052,68.5575252351835,0.23204419889502761,0.0,0.0959936605428976,31.0,0.0
calendar:day25:first,day25,first,KGS,9,2025-07…2025-12,BUY_NOW,20,25.0,6,6,0.16666666666666666,0.2076923076923077,0.802469135802469,,,0.5,0.5230769230769231,0.9558823529411764,11.656500368055395,-6.366992636140395,18.023493004195792,,,,,,,24.99303928554316,-14.861110201050787,0.2282608695652174,0.0,0.04721314364437764,32.0,0.0
calendar:day25:first,day25,first,KGS,10,2026-01…2026-06,BUY_NOW,20,25.0,6,6,0.3333333333333333,0.23931623931623933,1.3928571428571428,,,0.6666666666666666,0.5384615384615384,1.2380952380952381,71.79992053779857,5.753419433060342,66.04650110473823,,,,,,,75.57003541350119,112.14041368468246,0.23204419889502761,0.0,0.09003513102423014,33.0,0.0
calendar:day25:all,day25,all,KGS,0,2021-01…2021-06,BUY_NOW,20,25.0,26,26,0.15384615384615385,0.1440677966101695,1.0678733031674208,,,0.46153846153846156,0.5,0.9230769230769231,-27.22624570808096,-8.151508733265231,-19.07473697481573,,,,,,,-11.797453169865706,11.535806700244162,1.005524861878453,0.8,1.5378305175384404,27.0,0.0
calendar:day25:all,day25,all,KGS,1,2021-07…2021-12,BUY_NOW,20,25.0,27,27,0.2962962962962963,0.16279069767441862,1.8201058201058198,,,0.4074074074074074,0.5348837209302325,0.7616747181964574,45.955426398865306,25.66914672872073,20.286279670144577,,,,,,,20.822660051595406,-2.133713188674871,1.0271739130434783,0.8076923076923077,1.5720398045166741,27.0,0.0
calendar:day25:all,day25,all,KGS,2,2022-01…2022-06,BUY_NOW,20,25.0,26,26,0.07692307692307693,0.10256410256410256,0.7500000000000001,,,0.4230769230769231,0.39316239316239315,1.0760869565217392,-118.34463046375537,-134.33666686632213,15.992036402566768,,,,,,,202.32162389049523,139.3943881381408,1.005524861878453,0.8,1.532712089469627,27.0,0.0
calendar:day25:all,day25,all,KGS,3,2022-07…2022-12,BUY_NOW,20,25.0,29,29,0.2413793103448276,0.2846153846153846,0.8480894687791241,,,0.5517241379310345,0.5769230769230769,0.9563218390804599,92.57292805554486,92.68431984896502,-0.11139179342015382,,,,,,,0.9213380377138496,56.107619061617655,1.1032608695652175,0.8214285714285714,1.6146744636674308,27.0,0.0
calendar:day25:all,day25,all,KGS,4,2023-01…2023-06,BUY_NOW,20,25.0,26,26,0.7692307692307693,0.5508474576271186,1.396449704142012,,,0.8461538461538461,0.8389830508474576,1.0085470085470085,286.53483104974964,231.7318649254994,54.80296612425025,,,,,,,67.76927375251337,155.67874513808835,1.005524861878453,0.8,1.5252968931473303,27.0,0.0
calendar:day25:all,day25,all,KGS,5,2023-07…2023-12,BUY_NOW,20,25.0,29,29,0.2413793103448276,0.20155038759689922,1.1976127320954908,,,0.6206896551724138,0.5271317829457365,1.1774847870182554,49.314201988776304,-26.704775666556326,76.01897765533263,,,,,,,76.20969090650718,135.6969159712364,1.1032608695652175,0.8214285714285714,1.6105123408406408,27.0,0.0
calendar:day25:all,day25,all,KGS,6,2024-01…2024-06,BUY_NOW,20,25.0,26,26,0.2692307692307692,0.23931623931623933,1.125,,,0.6923076923076923,0.5726495726495726,1.208955223880597,72.6225459297263,31.12319280205631,41.49935312766999,,,,,,,49.253379420828225,47.22172919333719,1.0,0.8,1.5243948260863445,30.0,0.0
calendar:day25:all,day25,all,KGS,7,2024-07…2024-12,BUY_NOW,20,25.0,28,28,0.2857142857142857,0.3282442748091603,0.8704318936877076,,,0.7857142857142857,0.7557251908396947,1.0396825396825395,36.195832123456675,99.54663906237663,-63.35080693891995,,,,,,,-56.30522880171882,-17.11408751899469,1.065217391304348,0.8148148148148148,1.593293502049597,26.0,0.0
calendar:day25:all,day25,all,KGS,8,2025-01…2025-06,BUY_NOW,20,25.0,27,27,0.037037037037037035,0.02564102564102564,1.4444444444444444,,,0.2962962962962963,0.15384615384615385,1.9259259259259258,-165.2758470376755,-221.43511533665657,56.15926829898106,,,,,,,55.23061173821353,30.317961927460274,1.0441988950276242,0.8076923076923077,1.5473302069147261,26.0,0.0
calendar:day25:all,day25,all,KGS,9,2025-07…2025-12,BUY_NOW,20,25.0,27,27,0.14814814814814814,0.2076923076923077,0.7133058984910836,,,0.5555555555555556,0.5230769230769231,1.0620915032679739,-1.2107306491765983,-6.366992636140395,5.156261986963797,,,,,,,4.843573612873511,-17.940299880793027,1.0271739130434783,0.8076923076923077,1.5747222041650903,27.0,0.0
calendar:day25:all,day25,all,KGS,10,2026-01…2026-06,BUY_NOW,20,25.0,26,26,0.2692307692307692,0.23931623931623933,1.125,,,0.6153846153846154,0.5384615384615384,1.142857142857143,-6.695362035681591,5.753419433060342,-12.448781468741934,,,,,,,13.148820367634944,53.530781826179755,1.005524861878453,0.8,1.5346942949179436,27.0,0.0
calendar:day20-25:first,day20-25,first,AMD,0,2021-01…2021-06,BUY_NOW,20,25.0,6,6,0.3333333333333333,0.1864406779661017,1.7878787878787878,,,0.5,0.5508474576271186,0.9076923076923077,87.23913475200129,43.40759409925216,43.83154065274913,,,,,,,54.552298650176375,92.71552389603293,0.23204419889502761,0.0,0.07887415926831029,32.0,0.0
calendar:day20-25:first,day20-25,first,AMD,1,2021-07…2021-12,BUY_NOW,20,25.0,6,6,0.0,0.13953488372093023,0.0,,,0.5,0.6589147286821705,0.7588235294117648,-11.146553844571892,51.49644441112181,-62.6429982556937,,,,,,,-55.48704549187247,-55.14501630782801,0.2282608695652174,0.0,0.047654387977502655,33.0,0.0
calendar:day20-25:first,day20-25,first,AMD,2,2022-01…2022-06,BUY_NOW,20,25.0,6,6,0.16666666666666666,0.10256410256410256,1.625,,,0.6666666666666666,0.42735042735042733,1.56,195.94708075726828,-7.685668238494408,203.63274899576268,,,,,,,230.98006576627435,324.72644346354343,0.23204419889502761,0.0,0.08944271909999159,32.0,0.0
calendar:day20-25:first,day20-25,first,AMD,3,2022-07…2022-12,BUY_NOW,20,25.0,6,6,0.16666666666666666,0.26153846153846155,0.6372549019607843,,,1.0,0.6692307692307692,1.4942528735632186,314.86164548975944,176.90563882369997,137.95600666605947,,,,,,,120.53045704693382,242.85872162755652,0.2282608695652174,0.0,0.037037037037037035,33.0,0.0
calendar:day20-25:first,day20-25,first,AMD,4,2023-01…2023-06,BUY_NOW,20,25.0,6,6,0.5,0.559322033898305,0.893939393939394,,,0.8333333333333334,0.8389830508474576,0.9932659932659933,251.09188604323262,274.3772909876495,-23.285404944416854,,,,,,,23.205060777550433,69.78245588105152,0.23204419889502761,0.0,0.1,32.0,0.0
calendar:day20-25:first,day20-25,first,AMD,5,2023-07…2023-12,BUY_NOW,20,25.0,6,6,0.16666666666666666,0.17829457364341086,0.9347826086956521,,,0.5,0.4263565891472868,1.1727272727272728,-3.58822364036264,-49.59380850488834,46.005584864525694,,,,,,,34.8021354803633,-25.18175832041909,0.2282608695652174,0.0,0.037037037037037035,32.0,0.0
calendar:day20-25:first,day20-25,first,AMD,6,2024-01…2024-06,BUY_NOW,20,25.0,6,6,0.16666666666666666,0.2564102564102564,0.65,,,0.5,0.5641025641025641,0.8863636363636364,71.44186802332271,32.11626266314577,39.325605360176944,,,,,,,59.05521359358733,-9.00638147169582,0.23076923076923078,0.0,0.12286805590089957,33.0,0.0
calendar:day20-25:first,day20-25,first,AMD,7,2024-07…2024-12,BUY_NOW,20,25.0,6,6,0.16666666666666666,0.31297709923664124,0.532520325203252,,,0.6666666666666666,0.6946564885496184,0.9597069597069596,62.68844417312218,96.36585439104611,-33.677410217923935,,,,,,,-29.94140915589379,97.69058614936375,0.2282608695652174,0.0,0.03432713198875175,31.0,0.0
calendar:day20-25:first,day20-25,first,AMD,8,2025-01…2025-06,BUY_NOW,20,25.0,6,6,0.16666666666666666,0.05128205128205128,3.25,,,0.5,0.20512820512820512,2.4375,-105.32314752425368,-189.98254467009855,84.65939714584486,,,,,,,87.71314690984578,-58.90044251308105,0.23204419889502761,0.0,0.0999575741843398,32.0,0.0
calendar:day20-25:first,day20-25,first,AMD,9,2025-07…2025-12,BUY_NOW,20,25.0,6,6,0.16666666666666666,0.23076923076923078,0.7222222222222221,,,0.3333333333333333,0.5461538461538461,0.6103286384976526,-56.13360219820618,3.4633601708443584,-59.59696236905054,,,,,,,-51.88626537960372,-117.11417853550363,0.2282608695652174,0.0,0.044944765922627125,33.0,0.0
calendar:day20-25:first,day20-25,first,AMD,10,2026-01…2026-06,BUY_NOW,20,25.0,6,6,0.3333333333333333,0.24786324786324787,1.3448275862068964,,,0.5,0.5641025641025641,0.8863636363636364,37.88401104108238,34.533119178883084,3.3508918621992976,,,,,,,20.83331134321797,12.32461592879225,0.23204419889502761,0.0,0.08271466602925602,33.0,0.0
calendar:day20-25:all,day20-25,all,AMD,0,2021-01…2021-06,BUY_NOW,20,25.0,24,24,0.25,0.1864406779661017,1.3409090909090908,,,0.5833333333333334,0.5508474576271186,1.058974358974359,82.22069288703587,43.40759409925216,38.81309878778371,,,,,,,29.01014798975231,89.04308088692392,0.9281767955801105,0.782608695652174,1.4954439206706251,27.0,0.0
calendar:day20-25:all,day20-25,all,AMD,1,2021-07…2021-12,BUY_NOW,20,25.0,26,26,0.11538461538461539,0.13953488372093023,0.826923076923077,,,0.46153846153846156,0.6589147286821705,0.7004524886877829,26.668642805051654,51.49644441112181,-24.827801606070153,,,,,,,-24.193986046708655,-21.114146510894987,0.9891304347826088,0.8,1.5526890466890464,28.0,0.0
calendar:day20-25:all,day20-25,all,AMD,2,2022-01…2022-06,BUY_NOW,20,25.0,26,26,0.15384615384615385,0.10256410256410256,1.5000000000000002,,,0.5384615384615384,0.42735042735042733,1.26,121.8681042504026,-7.685668238494408,129.553772488897,,,,,,,214.50384592738845,208.33372563108742,1.005524861878453,0.8,1.5289368623308428,27.0,0.0
calendar:day20-25:all,day20-25,all,AMD,3,2022-07…2022-12,BUY_NOW,20,25.0,25,25,0.32,0.26153846153846155,1.2235294117647058,,,0.92,0.6692307692307692,1.3747126436781612,277.29634613256695,176.90563882369997,100.39070730886698,,,,,,,83.89037008637301,207.08335678474447,0.9510869565217391,0.7916666666666666,1.5311870306765603,28.0,0.0
calendar:day20-25:all,day20-25,all,AMD,4,2023-01…2023-06,BUY_NOW,20,25.0,24,24,0.5833333333333334,0.559322033898305,1.042929292929293,,,0.8333333333333334,0.8389830508474576,0.9932659932659933,289.09437841856925,274.3772909876495,14.717087430919776,,,,,,,61.06730376585582,98.28632393338324,0.9281767955801105,0.782608695652174,1.4810201485983387,27.0,0.0
calendar:day20-25:all,day20-25,all,AMD,5,2023-07…2023-12,BUY_NOW,20,25.0,26,26,0.34615384615384615,0.17829457364341086,1.9414715719063544,,,0.5384615384615384,0.4263565891472868,1.2629370629370629,34.91534356405177,-49.59380850488834,84.5091520689401,,,,,,,74.47377594196806,10.153887843991846,0.9891304347826088,0.8,1.5513816949873813,27.0,0.0
calendar:day20-25:all,day20-25,all,AMD,6,2024-01…2024-06,BUY_NOW,20,25.0,24,24,0.2916666666666667,0.2564102564102564,1.1375000000000002,,,0.4583333333333333,0.5641025641025641,0.8125,28.52385679732565,32.11626266314577,-3.592405865820119,,,,,,,25.929040919793753,-6.908483014403534,0.9230769230769231,0.782608695652174,1.4969149734937595,28.0,0.0
calendar:day20-25:all,day20-25,all,AMD,7,2024-07…2024-12,BUY_NOW,20,25.0,25,25,0.24,0.31297709923664124,0.7668292682926828,,,0.72,0.6946564885496184,1.0364835164835164,82.44427243955153,96.36585439104611,-13.921581951494588,,,,,,,-10.103906468496993,108.62616559771733,0.9510869565217391,0.7916666666666666,1.533636468113135,28.0,0.0
calendar:day20-25:all,day20-25,all,AMD,8,2025-01…2025-06,BUY_NOW,20,25.0,26,26,0.15384615384615385,0.05128205128205128,3.0000000000000004,,,0.34615384615384615,0.20512820512820512,1.6875,-108.54643838476487,-189.98254467009855,81.43610628533368,,,,,,,85.05793288310923,-18.783324564119376,1.005524861878453,0.8,1.5462491508338019,28.0,0.0
calendar:day20-25:all,day20-25,all,AMD,9,2025-07…2025-12,BUY_NOW,20,25.0,26,26,0.23076923076923078,0.23076923076923078,1.0,,,0.34615384615384615,0.5461538461538461,0.6338028169014085,-16.02759142583676,3.4633601708443584,-19.490951596681118,,,,,,,-15.015786314367439,-39.82984532944665,0.9891304347826088,0.8,1.556903241721088,28.0,0.0
calendar:day20-25:all,day20-25,all,AMD,10,2026-01…2026-06,BUY_NOW,20,25.0,24,24,0.375,0.24786324786324787,1.5129310344827587,,,0.5833333333333334,0.5641025641025641,1.0340909090909092,60.59786183780502,34.533119178883084,26.064742658921936,,,,,,,59.461736703071836,64.9091316534639,0.9281767955801105,0.782608695652174,1.4981282175337478,28.0,0.0
calendar:day20-28:all,day20-28,all,AMD,0,2021-01…2021-06,BUY_NOW,20,25.0,36,36,0.19444444444444445,0.1864406779661017,1.042929292929293,,,0.4722222222222222,0.5508474576271186,0.8572649572649573,34.01493426909578,43.40759409925216,-9.392659830156376,,,,,,,-0.10414733947475499,68.0491588291361,1.3922651933701657,0.8571428571428571,1.6621853333201226,25.0,0.0
calendar:day20-28:all,day20-28,all,AMD,1,2021-07…2021-12,BUY_NOW,20,25.0,39,39,0.20512820512820512,0.13953488372093023,1.47008547008547,,,0.46153846153846156,0.6589147286821705,0.7004524886877829,49.302516826505276,51.49644441112181,-2.1939275846165316,,,,,,,-5.545707654092064,-11.570537343832006,1.483695652173913,0.868421052631579,1.706863783908622,25.0,0.0
calendar:day20-28:all,day20-28,all,AMD,2,2022-01…2022-06,BUY_NOW,20,25.0,38,38,0.10526315789473684,0.10256410256410256,1.0263157894736843,,,0.47368421052631576,0.42735042735042733,1.108421052631579,-11.811110065483547,-7.685668238494408,-4.125441826989139,,,,,,,105.98549167496162,76.84518786774628,1.4696132596685083,0.8648648648648649,1.6615026204120686,24.0,0.0
calendar:day20-28:all,day20-28,all,AMD,3,2022-07…2022-12,BUY_NOW,20,25.0,39,39,0.2564102564102564,0.26153846153846155,0.980392156862745,,,0.8205128205128205,0.6692307692307692,1.2260536398467434,237.63480725439558,176.90563882369997,60.72916843069561,,,,,,,42.02025383375607,163.21866766958968,1.483695652173913,0.868421052631579,1.7150861400630166,25.0,0.0
calendar:day20-28:all,day20-28,all,AMD,4,2023-01…2023-06,BUY_NOW,20,25.0,37,37,0.6216216216216216,0.559322033898305,1.1113841113841114,,,0.8108108108108109,0.8389830508474576,0.9664209664209665,288.9967488825741,274.3772909876495,14.619457894924608,,,,,,,58.478054308290545,97.29379556176094,1.430939226519337,0.8611111111111112,1.6579098302802773,25.0,0.0
calendar:day20-28:all,day20-28,all,AMD,5,2023-07…2023-12,BUY_NOW,20,25.0,40,40,0.35,0.17829457364341086,1.9630434782608692,,,0.5,0.4263565891472868,1.1727272727272728,23.574239701850992,-49.59380850488834,73.16804820673933,,,,,,,66.01363585907188,-5.387731520136111,1.5217391304347827,0.8717948717948718,1.7173279078617922,24.0,0.0
calendar:day20-28:all,day20-28,all,AMD,6,2024-01…2024-06,BUY_NOW,20,25.0,38,38,0.2631578947368421,0.2564102564102564,1.0263157894736843,,,0.5263157894736842,0.5641025641025641,0.9330143540669856,39.88131370700578,32.11626266314577,7.765051043860012,,,,,,,30.797511320009615,18.307574575850882,1.4615384615384615,0.8648648648648649,1.6802168483635305,25.0,0.0
calendar:day20-28:all,day20-28,all,AMD,7,2024-07…2024-12,BUY_NOW,20,25.0,38,38,0.21052631578947367,0.31297709923664124,0.6726572528883182,,,0.631578947368421,0.6946564885496184,0.9091960670908038,37.12072142957963,96.36585439104611,-59.24513296146648,,,,,,,-48.508035101692926,44.25095859340376,1.4456521739130435,0.8648648648648649,1.716857374348939,25.0,0.0
calendar:day20-28:all,day20-28,all,AMD,8,2025-01…2025-06,BUY_NOW,20,25.0,40,40,0.125,0.05128205128205128,2.4375,,,0.35,0.20512820512820512,1.70625,-108.57674402552384,-189.98254467009855,81.40580064457471,,,,,,,83.96125970222005,12.370436038282026,1.5469613259668509,0.8717948717948718,1.680804236268589,24.0,0.0
calendar:day20-28:all,day20-28,all,AMD,9,2025-07…2025-12,BUY_NOW,20,25.0,37,37,0.24324324324324326,0.23076923076923078,1.054054054054054,,,0.5135135135135135,0.5461538461538461,0.9402360106585459,14.719868540965726,3.4633601708443584,11.256508370121367,,,,,,,14.562136888912766,-26.933568500266205,1.407608695652174,0.8611111111111112,1.6977086731299282,25.0,0.0
calendar:day20-28:all,day20-28,all,AMD,10,2026-01…2026-06,BUY_NOW,20,25.0,37,37,0.32432432432432434,0.24786324786324787,1.3084808946877913,,,0.6216216216216216,0.5641025641025641,1.101965601965602,57.21060384281143,34.533119178883084,22.677484663928347,,,,,,,57.39815156899153,78.50763459388936,1.430939226519337,0.8611111111111112,1.6666666666666667,25.0,0.0
calendar:day25:first,day25,first,AMD,0,2021-01…2021-06,BUY_NOW,20,25.0,6,6,0.16666666666666666,0.1864406779661017,0.8939393939393939,,,0.5,0.5508474576271186,0.9076923076923077,73.63736348284522,43.40759409925216,30.22976938359306,,,,,,,30.524561565627437,96.5770648302361,0.23204419889502761,0.0,0.07065835796489936,32.0,0.0
calendar:day25:first,day25,first,AMD,1,2021-07…2021-12,BUY_NOW,20,25.0,6,6,0.16666666666666666,0.13953488372093023,1.1944444444444444,,,0.5,0.6589147286821705,0.7588235294117648,67.58380995276276,51.49644441112181,16.087365541640956,,,,,,,12.330175656059538,24.332075435021807,0.2282608695652174,0.0,0.04721314364437764,33.0,0.0
calendar:day25:first,day25,first,AMD,2,2022-01…2022-06,BUY_NOW,20,25.0,6,6,0.3333333333333333,0.10256410256410256,3.25,,,0.5,0.42735042735042733,1.1700000000000002,215.36735036973937,-7.685668238494408,223.05301860823377,,,,,,,299.5013734028399,306.1256943379307,0.23204419889502761,0.0,0.07964743533956825,33.0,0.0
calendar:day25:first,day25,first,AMD,3,2022-07…2022-12,BUY_NOW,20,25.0,6,6,0.3333333333333333,0.26153846153846155,1.2745098039215685,,,1.0,0.6692307692307692,1.4942528735632186,338.610672521088,176.90563882369997,161.70503369738805,,,,,,,141.59591796112446,273.9989169830777,0.2282608695652174,0.0,0.03432713198875175,32.0,0.0
calendar:day25:first,day25,first,AMD,4,2023-01…2023-06,BUY_NOW,20,25.0,6,6,0.6666666666666666,0.559322033898305,1.191919191919192,,,0.8333333333333334,0.8389830508474576,0.9932659932659933,286.98398710991705,274.3772909876495,12.606696122267579,,,,,,,50.96121336443013,121.83990784931025,0.23204419889502761,0.0,0.04850474738184512,33.0,0.0
calendar:day25:first,day25,first,AMD,5,2023-07…2023-12,BUY_NOW,20,25.0,6,6,0.5,0.17829457364341086,2.8043478260869565,,,0.5,0.4263565891472868,1.1727272727272728,29.761981250921632,-49.59380850488834,79.35578975580997,,,,,,,72.37312308752149,47.30427665770217,0.2282608695652174,0.0,0.04721314364437763,33.0,0.0
calendar:day25:first,day25,first,AMD,6,2024-01…2024-06,BUY_NOW,20,25.0,6,6,0.3333333333333333,0.2564102564102564,1.3,,,0.5,0.5641025641025641,0.8863636363636364,36.646537556960055,32.11626266314577,4.530274893814287,,,,,,,23.847650090333406,34.75175912093693,0.23076923076923078,0.0,0.08517153729745175,32.0,0.0
calendar:day25:first,day25,first,AMD,7,2024-07…2024-12,BUY_NOW,20,25.0,6,6,0.3333333333333333,0.31297709923664124,1.065040650406504,,,0.6666666666666666,0.6946564885496184,0.9597069597069596,109.24277744374284,96.36585439104611,12.876923052696725,,,,,,,21.3305076446337,86.66772620249749,0.2282608695652174,0.0,0.018348623853211007,32.0,0.0
calendar:day25:first,day25,first,AMD,8,2025-01…2025-06,BUY_NOW,20,25.0,6,6,0.16666666666666666,0.05128205128205128,3.25,,,0.3333333333333333,0.20512820512820512,1.625,-88.0022255346117,-189.98254467009855,101.98031913548685,,,,,,,105.85821164608394,91.95072532609429,0.23204419889502761,0.0,0.0959936605428976,31.0,0.0
calendar:day25:first,day25,first,AMD,9,2025-07…2025-12,BUY_NOW,20,25.0,6,6,0.3333333333333333,0.23076923076923078,1.4444444444444442,,,0.5,0.5461538461538461,0.915492957746479,29.87883341168377,3.4633601708443584,26.415473240839415,,,,,,,33.04807844021837,-4.953245015231943,0.2282608695652174,0.0,0.04721314364437764,32.0,0.0
calendar:day25:first,day25,first,AMD,10,2026-01…2026-06,BUY_NOW,20,25.0,6,6,0.3333333333333333,0.24786324786324787,1.3448275862068964,,,0.6666666666666666,0.5641025641025641,1.1818181818181817,95.48935244318936,34.533119178883084,60.95623326430628,,,,,,,68.89067455514578,110.67762104875017,0.23204419889502761,0.0,0.09003513102423014,33.0,0.0
calendar:day25:all,day25,all,AMD,0,2021-01…2021-06,BUY_NOW,20,25.0,26,26,0.19230769230769232,0.1864406779661017,1.0314685314685315,,,0.46153846153846156,0.5508474576271186,0.8378698224852071,3.5370944178603616,43.40759409925216,-39.8704996813918,,,,,,,-37.390864723750994,33.719276415353,1.005524861878453,0.8,1.5378305175384404,27.0,0.0
calendar:day25:all,day25,all,AMD,1,2021-07…2021-12,BUY_NOW,20,25.0,27,27,0.25925925925925924,0.13953488372093023,1.8580246913580245,,,0.48148148148148145,0.6589147286821705,0.7307189542483661,53.354558617482006,51.49644441112181,1.8581142063601988,,,,,,,2.9608859250747455,-15.869621583085946,1.0271739130434783,0.8076923076923077,1.5720398045166741,27.0,0.0
calendar:day25:all,day25,all,AMD,2,2022-01…2022-06,BUY_NOW,20,25.0,26,26,0.15384615384615385,0.10256410256410256,1.5000000000000002,,,0.34615384615384615,0.42735042735042733,0.81,-143.82603702997085,-7.685668238494408,-136.14036879147645,,,,,,,133.7976800597977,46.2525744804584,1.005524861878453,0.8,1.532712089469627,27.0,0.0
calendar:day25:all,day25,all,AMD,3,2022-07…2022-12,BUY_NOW,20,25.0,29,29,0.20689655172413793,0.26153846153846155,0.7910750507099391,,,0.5862068965517241,0.6692307692307692,0.8759413396749901,189.73203290880156,176.90563882369997,12.826394085101583,,,,,,,10.987203228435877,126.59259238092359,1.1032608695652175,0.8214285714285714,1.6146744636674308,27.0,0.0
calendar:day25:all,day25,all,AMD,4,2023-01…2023-06,BUY_NOW,20,25.0,26,26,0.7307692307692307,0.559322033898305,1.3065268065268065,,,0.8461538461538461,0.8389830508474576,1.0085470085470085,322.30207140346204,274.3772909876495,47.92478041581256,,,,,,,71.51767561990084,157.7478936119366,1.005524861878453,0.8,1.5252968931473303,27.0,0.0
calendar:day25:all,day25,all,AMD,5,2023-07…2023-12,BUY_NOW,20,25.0,29,29,0.3103448275862069,0.17829457364341086,1.7406296851574212,,,0.4827586206896552,0.4263565891472868,1.1322884012539185,6.396315839983715,-49.59380850488834,55.99012434487205,,,,,,,56.14367608116588,40.71590772498312,1.1032608695652175,0.8214285714285714,1.6105123408406408,27.0,0.0
calendar:day25:all,day25,all,AMD,6,2024-01…2024-06,BUY_NOW,20,25.0,26,26,0.3076923076923077,0.2564102564102564,1.2000000000000002,,,0.6538461538461539,0.5641025641025641,1.1590909090909092,54.475727592475195,32.11626266314577,22.359464929329427,,,,,,,30.229734448402645,53.0164301523001,1.0,0.8,1.5243948260863445,30.0,0.0
calendar:day25:all,day25,all,AMD,7,2024-07…2024-12,BUY_NOW,20,25.0,28,28,0.25,0.31297709923664124,0.798780487804878,,,0.6785714285714286,0.6946564885496184,0.9768445839874411,52.05204089838117,96.36585439104611,-44.31381349266494,,,,,,,-37.95532906110004,-45.951235544205,1.065217391304348,0.8148148148148148,1.593293502049597,26.0,0.0
calendar:day25:all,day25,all,AMD,8,2025-01…2025-06,BUY_NOW,20,25.0,27,27,0.07407407407407407,0.05128205128205128,1.4444444444444444,,,0.37037037037037035,0.20512820512820512,1.8055555555555556,-130.89385812969942,-189.98254467009855,59.088686540399124,,,,,,,58.06185959381525,50.625532400584056,1.0441988950276242,0.8076923076923077,1.5473302069147261,26.0,0.0
calendar:day25:all,day25,all,AMD,9,2025-07…2025-12,BUY_NOW,20,25.0,27,27,0.18518518518518517,0.23076923076923078,0.802469135802469,,,0.6296296296296297,0.5461538461538461,1.1528429838288994,14.092743278485294,3.4633601708443584,10.629383107640935,,,,,,,9.696893983544951,-7.582401564890855,1.0271739130434783,0.8076923076923077,1.5747222041650903,27.0,0.0
calendar:day25:all,day25,all,AMD,10,2026-01…2026-06,BUY_NOW,20,25.0,26,26,0.2692307692307692,0.24786324786324787,1.086206896551724,,,0.6153846153846154,0.5641025641025641,1.090909090909091,21.304427104517416,34.533119178883084,-13.228692074365668,,,,,,,10.841179312992214,61.86329584364683,1.005524861878453,0.8,1.5346942949179436,27.0,0.0
calendar:day20-25:first,day20-25,first,KZT,0,2021-01…2021-06,BUY_NOW,20,25.0,6,6,0.16666666666666666,0.15254237288135594,1.0925925925925926,,,0.5,0.4152542372881356,1.2040816326530612,-2.2940282808714394,-18.204220636461798,15.91019235559036,,,,,,,18.35040223048275,-2.405210683345539,0.23204419889502761,0.0,0.07887415926831029,32.0,0.0
calendar:day20-25:first,day20-25,first,KZT,1,2021-07…2021-12,BUY_NOW,20,25.0,6,6,0.0,0.2248062015503876,0.0,,,0.3333333333333333,0.5271317829457365,0.6323529411764705,-22.966754415791883,10.733408670057983,-33.700163085849866,,,,,,,-26.627307054850245,-37.298415597651164,0.2282608695652174,0.0,0.047654387977502655,33.0,0.0
calendar:day20-25:first,day20-25,first,KZT,2,2022-01…2022-06,BUY_NOW,20,25.0,6,6,0.16666666666666666,0.1111111111111111,1.5,,,0.5,0.38461538461538464,1.2999999999999998,-155.58534035601517,-253.47141149360772,97.88607113759255,,,,,,,133.44268031352212,-2.5264219243240973,0.23204419889502761,0.0,0.08944271909999159,32.0,0.0
calendar:day20-25:first,day20-25,first,KZT,3,2022-07…2022-12,BUY_NOW,20,25.0,6,6,0.3333333333333333,0.2,1.6666666666666665,,,1.0,0.6461538461538462,1.5476190476190474,248.66421768247972,165.82739028859348,82.83682739388624,,,,,,,76.26540504962753,180.23935310751338,0.2282608695652174,0.0,0.037037037037037035,33.0,0.0
calendar:day20-25:first,day20-25,first,KZT,4,2023-01…2023-06,BUY_NOW,20,25.0,6,6,0.3333333333333333,0.4830508474576271,0.6900584795321637,,,0.8333333333333334,0.8050847457627118,1.0350877192982457,283.8523470668926,290.11536164792756,-6.263014581034952,,,,,,,50.40954517966026,61.191746860066274,0.23204419889502761,0.0,0.1,32.0,0.0
calendar:day20-25:first,day20-25,first,KZT,5,2023-07…2023-12,BUY_NOW,20,25.0,6,6,0.16666666666666666,0.09302325581395349,1.7916666666666665,,,0.8333333333333334,0.5193798449612403,1.6044776119402984,97.81581315759513,-23.450077638838618,121.26589079643375,,,,,,,107.29871428654282,-15.74471162110901,0.2282608695652174,0.0,0.037037037037037035,32.0,0.0
calendar:day20-25:first,day20-25,first,KZT,6,2024-01…2024-06,BUY_NOW,20,25.0,6,6,0.16666666666666666,0.26495726495726496,0.6290322580645161,,,0.5,0.5128205128205128,0.9750000000000001,-4.79341425744517,-51.33409444413086,46.54068018668569,,,,,,,51.28123313455876,-42.943923916879776,0.23076923076923078,0.0,0.12286805590089957,33.0,0.0
calendar:day20-25:first,day20-25,first,KZT,7,2024-07…2024-12,BUY_NOW,20,25.0,6,6,0.0,0.16793893129770993,0.0,,,0.8333333333333334,0.6335877862595419,1.315261044176707,20.219544995836447,34.71548822943122,-14.495943233594776,,,,,,,-9.472749819223564,133.4614995153671,0.2282608695652174,0.0,0.03432713198875175,31.0,0.0
calendar:day20-25:first,day20-25,first,KZT,8,2025-01…2025-06,BUY_NOW,20,25.0,6,6,0.16666666666666666,0.02564102564102564,6.5,,,0.16666666666666666,0.1111111111111111,1.5,-85.09757210655852,-215.04473247998948,129.94716037343096,,,,,,,132.26305519479897,-17.23613670498948,0.23204419889502761,0.0,0.0999575741843398,32.0,0.0
calendar:day20-25:first,day20-25,first,KZT,9,2025-07…2025-12,BUY_NOW,20,25.0,6,6,0.16666666666666666,0.18461538461538463,0.9027777777777777,,,0.5,0.6076923076923076,0.8227848101265823,-27.934870502649428,15.864915632713714,-43.79978613536314,,,,,,,-34.87502404616871,-118.9056092052167,0.2282608695652174,0.0,0.044944765922627125,33.0,0.0
calendar:day20-25:first,day20-25,first,KZT,10,2026-01…2026-06,BUY_NOW,20,25.0,6,6,0.16666666666666666,0.26495726495726496,0.6290322580645161,,,0.5,0.5897435897435898,0.8478260869565217,81.82329345959434,74.19195081286851,7.631342646725827,,,,,,,33.93069126989372,7.850108519494313,0.23204419889502761,0.0,0.08271466602925602,33.0,0.0
calendar:day20-25:all,day20-25,all,KZT,0,2021-01…2021-06,BUY_NOW,20,25.0,24,24,0.16666666666666666,0.15254237288135594,1.0925925925925926,,,0.4583333333333333,0.4152542372881356,1.1037414965986394,-12.779543479740779,-18.204220636461798,5.424677156721019,,,,,,,1.9007691303600989,-17.157791105616482,0.9281767955801105,0.782608695652174,1.4954439206706251,27.0,0.0
calendar:day20-25:all,day20-25,all,KZT,1,2021-07…2021-12,BUY_NOW,20,25.0,26,26,0.07692307692307693,0.2248062015503876,0.3421750663129973,,,0.38461538461538464,0.5271317829457365,0.7296380090497737,-9.7142975122856,10.733408670057983,-20.447706182343584,,,,,,,-18.942603234522544,-45.78563102184293,0.9891304347826088,0.8,1.5526890466890464,28.0,0.0
calendar:day20-25:all,day20-25,all,KZT,2,2022-01…2022-06,BUY_NOW,20,25.0,26,26,0.07692307692307693,0.1111111111111111,0.6923076923076924,,,0.5384615384615384,0.38461538461538464,1.4,-110.28270929737806,-253.47141149360772,143.18870219622966,,,,,,,228.16466512553822,25.35487602074422,1.005524861878453,0.8,1.5289368623308428,27.0,0.0
calendar:day20-25:all,day20-25,all,KZT,3,2022-07…2022-12,BUY_NOW,20,25.0,25,25,0.24,0.2,1.2,,,0.84,0.6461538461538462,1.2999999999999998,229.95808631138436,165.82739028859348,64.13069602279089,,,,,,,56.41637575048746,146.99611844898493,0.9510869565217391,0.7916666666666666,1.5311870306765603,28.0,0.0
calendar:day20-25:all,day20-25,all,KZT,4,2023-01…2023-06,BUY_NOW,20,25.0,24,24,0.375,0.4830508474576271,0.7763157894736842,,,0.875,0.8050847457627118,1.086842105263158,358.6929320800323,290.11536164792756,68.57757043210472,,,,,,,121.42547010136076,136.9488347170426,0.9281767955801105,0.782608695652174,1.4810201485983387,27.0,0.0
calendar:day20-25:all,day20-25,all,KZT,5,2023-07…2023-12,BUY_NOW,20,25.0,26,26,0.07692307692307693,0.09302325581395349,0.826923076923077,,,0.8076923076923077,0.5193798449612403,1.5551090700344432,109.26673838085338,-23.450077638838618,132.716816019692,,,,,,,124.45624927678956,36.93070303077895,0.9891304347826088,0.8,1.5513816949873813,27.0,0.0
calendar:day20-25:all,day20-25,all,KZT,6,2024-01…2024-06,BUY_NOW,20,25.0,24,24,0.25,0.26495726495726496,0.9435483870967741,,,0.4166666666666667,0.5128205128205128,0.8125000000000001,-52.49698752207951,-51.33409444413086,-1.1628930779486453,,,,,,,17.21840219129957,-49.748572072161785,0.9230769230769231,0.782608695652174,1.4969149734937595,28.0,0.0
calendar:day20-25:all,day20-25,all,KZT,7,2024-07…2024-12,BUY_NOW,20,25.0,25,25,0.04,0.16793893129770993,0.2381818181818182,,,0.56,0.6335877862595419,0.8838554216867471,-4.909116858720758,34.71548822943122,-39.62460508815198,,,,,,,-35.98755925704716,69.061729220625,0.9510869565217391,0.7916666666666666,1.533636468113135,28.0,0.0
calendar:day20-25:all,day20-25,all,KZT,8,2025-01…2025-06,BUY_NOW,20,25.0,26,26,0.07692307692307693,0.02564102564102564,3.0000000000000004,,,0.23076923076923078,0.1111111111111111,2.076923076923077,-90.23352021954572,-215.04473247998948,124.81121226044375,,,,,,,121.67428754533155,20.194578608627847,1.005524861878453,0.8,1.5462491508338019,28.0,0.0
calendar:day20-25:all,day20-25,all,KZT,9,2025-07…2025-12,BUY_NOW,20,25.0,26,26,0.11538461538461539,0.18461538461538463,0.625,,,0.7307692307692307,0.6076923076923076,1.2025316455696202,21.00111428292409,15.864915632713714,5.136198650210375,,,,,,,10.621993138849724,-42.8518888803278,0.9891304347826088,0.8,1.556903241721088,28.0,0.0
calendar:day20-25:all,day20-25,all,KZT,10,2026-01…2026-06,BUY_NOW,20,25.0,24,24,0.3333333333333333,0.26495726495726496,1.2580645161290323,,,0.5,0.5897435897435898,0.8478260869565217,95.82225968901662,74.19195081286851,21.630308876148106,,,,,,,62.86478227628765,62.67452403488722,0.9281767955801105,0.782608695652174,1.4981282175337478,28.0,0.0
calendar:day20-28:all,day20-28,all,KZT,0,2021-01…2021-06,BUY_NOW,20,25.0,36,36,0.1388888888888889,0.15254237288135594,0.9104938271604938,,,0.3611111111111111,0.4152542372881356,0.8696145124716553,-25.032190871630867,-18.204220636461798,-6.827970235169069,,,,,,,-2.2949820132200642,-3.6464886586843073,1.3922651933701657,0.8571428571428571,1.6621853333201226,25.0,0.0
calendar:day20-28:all,day20-28,all,KZT,1,2021-07…2021-12,BUY_NOW,20,25.0,39,39,0.1794871794871795,0.2248062015503876,0.7984084880636605,,,0.41025641025641024,0.5271317829457365,0.7782805429864252,8.2167338404173,10.733408670057983,-2.5166748296406833,,,,,,,-1.1457766079709235,-30.862457103075783,1.483695652173913,0.868421052631579,1.706863783908622,25.0,0.0
calendar:day20-28:all,day20-28,all,KZT,2,2022-01…2022-06,BUY_NOW,20,25.0,38,38,0.05263157894736842,0.1111111111111111,0.47368421052631576,,,0.4473684210526316,0.38461538461538464,1.163157894736842,-183.57991884174547,-253.47141149360772,69.89149265186225,,,,,,,157.83281732830253,-20.59737618973191,1.4696132596685083,0.8648648648648649,1.6615026204120686,24.0,0.0
calendar:day20-28:all,day20-28,all,KZT,3,2022-07…2022-12,BUY_NOW,20,25.0,39,39,0.1794871794871795,0.2,0.8974358974358974,,,0.7948717948717948,0.6461538461538462,1.23015873015873,207.20521079328782,165.82739028859348,41.37782050469434,,,,,,,29.568541928791674,124.18404746814632,1.483695652173913,0.868421052631579,1.7150861400630166,25.0,0.0
calendar:day20-28:all,day20-28,all,KZT,4,2023-01…2023-06,BUY_NOW,20,25.0,37,37,0.43243243243243246,0.4830508474576271,0.8952110004741585,,,0.8648648648648649,0.8050847457627118,1.0742532005689902,365.46892105065945,290.11536164792756,75.35355940273189,,,,,,,122.85129003074987,171.64798633822966,1.430939226519337,0.8611111111111112,1.6579098302802773,25.0,0.0
calendar:day20-28:all,day20-28,all,KZT,5,2023-07…2023-12,BUY_NOW,20,25.0,40,40,0.1,0.09302325581395349,1.0750000000000002,,,0.75,0.5193798449612403,1.4440298507462686,114.36335228336365,-23.450077638838618,137.81342992220226,,,,,,,124.983300016471,86.49196552953829,1.5217391304347827,0.8717948717948718,1.7173279078617922,24.0,0.0
calendar:day20-28:all,day20-28,all,KZT,6,2024-01…2024-06,BUY_NOW,20,25.0,38,38,0.23684210526315788,0.26495726495726496,0.8938879456706281,,,0.42105263157894735,0.5128205128205128,0.8210526315789474,-44.24288522759389,-51.33409444413086,7.091209216536974,,,,,,,26.825650634318148,-33.888940858623926,1.4615384615384615,0.8648648648648649,1.6802168483635305,25.0,0.0
calendar:day20-28:all,day20-28,all,KZT,7,2024-07…2024-12,BUY_NOW,20,25.0,38,38,0.07894736842105263,0.16793893129770993,0.4700956937799043,,,0.5,0.6335877862595419,0.7891566265060241,-57.16043094200465,34.71548822943122,-91.87591917143587,,,,,,,-81.22427477900388,-22.31318924094389,1.4456521739130435,0.8648648648648649,1.716857374348939,25.0,0.0
calendar:day20-28:all,day20-28,all,KZT,8,2025-01…2025-06,BUY_NOW,20,25.0,40,40,0.05,0.02564102564102564,1.9500000000000002,,,0.175,0.1111111111111111,1.575,-118.33064381604053,-215.04473247998948,96.71408866394894,,,,,,,97.70301880964865,34.997466161078684,1.5469613259668509,0.8717948717948718,1.680804236268589,24.0,0.0
calendar:day20-28:all,day20-28,all,KZT,9,2025-07…2025-12,BUY_NOW,20,25.0,37,37,0.21621621621621623,0.18461538461538463,1.1711711711711712,,,0.7837837837837838,0.6076923076923076,1.2897707834416696,60.98627896708036,15.864915632713714,45.12136333436665,,,,,,,40.263949860369124,-1.201036126483409,1.407608695652174,0.8611111111111112,1.6977086731299282,25.0,0.0
calendar:day20-28:all,day20-28,all,KZT,10,2026-01…2026-06,BUY_NOW,20,25.0,37,37,0.2972972972972973,0.26495726495726496,1.1220575414123801,,,0.5405405405405406,0.5897435897435898,0.9165687426556992,89.35292927603112,74.19195081286851,15.160978463162607,,,,,,,65.50945474187519,68.66549375946438,1.430939226519337,0.8611111111111112,1.6666666666666667,25.0,0.0
calendar:day25:first,day25,first,KZT,0,2021-01…2021-06,BUY_NOW,20,25.0,6,6,0.16666666666666666,0.15254237288135594,1.0925925925925926,,,0.5,0.4152542372881356,1.2040816326530612,-6.145807931161968,-18.204220636461798,12.05841270529983,,,,,,,9.572713080636303,10.871750158030025,0.23204419889502761,0.0,0.07065835796489936,32.0,0.0
calendar:day25:first,day25,first,KZT,1,2021-07…2021-12,BUY_NOW,20,25.0,6,6,0.16666666666666666,0.2248062015503876,0.7413793103448275,,,0.3333333333333333,0.5271317829457365,0.6323529411764705,0.21862806610836097,10.733408670057983,-10.514780603949623,,,,,,,-12.036671838184438,-33.03005813170945,0.2282608695652174,0.0,0.04721314364437764,33.0,0.0
calendar:day25:first,day25,first,KZT,2,2022-01…2022-06,BUY_NOW,20,25.0,6,6,0.16666666666666666,0.1111111111111111,1.5,,,0.5,0.38461538461538464,1.2999999999999998,67.36682167495546,-253.47141149360772,320.8382331685632,,,,,,,365.9702093505048,252.57305049113572,0.23204419889502761,0.0,0.07964743533956825,33.0,0.0
calendar:day25:first,day25,first,KZT,3,2022-07…2022-12,BUY_NOW,20,25.0,6,6,0.3333333333333333,0.2,1.6666666666666665,,,0.8333333333333334,0.6461538461538462,1.2896825396825398,300.5883652837247,165.82739028859348,134.76097499513125,,,,,,,119.08874873261384,207.86011348871168,0.2282608695652174,0.0,0.03432713198875175,32.0,0.0
calendar:day25:first,day25,first,KZT,4,2023-01…2023-06,BUY_NOW,20,25.0,6,6,0.3333333333333333,0.4830508474576271,0.6900584795321637,,,0.8333333333333334,0.8050847457627118,1.0350877192982457,342.12657824389316,290.11536164792756,52.01121659596561,,,,,,,92.01529329744125,219.11488856734013,0.23204419889502761,0.0,0.04850474738184512,33.0,0.0
calendar:day25:first,day25,first,KZT,5,2023-07…2023-12,BUY_NOW,20,25.0,6,6,0.16666666666666666,0.09302325581395349,1.7916666666666665,,,0.8333333333333334,0.5193798449612403,1.6044776119402984,148.65449771387912,-23.450077638838618,172.10457535271775,,,,,,,163.88044471684145,175.08370315903448,0.2282608695652174,0.0,0.04721314364437763,33.0,0.0
calendar:day25:first,day25,first,KZT,6,2024-01…2024-06,BUY_NOW,20,25.0,6,6,0.16666666666666666,0.26495726495726496,0.6290322580645161,,,0.3333333333333333,0.5128205128205128,0.65,-48.28590421714684,-51.33409444413086,3.048190226984019,,,,,,,15.804201159395626,-28.78470710770298,0.23076923076923078,0.0,0.08517153729745175,32.0,0.0
calendar:day25:first,day25,first,KZT,7,2024-07…2024-12,BUY_NOW,20,25.0,6,6,0.16666666666666666,0.16793893129770993,0.9924242424242423,,,0.5,0.6335877862595419,0.7891566265060241,17.81445636793166,34.71548822943122,-16.901031861499565,,,,,,,-11.394216914227641,39.4901588146999,0.2282608695652174,0.0,0.018348623853211007,32.0,0.0
calendar:day25:first,day25,first,KZT,8,2025-01…2025-06,BUY_NOW,20,25.0,6,6,0.0,0.02564102564102564,0.0,,,0.16666666666666666,0.1111111111111111,1.5,-108.32304573538528,-215.04473247998948,106.7216867446042,,,,,,,107.85548551576208,78.83676411417018,0.23204419889502761,0.0,0.0959936605428976,31.0,0.0
calendar:day25:first,day25,first,KZT,9,2025-07…2025-12,BUY_NOW,20,25.0,6,6,0.16666666666666666,0.18461538461538463,0.9027777777777777,,,0.8333333333333334,0.6076923076923076,1.3713080168776373,92.07895800148248,15.864915632713714,76.21404236876876,,,,,,,75.29355154674566,18.83459351225766,0.2282608695652174,0.0,0.04721314364437764,32.0,0.0
calendar:day25:first,day25,first,KZT,10,2026-01…2026-06,BUY_NOW,20,25.0,6,6,0.3333333333333333,0.26495726495726496,1.2580645161290323,,,0.5,0.5897435897435898,0.8478260869565217,133.89512621667097,74.19195081286851,59.70317540380246,,,,,,,75.65161416609679,105.00058342467459,0.23204419889502761,0.0,0.09003513102423014,33.0,0.0
calendar:day25:all,day25,all,KZT,0,2021-01…2021-06,BUY_NOW,20,25.0,26,26,0.15384615384615385,0.15254237288135594,1.0085470085470085,,,0.2692307692307692,0.4152542372881356,0.6483516483516483,-26.183295335036217,-18.204220636461798,-7.9790746985744185,,,,,,,-6.462283206840099,23.155829255944557,1.005524861878453,0.8,1.5378305175384404,27.0,0.0
calendar:day25:all,day25,all,KZT,1,2021-07…2021-12,BUY_NOW,20,25.0,27,27,0.3333333333333333,0.2248062015503876,1.482758620689655,,,0.4444444444444444,0.5271317829457365,0.8431372549019607,31.885795118975242,10.733408670057983,21.15238644891726,,,,,,,22.216890706433965,-5.723681455363407,1.0271739130434783,0.8076923076923077,1.5720398045166741,27.0,0.0
calendar:day25:all,day25,all,KZT,2,2022-01…2022-06,BUY_NOW,20,25.0,26,26,0.11538461538461539,0.1111111111111111,1.0384615384615385,,,0.3076923076923077,0.38461538461538464,0.8,-259.6471561932175,-253.47141149360772,-6.175744699609766,,,,,,,165.49603458642235,37.88991780539243,1.005524861878453,0.8,1.532712089469627,27.0,0.0
calendar:day25:all,day25,all,KZT,3,2022-07…2022-12,BUY_NOW,20,25.0,29,29,0.1724137931034483,0.2,0.8620689655172414,,,0.5862068965517241,0.6461538461538462,0.9072249589490967,190.51761071310005,165.82739028859348,24.690220424506578,,,,,,,22.877193770267592,122.59798410830761,1.1032608695652175,0.8214285714285714,1.6146744636674308,27.0,0.0
calendar:day25:all,day25,all,KZT,4,2023-01…2023-06,BUY_NOW,20,25.0,26,26,0.5769230769230769,0.4830508474576271,1.1943319838056679,,,0.8846153846153846,0.8050847457627118,1.0987854251012146,392.2604174894872,290.11536164792756,102.14505584155967,,,,,,,118.77775248610205,255.14001129972624,1.005524861878453,0.8,1.5252968931473303,27.0,0.0
calendar:day25:all,day25,all,KZT,5,2023-07…2023-12,BUY_NOW,20,25.0,29,29,0.10344827586206896,0.09302325581395349,1.1120689655172413,,,0.6896551724137931,0.5193798449612403,1.3278435409161091,99.6628531863694,-23.450077638838618,123.11293082520802,,,,,,,122.8369512610393,198.91594718262652,1.1032608695652175,0.8214285714285714,1.6105123408406408,27.0,0.0
calendar:day25:all,day25,all,KZT,6,2024-01…2024-06,BUY_NOW,20,25.0,26,26,0.2692307692307692,0.26495726495726496,1.0161290322580645,,,0.5,0.5128205128205128,0.9750000000000001,-34.61791534845386,-51.33409444413086,16.716179095677,,,,,,,23.016960515348476,-13.986791252104318,1.0,0.8,1.5243948260863445,30.0,0.0
calendar:day25:all,day25,all,KZT,7,2024-07…2024-12,BUY_NOW,20,25.0,28,28,0.17857142857142858,0.16793893129770993,1.0633116883116884,,,0.6071428571428571,0.6335877862595419,0.9582616179001722,-37.73094783568819,34.71548822943122,-72.44643606511941,,,,,,,-68.78025867685139,-126.93925203896143,1.065217391304348,0.8148148148148148,1.593293502049597,26.0,0.0
calendar:day25:all,day25,all,KZT,8,2025-01…2025-06,BUY_NOW,20,25.0,27,27,0.0,0.02564102564102564,0.0,,,0.1111111111111111,0.1111111111111111,1.0,-176.75958580002168,-215.04473247998948,38.285146679967795,,,,,,,40.439382463244755,35.8308134246619,1.0441988950276242,0.8076923076923077,1.5473302069147261,26.0,0.0
calendar:day25:all,day25,all,KZT,9,2025-07…2025-12,BUY_NOW,20,25.0,27,27,0.2962962962962963,0.18461538461538463,1.604938271604938,,,0.7037037037037037,0.6076923076923076,1.1579934364744493,71.09578197651756,15.864915632713714,55.23086634380384,,,,,,,45.534800741068594,38.87749897587963,1.0271739130434783,0.8076923076923077,1.5747222041650903,27.0,0.0
calendar:day25:all,day25,all,KZT,10,2026-01…2026-06,BUY_NOW,20,25.0,26,26,0.38461538461538464,0.26495726495726496,1.4516129032258065,,,0.5769230769230769,0.5897435897435898,0.9782608695652173,63.083015053330776,74.19195081286851,-11.108935759537736,,,,,,,27.961048464446783,87.77197399502008,1.005524861878453,0.8,1.5346942949179436,27.0,0.0
