corridor,day_of_month,n_days,n_days_detrended,dev_from_month_mean_bps,ci_lo,ci_hi,dev_detrended_bps,detrended_ci_lo,detrended_ci_hi,in_tax_window
TJS,1,41,41,-91.6424216552175,-180.43342790922225,-1.312660938006375,-86.23579047732343,-214.24554870479378,6.336399258174202,False
TJS,2,42,42,-27.67289926063285,-98.67561036506953,47.133685690782286,-7.225716251142087,-63.67487715023227,45.52879178689647,False
TJS,3,40,40,46.0912279061234,-54.17981003116782,147.29762728758416,4.929793179234865,-40.648919505872016,47.89809792564796,False
TJS,4,39,39,34.05159271189456,-57.52887208799355,129.9872185579346,-13.333609054892646,-64.35378065611305,44.71575457609385,False
TJS,5,43,43,19.397900345013213,-56.630408536196356,102.42539643168523,-3.1578314464266883,-35.70895408807637,28.729004074324912,False
TJS,6,41,41,62.93926470073292,-14.93419681556945,143.88446186420842,39.93642908389336,-9.12760414819944,98.99867496648612,False
TJS,7,41,41,57.47735537256031,-5.946779781615845,122.05097509980303,46.94029763951319,0.9712952249605976,96.32709657916202,False
TJS,8,38,38,-6.908893002280518,-68.21173122311536,49.310653296777566,6.697694379371022,-42.36337317155428,48.61348315464676,False
TJS,9,41,41,7.834039409981113,-50.43939368586336,61.878648236680675,-2.9842284057383917,-50.457929303060034,41.60432948408072,False
TJS,10,44,44,61.0351937145171,-26.313806824411657,174.57496219313964,41.07776507950595,-24.65433630218783,125.09243851895089,False
TJS,11,46,46,63.60604544723623,-19.974590410948956,166.34785443386605,59.40270873439833,-6.715193433240407,138.6940185887867,False
TJS,12,44,44,5.180249277905397,-45.72741612241226,52.22000300215759,7.40431200750945,-26.766143538926322,45.195915440575675,False
TJS,13,45,45,10.005040031832113,-36.09122699846704,52.41669248323428,1.589902786008144,-35.764566526281364,39.98146335328405,False
TJS,14,45,45,22.760467384315124,-34.88136873312127,85.8489300528747,8.788167629824455,-37.12063446200137,61.92844161160158,False
TJS,15,48,48,7.5399463008401355,-46.33464124886654,81.31910146711063,-0.1225494063458908,-47.48351727264649,63.5533314643328,False
TJS,16,47,47,-24.036469199158535,-61.517111973906665,12.781717397189883,-32.49768951341949,-72.04205906462582,4.751385959819834,False
TJS,17,47,47,0.9040853884473176,-36.047129325477336,38.059511858150984,0.047201050307651406,-42.36302296030014,40.87897525336064,False
TJS,18,47,47,-34.22320386270286,-75.52681454112974,6.041481308296597,-32.30439350759155,-80.17843054115694,13.282857217294563,False
TJS,19,48,48,-13.953019885092878,-66.38050763463372,34.77301297977609,-13.513326360843395,-64.0533544538184,34.369302279928604,False
TJS,20,48,48,-18.24467065826804,-86.84576640314285,37.507912729040285,-7.539619198895082,-71.61781731767819,41.08512084181669,True
TJS,21,46,46,-14.267651779954507,-62.99929525159835,37.039411436575826,-5.031673029479445,-51.828727691916725,43.77523332875333,True
TJS,22,47,47,12.853559974294251,-38.13982389768464,69.50380610342499,4.056647958511503,-34.581747606889394,49.19349729393824,True
TJS,23,42,42,-23.701107699312796,-86.51213185804478,35.51784088731918,-20.513894492592257,-69.92046049339757,19.585236197645404,True
TJS,24,46,46,-45.41058578331424,-123.44226641253503,36.17533332063267,-20.833164216611976,-72.17382365575224,25.57760917327203,True
TJS,25,47,47,-52.641886920216166,-137.79116520160292,26.420357169036123,-40.68895325282321,-75.04421241435185,-7.875428312230583,True
TJS,26,48,48,7.007603928250336,-57.89530462854508,72.72179909252732,2.585979044193016,-28.125348995673708,35.87187980613325,True
TJS,27,48,48,-16.804836568641246,-96.80815590063953,69.02217492686061,11.73709930570368,-34.931605352155,73.69773245891619,True
TJS,28,47,47,7.828707598365802,-95.9343812555129,136.85213880624005,46.12283382075849,-8.731691237602211,114.67531757059947,True
TJS,29,44,44,-14.973452963120986,-140.38539059010833,102.51049228221116,-3.1118024777661693,-59.082824289938564,45.537823927533566,False
TJS,30,40,40,10.717340768077092,-96.72035968633354,120.7493880066196,19.185223958848137,-28.226168109751836,76.18415366922126,False
TJS,31,23,23,-68.40334954027784,-341.9608042406521,102.5995908001797,-16.60363771048177,-159.7493539222698,83.44053533916785,False
UZS,1,41,41,-44.33932443847447,-144.287868735681,54.577532216255676,-65.21260137336556,-199.9024658648927,31.800181857178803,False
UZS,2,42,42,2.2751765806945894,-76.93154716980295,86.89036250264553,3.342080731688814,-58.96647941203622,59.035393325645934,False
UZS,3,40,40,69.43933769455668,-29.355797594897883,167.2920734457494,8.519510728753138,-38.30424445239375,51.629205063032764,False
UZS,4,39,39,58.321563684555585,-33.543141525077324,156.11771628252325,-18.154894052399033,-68.78386060833299,33.26415636288305,False
UZS,5,43,43,34.54829356420584,-43.72358990426831,113.76237619021171,-7.901613928410907,-42.62725173831946,25.12225151517605,False
UZS,6,41,41,84.96878445642062,-4.619492329601173,180.25159224189846,37.90006945544127,-10.394409602898206,94.86710854318503,False
UZS,7,41,41,87.0420378992778,11.576597530638896,165.88207039327008,52.514976492463234,0.9334120428353361,106.71682103240352,False
UZS,8,38,38,4.636287666905146,-65.80092831327771,74.87977149061912,0.6502376956714284,-51.348018410607274,49.464587567753995,False
UZS,9,41,41,45.72890261766681,-40.21817419744007,145.46448650517289,25.618357189213263,-25.54756745810037,81.5290287364573,False
UZS,10,44,44,67.8142256543045,-20.231498768487697,174.677773043233,40.588728822440466,-21.576623198953026,117.88446716152092,False
UZS,11,46,46,64.60476018108842,-20.170456190289592,163.7475300828371,47.81664037869903,-14.447355031386444,119.78083133990111,False
UZS,12,44,44,10.415094191240977,-43.15914686791922,60.33080469804996,-0.4180965844601749,-33.62567734828774,35.56417181409544,False
UZS,13,45,45,18.543492750021677,-26.724582306525676,60.19842319269702,-1.6740985231425722,-38.25125985823538,34.88464673671464,False
UZS,14,45,45,37.875310694351455,-33.19722600460115,117.84111295968809,14.21034097687611,-43.042556781534735,79.3659687552437,False
UZS,15,48,48,-10.485236536363276,-59.64638096118021,53.354459895343716,-23.99016728102121,-66.65111675966673,30.12132055788925,False
UZS,16,47,47,-15.603288183591385,-59.63207212665487,32.810121018947186,-29.90776938883069,-73.1856328028035,16.868590331180172,False
UZS,17,47,47,-12.804316562965814,-48.48143918622531,21.79202310230819,-15.888374935464828,-53.11956018659285,20.657667472823206,False
UZS,18,47,47,-40.71242902676994,-83.44022772388769,-1.4754812785708862,-37.210134711746505,-81.90041793400316,7.2878519199334315,False
UZS,19,48,48,-13.289140844543772,-65.17685166677093,35.099890930238594,-12.401020875822661,-62.141993602562536,33.32595668373818,False
UZS,20,48,48,-22.910022897033613,-82.00641925338545,27.90038119018365,-10.478845391009386,-61.58918402263687,31.657248380023475,True
UZS,21,46,46,-39.74764654691993,-90.98941108984627,13.631973778343497,-22.918865722956724,-65.21729304452234,19.385593071014128,True
UZS,22,47,47,-11.594404195547078,-67.92893083061172,51.21114881231696,-10.486093888578727,-42.939823868551905,26.408703595929314,True
UZS,23,42,42,-49.60244527515334,-115.94779318547678,12.059286986638607,-25.948222369018147,-65.97613878302406,7.259085523954811,True
UZS,24,46,46,-66.59140776923309,-152.65083335522326,19.891969683541003,-22.815680054913745,-74.71742836021467,25.658733228072386,True
UZS,25,47,47,-63.31298902619605,-149.09131947822252,15.813372126252522,-35.50976347280204,-76.78573646449514,-1.3715067451338168,True
UZS,26,48,48,-6.592162125751486,-70.46124296356311,56.53483443977343,1.7832726175220275,-25.864190994944437,27.67480844564114,True
UZS,27,48,48,-32.18376435587573,-105.29457993882363,44.74960009813372,14.610524591037434,-28.257071492174042,66.88362101569797,True
UZS,28,47,47,-12.459811453835295,-124.46407030760822,120.8204813005782,51.844249181453044,-1.319337583305718,121.13188639839574,True
UZS,29,44,44,-32.20731430463117,-158.62662517677882,86.56227176183305,14.482135045906743,-41.67182696542738,64.35691691296111,False
UZS,30,40,40,-33.506968396874925,-153.47247724962037,86.01200574505086,21.29425247001278,-32.13068291331199,81.46563254175581,False
UZS,31,23,23,-73.14362713033562,-275.4192645883815,60.18744186695433,31.348121909793996,-48.50938163941527,102.31000650306413,False
KGS,1,41,41,-24.40173943768747,-111.52222281624094,65.32888913453272,-28.766463669356003,-103.13231407598958,39.30662022394694,False
KGS,2,42,42,-8.00463765110092,-84.92952240149023,78.71545111003,0.6315126146780149,-52.11482457798263,49.396805620623574,False
KGS,3,40,40,58.58628828252142,-40.16067701870407,162.06432016120272,4.160151009760604,-38.973471195603565,44.86449567743955,False
KGS,4,39,39,44.558298369546144,-36.53025205610607,134.739869752628,-14.207787683841548,-62.54993615276089,36.03612408675608,False
KGS,5,43,43,23.862569098349198,-46.46247863178328,98.42769481424614,-5.849094809812842,-41.62966627200502,29.087561427029836,False
KGS,6,41,41,73.6998245902522,-13.949769377000234,167.01806544476224,30.34420550142782,-22.959237577198163,91.98317550455404,False
KGS,7,41,41,57.85461921111888,-23.967898643284936,138.80876308025353,29.189097156589906,-41.19632424931673,82.94854210623468,False
KGS,8,38,38,-26.095245578784922,-123.84286081473299,56.244255560008426,-21.143405611853495,-108.17485738513717,35.19446698789997,False
KGS,9,41,41,35.68062008946581,-46.19512707291836,131.33467728345332,19.04611486084119,-28.448360429321678,69.6145458354418,False
KGS,10,44,44,63.945547413059195,-17.855259292931535,164.96196692911693,38.28490726508321,-18.433469191578144,108.29949766956183,False
KGS,11,46,46,55.6053129121242,-21.220666203460617,145.85911988762325,43.74286923444727,-12.59758174274031,106.8603012646037,False
KGS,12,44,44,2.1285256060523987,-45.05549922504818,47.50192186382515,-4.404954203430301,-34.945986167550934,27.700241017272404,False
KGS,13,45,45,9.274270125828629,-31.806930899305218,47.20114521357238,-7.896179435946285,-43.332710540808144,27.016741630592943,False
KGS,14,45,45,19.941452004183326,-36.56367670528301,84.50521528125711,-1.5245994679711985,-49.06707262957262,55.95701662269551,False
KGS,15,48,48,-7.696410942906669,-49.8248133508844,37.94403331894686,-19.742900384188697,-58.31258307266173,22.69290257145256,False
KGS,16,47,47,-21.11131342309777,-54.684318468213455,11.956035421806703,-34.38920101841708,-72.08394515877214,0.258719854853005,False
KGS,17,47,47,-14.198895662313435,-49.194393458266966,20.979606083306304,-16.89913971990375,-56.2572517052848,18.47816972596895,False
KGS,18,47,47,-21.138658754710267,-69.28916731551931,30.009459119051993,-20.238999376940257,-70.04890380475678,32.481736095245395,False
KGS,19,48,48,10.541799496750658,-39.539814843868385,59.44345705320379,8.548239918026837,-40.09251294623375,57.129612050645584,False
KGS,20,48,48,-12.300026366123726,-64.24090024446606,32.92309531732459,-0.1262760533713513,-41.844305163172514,36.79210099887911,True
KGS,21,46,46,-27.815299159813367,-77.03279936484695,21.519336483685223,-13.373241330326145,-54.79733096028611,28.141371849292007,True
KGS,22,47,47,4.0295465881994526,-43.299814702877825,60.685221451356064,0.3216038602314847,-29.961895897084887,36.30601565541269,True
KGS,23,42,42,-36.08797048872274,-96.11128248812639,20.985902823408722,-17.92126238809256,-51.06660863410103,13.03994988341144,True
KGS,24,46,46,-50.43312022661224,-126.77423222317825,29.945317170891656,-12.183088168870182,-54.91891101177336,30.37323853041489,True
KGS,25,47,47,-50.17501574797726,-124.5007821861458,19.953088300001575,-31.554956226267098,-66.64161474925633,-1.4957240904639726,True
KGS,26,48,48,-0.16387084728559861,-65.16381913449844,61.133563729482205,-1.4486801732387782,-33.70248239821365,31.061300093079012,True
KGS,27,48,48,-33.97512914944544,-106.86174100426508,39.76648772208528,10.039066203154892,-31.409935429662465,61.35180271743708,True
KGS,28,47,47,-10.015127130917202,-112.2392265302436,112.99410331612272,46.80965835892223,-4.582093792187805,114.18345600445265,True
KGS,29,44,44,-24.473734413787383,-131.15376996622433,80.81264243934973,9.436991381922992,-29.37209420102087,48.539004066967934,False
KGS,30,40,40,-36.03912136712944,-146.82897173919127,70.94748772703748,8.223224096309176,-34.30892033019477,53.40022979580606,False
KGS,31,23,23,-60.73079481111566,-239.328583630776,59.74079895329021,10.423534032474475,-47.155318368860726,64.48650373042396,False
AMD,1,41,41,-96.18657464810038,-188.45750287613455,-8.04054452636079,-63.104996846990005,-177.6552832926223,24.57178754614556,False
AMD,2,42,42,-36.775652678611536,-109.21991895734962,38.60182777693097,4.999290381019625,-44.34360949479059,53.00088439589826,False
AMD,3,40,40,22.93086985541976,-73.29479610785884,114.99181426376528,0.8903204576261586,-44.016470200350824,42.64370180529882,False
AMD,4,39,39,5.431062810965645,-80.27818044299569,103.38646129329328,-33.57239813735752,-94.62970309258552,30.787094053243052,False
AMD,5,43,43,-7.233829625707247,-79.5921537676799,71.97750823823148,-20.57652522165761,-57.61901478942282,15.156950203007279,False
AMD,6,41,41,36.660705638309665,-47.413636035036774,123.4712512644626,21.04751940579649,-26.69249957339926,77.08017987044217,False
AMD,7,41,41,49.30067089496295,-26.958756244270155,125.33403801063709,48.45090274865069,-0.7488521405306114,103.47958099144084,False
AMD,8,38,38,-6.418050183404115,-74.99779536838889,60.52817545909574,10.65639957579562,-41.90977450794242,57.38027844424111,False
AMD,9,41,41,23.03903041976956,-49.647041506463395,98.56087174337549,24.674331758749865,-19.237060372514918,67.30397591308706,False
AMD,10,44,44,47.533405193101046,-23.596988563732573,126.83899079953994,36.58793610648781,-13.44891797012183,93.2445622333964,False
AMD,11,46,46,50.8884191541908,-17.614585394005616,123.35882643418805,50.69391458529294,-1.5614912706016284,106.15356311532395,False
AMD,12,44,44,7.164302355656679,-43.79623199125655,56.22054583529916,11.25812683929614,-23.501712672112056,49.237304341052,False
AMD,13,45,45,17.551617456311536,-30.145472476616163,60.757320273695804,9.021361514814345,-29.40608154651117,47.015333841587655,False
AMD,14,45,45,24.61071972286624,-30.4210658491208,85.36917501580591,12.700333985072115,-32.877010419245515,63.36506497401627,False
AMD,15,48,48,-8.930071426301987,-54.63120504114613,43.034283271691656,-16.39010028105309,-56.250331629800904,30.218446825669385,False
AMD,16,47,47,-5.832738233474145,-46.91022439519239,40.23307059863086,-18.919665377752512,-61.66745589744629,25.426627471687084,False
AMD,17,47,47,7.517132984203515,-27.06063760229519,43.20450022016676,1.432538253836958,-35.403324341983414,38.98158353996631,False
AMD,18,47,47,-26.077217367534335,-68.36791476200447,13.426844944627298,-26.487178898557723,-72.98680071854255,18.030609068145854,False
AMD,19,48,48,-12.792645571560273,-64.61056295614988,36.33168496740496,-13.934113256282238,-62.77457187576576,31.772455761329482,False
AMD,20,48,48,-19.7064958938026,-86.23498114050716,35.4020488889324,-15.939241901621793,-72.78387115337975,28.16239872346182,True
AMD,21,46,46,-16.048695842694798,-68.51103407530995,39.59219000185648,-19.054055967805024,-65.89126323578849,28.61435731929936,True
AMD,22,47,47,15.837228236433742,-37.83950372863996,77.50438670701489,-4.979848113352207,-42.75492818198459,39.83392262408354,True
AMD,23,42,42,-23.850848029572223,-85.46711547992189,33.99063205383692,-23.803684958777964,-68.53673092942613,20.809485924395684,True
AMD,24,46,46,-44.22685558407435,-121.3805736948821,34.384314480955354,-22.843701591191437,-72.10005710519889,23.203473723570294,True
AMD,25,47,47,-41.9653627020991,-119.34106001699426,29.5294323902344,-38.046145244118065,-77.19519340276929,-4.251491399310412,True
AMD,26,48,48,8.360565584358433,-49.19216641666227,66.73679054477972,-0.3420933884806499,-27.897810290707586,28.094701978000188,True
AMD,27,48,48,3.5567552355902214,-69.7698654493262,76.95712454345181,19.060094417739176,-23.588628944853795,72.54135383506758,True
AMD,28,47,47,42.775495374560094,-57.00970659100902,168.45116502570662,54.74018280556381,1.2915278461890338,123.20487181004432,True
AMD,29,44,44,7.853802987501457,-95.8229249461008,111.20043345716904,6.29670104628703,-49.755814134632075,56.34250291109853,False
AMD,30,40,40,2.3095413475592297,-109.10075571481809,108.57925532588602,8.193483307549489,-56.67865204046304,70.75743347826695,False
AMD,31,23,23,-47.07380191463547,-231.89781290543596,78.11797391216692,0.6891940983185484,-95.93308972757568,79.98700195943867,False
KZT,1,41,41,-46.96881935962196,-154.47949518347826,69.97481081109706,-80.909651286482,-190.1499333805908,2.40965077851476,False
KZT,2,42,42,-3.6751815861324366,-95.25591394132714,104.62026484514955,-12.388261325279137,-56.406187060358576,34.34880240436754,False
KZT,3,40,40,48.981537929010386,-56.89797565609749,156.91576948602955,-22.20445067348917,-73.0899142753423,20.08251604772037,False
KZT,4,39,39,39.86132264761515,-38.649740668488235,123.39769035517747,-44.73348322196432,-92.17315593739328,1.7263011842164324,False
KZT,5,43,43,10.325453477987562,-58.721932210031625,82.80182771352776,-25.451458079301457,-58.815534503752275,5.387802034172741,False
KZT,6,41,41,97.71319839780517,-4.535586425905683,203.39644828067293,41.480304558121304,-15.426399492019353,104.00689680556037,False
KZT,7,41,41,116.56121017182336,28.59219876526627,212.03763861089215,62.43362250849144,6.458798065186189,122.90780676509394,False
KZT,8,38,38,33.30294018390563,-45.5195259688922,114.29115436967032,13.750917222396975,-37.373434012272575,56.31881200201973,False
KZT,9,41,41,57.56371447404741,-18.442487190474385,141.0146353427337,38.558638128866015,-5.7781710240406445,90.75631907727276,False
KZT,10,44,44,64.30537135158275,-4.1185998950129274,144.7094356506299,41.005977798569134,-7.461890992057468,95.94568715112884,False
KZT,11,46,46,84.22453275713032,6.913350355527425,166.1458402421015,70.58606581840861,14.536713779841344,131.09856035724036,False
KZT,12,44,44,28.237179159923958,-27.07510021713032,82.76394184112395,24.559694224562648,-11.542186804819028,62.81681887844443,False
KZT,13,45,45,31.17753730310478,-15.442548412331872,72.51485358733258,17.419773818502488,-17.59133902292009,52.141471146735775,False
KZT,14,45,45,49.68878743584874,-13.671819614549053,117.45714688482519,27.726850150747183,-25.75320677446269,86.81010255965734,False
KZT,15,48,48,-2.251459729462939,-44.660739381508094,40.339234443101276,-12.625559645390128,-49.99317201746778,26.283124343311485,False
KZT,16,47,47,-10.924075528536605,-48.197170329358045,26.97839572593344,-20.914621554680778,-55.95250249474654,13.899268913894666,False
KZT,17,47,47,0.5377985488055486,-35.9496068348001,35.681435711855684,0.35273908920582614,-33.26891580808069,31.25348616265429,False
KZT,18,47,47,-35.025921904258176,-83.63671516071884,9.105580254050231,-27.813507853863644,-74.0700211198546,14.475327327687443,False
KZT,19,48,48,-14.910235403465071,-71.20134416300962,37.54404045702056,-12.92182185839488,-65.11016013624392,35.97012355422309,False
KZT,20,48,48,-29.240266802912455,-94.70200118647375,29.686282139686725,-16.840065800993017,-72.6534515406304,27.81205976347003,True
KZT,21,46,46,-45.27176050815451,-102.10953750952255,12.170323809568798,-21.54818613637522,-61.954943657962225,17.898816460647925,True
KZT,22,47,47,-14.485086512949938,-73.44557329721701,51.35600998390779,-5.119481864837801,-37.075816976750815,30.69025449508235,True
KZT,23,42,42,-45.60988410639434,-117.46409250184557,20.355854686811096,-22.18403179390784,-60.843646257487094,11.803572054960183,True
KZT,24,46,46,-91.12348720957299,-166.63310227644226,-21.45119265798791,-40.4560352491813,-83.15950865035299,-4.1529007926465065,True
KZT,25,47,47,-75.52309954737949,-142.06565425731785,-16.321017616052416,-39.7703685950573,-73.38561025773903,-9.06670245536046,True
KZT,26,48,48,-2.7382868855790625,-66.89885728345966,61.84005199418848,5.0252470073829265,-22.455712009845957,36.93081452951746,True
KZT,27,48,48,-42.293354942241535,-143.60364896652504,51.201515779631535,6.357704236598483,-39.11682726161381,63.02280332556632,True
KZT,28,47,47,-49.379686279388515,-134.70035566901075,44.21870092032321,26.401941159932516,-10.171438925536282,62.811332042927816,True
KZT,29,44,44,-44.14216915311289,-153.63179359603697,66.43875429931776,12.782847729082693,-32.37157765183148,59.15183104330351,False
KZT,30,40,40,-37.54975150803511,-149.6873430881378,75.3644148107918,13.35824440840961,-37.71405257242564,64.81465352468659,False
KZT,31,23,23,-50.66826675054913,-206.16677701959762,64.44147110707915,15.451386146034148,-63.317414741131664,89.32009946031256,False
