corridor,source,spread_source,n,n_next,gate_fact_T,gate_fact_T1,gate_survival,own_fact_n,own_fact_T,own_fact_T1,own_survival,n_scored,benefit_fwd_bps,hit_mean,share_positive,benefit_fwd_exec_bps,hit_mean_exec,share_positive_exec,benefit_fwd_at_p90_spread_bps,spread_days,spread_mean_bps,spread_p90_dev_bps
AMD,dip_vs_trend,CNY,87,87,0.7011494252873564,0.6896551724137931,0.9508196721311475,87,1.0,0.9195402298850575,0.9195402298850575,87,-34.86265742142139,0.5287356321839081,0.5057471264367817,-33.38280161497475,0.5336687879236347,0.5026063506158223,-108.00475816737931,1398,13.54913703554277,73.94069543891897
AMD,dip_vs_trend,AMD,87,87,0.7011494252873564,0.6896551724137931,0.9508196721311475,87,1.0,0.9195402298850575,0.9195402298850575,87,-34.86265742142139,0.5287356321839081,0.5057471264367817,-22.289033362945684,0.5396097712222887,0.5180275950656656,-251.06645228448593,1038,173.79648947473228,221.77173924190691
AMD,level,CNY,138,138,0.6956521739130435,0.6956521739130435,0.9375,138,1.0,0.8768115942028986,0.8768115942028986,138,63.649866636101265,0.6014492753623188,0.5652173913043478,65.14435187771998,0.5976809520847588,0.5559339428997947,-10.215296192359766,1398,13.54913703554277,73.94069543891897
AMD,level,AMD,138,138,0.6956521739130435,0.6956521739130435,0.9375,138,1.0,0.8768115942028986,0.8768115942028986,138,63.649866636101265,0.6014492753623188,0.5652173913043478,76.34778997916969,0.631258551841613,0.6005836195582362,-154.6912576796916,1038,173.79648947473228,221.77173924190691
AMD,ml_localmin,CNY,41,41,1.0,0.9512195121951219,0.9512195121951219,41,1.0,0.9512195121951219,0.9512195121951219,41,46.71681376768121,0.5609756097560976,0.5121951219512195,48.208784395025525,0.5594577619595938,0.5146376356467427,-27.024063863671067,1398,13.54913703554277,73.94069543891897
AMD,ml_localmin,AMD,41,41,1.0,0.9512195121951219,0.9512195121951219,41,1.0,0.9512195121951219,0.9512195121951219,41,46.71681376768121,0.5609756097560976,0.5121951219512195,59.39337164095126,0.6020489684665633,0.56875323088491,-171.2569307355799,1038,173.79648947473228,221.77173924190691
AMD,momentum,CNY,186,186,0.2849462365591398,0.3064516129032258,1.0,0,,,,186,15.632458639429672,0.543010752688172,0.5161290322580645,17.119813137377598,0.5488831971941484,0.5132139615733691,-57.880266086824165,1398,13.54913703554277,73.94069543891897
AMD,momentum,AMD,186,186,0.2849462365591398,0.3064516129032258,1.0,0,,,,186,15.632458639429672,0.543010752688172,0.5161290322580645,28.269795478202482,0.5899475832349224,0.5605123583400667,-201.66687914884488,1038,173.79648947473228,221.77173924190691
AMD,seasonality,CNY,19,19,0.15789473684210525,0.15789473684210525,1.0,0,,,,19,163.71680013834296,0.6842105263157895,0.6842105263157895,165.22614565006998,0.7265266169716136,0.682026955801521,89.11716617517027,1398,13.54913703554277,73.94069543891897
AMD,seasonality,AMD,19,19,0.15789473684210525,0.15789473684210525,1.0,0,,,,19,163.71680013834296,0.6842105263157895,0.6842105263157895,176.54098405959385,0.7362843524997464,0.7075347327857215,-56.79537812480049,1038,173.79648947473228,221.77173924190691
AMD,stream BUY_NOW,CNY,104,104,0.4423076923076923,0.46153846153846156,0.9782608695652174,67,1.0,0.9104477611940298,0.9104477611940298,104,78.86919444922488,0.6153846153846154,0.5576923076923077,80.36593981128755,0.6127090899086607,0.5676859799713877,4.892324820353095,1398,13.54913703554277,73.94069543891897
AMD,stream BUY_NOW,AMD,104,104,0.4423076923076923,0.46153846153846156,0.9782608695652174,67,1.0,0.9104477611940298,0.9104477611940298,104,78.86919444922488,0.6153846153846154,0.5576923076923077,91.5863209502395,0.6356528827627094,0.60667704164814,-139.80212867019142,1038,173.79648947473228,221.77173924190691
KGS,dip_vs_trend,CNY,86,86,0.7674418604651163,0.7674418604651163,0.9545454545454546,86,1.0,0.8604651162790697,0.8604651162790697,86,-93.70211574597639,0.3953488372093023,0.37209302325581395,-92.23099779341538,0.40486409155937053,0.38758858169477994,-166.41234672028313,1398,13.54913703554277,73.94069543891897
KGS,level,CNY,115,115,0.7130434782608696,0.6956521739130435,0.9146341463414634,115,1.0,0.9217391304347826,0.9217391304347826,115,-11.512334217722444,0.4608695652173913,0.40869565217391307,-10.029010811162772,0.48770292965105433,0.44339740001244016,-84.82582163237375,1398,13.54913703554277,73.94069543891897
KGS,ml_localmin,CNY,63,63,1.0,0.8888888888888888,0.8888888888888888,63,1.0,0.8888888888888888,0.8888888888888888,63,-7.147747459863052,0.5396825396825397,0.47619047619047616,-5.663775897755255,0.5516043327202126,0.5047233008606399,-80.49327006212724,1398,13.54913703554277,73.94069543891897
KGS,momentum,CNY,139,139,0.4748201438848921,0.45323741007194246,0.9242424242424242,0,,,,139,-9.191320789267213,0.460431654676259,0.4460431654676259,-7.707652704547992,0.4929292617408219,0.4569528926215251,-82.52184397494507,1398,13.54913703554277,73.94069543891897
KGS,seasonality,CNY,29,29,0.3448275862068966,0.41379310344827586,1.0,0,,,,29,-4.358058154974187,0.4482758620689655,0.41379310344827586,-2.87367231479134,0.5192886389423315,0.47193034384095506,-77.72405651478927,1398,13.54913703554277,73.94069543891897
KGS,stream BUY_NOW,CNY,114,114,0.5964912280701754,0.5964912280701754,0.9264705882352942,78,1.0,0.9230769230769231,0.9230769230769231,114,21.0216305509765,0.5175438596491229,0.4473684210526316,22.50978535875167,0.5395803528850739,0.4936124287829732,-52.53064961152881,1398,13.54913703554277,73.94069543891897
KZT,dip_vs_trend,CNY,132,132,0.7121212121212122,0.7121212121212122,0.9361702127659575,132,1.0,0.8939393939393939,0.8939393939393939,132,-125.12937211927452,0.3939393939393939,0.3560606060606061,-123.66292121807729,0.4129654918281528,0.3798445831707634,-197.60893336241736,1398,13.54913703554277,73.94069543891897
KZT,dip_vs_trend,KZT,132,132,0.7121212121212122,0.7121212121212122,0.9361702127659575,132,1.0,0.8939393939393939,0.8939393939393939,132,-125.12937211927452,0.3939393939393939,0.3560606060606061,-121.81789806277922,0.4275081354289275,0.39624731703939625,-363.0865965283193,1313,91.5753708534269,246.92265505189798
KZT,level,CNY,157,157,0.7452229299363057,0.7133757961783439,0.905982905982906,157,1.0,0.9426751592356688,0.9426751592356688,157,-37.92018249689911,0.46496815286624205,0.40764331210191085,-36.44078074302402,0.4908422405073672,0.4442834622709421,-111.03984162470204,1398,13.54913703554277,73.94069543891897
KZT,level,KZT,157,157,0.7452229299363057,0.7133757961783439,0.905982905982906,157,1.0,0.9426751592356688,0.9426751592356688,157,-37.92018249689911,0.46496815286624205,0.40764331210191085,-34.579463402184565,0.502811182637127,0.4649633018176879,-277.97890853442203,1313,91.5753708534269,246.92265505189798
KZT,ml_localmin,CNY,56,56,1.0,0.9642857142857143,0.9642857142857143,56,1.0,0.9642857142857143,0.9642857142857143,56,-49.34887506640447,0.5,0.48214285714285715,-47.871170511120596,0.5150597792765175,0.49081596157776414,-122.38464989291015,1398,13.54913703554277,73.94069543891897
KZT,ml_localmin,KZT,56,56,1.0,0.9642857142857143,0.9642857142857143,56,1.0,0.9642857142857143,0.9642857142857143,56,-49.34887506640447,0.5,0.48214285714285715,-46.011988509894195,0.5152866935045153,0.4882765749102383,-289.13220104402325,1313,91.5753708534269,246.92265505189798
KZT,momentum,CNY,229,229,0.4148471615720524,0.4104803493449782,0.9157894736842105,0,,,,229,-1.5354406228251358,0.5283842794759825,0.47161572052401746,-0.050635614616730586,0.5406507112468842,0.4999094151970063,-74.92215642674624,1398,13.54913703554277,73.94069543891897
KZT,momentum,KZT,229,229,0.4148471615720524,0.4104803493449782,0.9157894736842105,0,,,,229,-1.5354406228251358,0.5283842794759825,0.47161572052401746,1.817479859969171,0.5461242462842186,0.511815004140656,-242.47093887473525,1313,91.5753708534269,246.92265505189798
KZT,seasonality,CNY,32,32,0.34375,0.34375,0.9090909090909091,0,,,,32,28.67464136141878,0.53125,0.53125,30.163932666574315,0.5747049356223176,0.5356089055793991,-44.93381035883468,1398,13.54913703554277,73.94069543891897
KZT,seasonality,KZT,32,32,0.34375,0.34375,0.9090909090909091,0,,,,32,28.67464136141878,0.53125,0.53125,32.03769259999768,0.5724009900990099,0.5376999238385377,-212.98883678299177,1313,91.5753708534269,246.92265505189798
KZT,stream BUY_NOW,CNY,169,169,0.4556213017751479,0.42011834319526625,0.8701298701298701,58,1.0,0.9137931034482759,0.9137931034482759,169,26.523338511066086,0.5207100591715976,0.5029585798816568,28.01231034064339,0.5528100159991873,0.5193979565059129,-47.06932307961808,1398,13.54913703554277,73.94069543891897
KZT,stream BUY_NOW,KZT,169,169,0.4556213017751479,0.42011834319526625,0.8701298701298701,58,1.0,0.9137931034482759,0.9137931034482759,169,26.523338511066086,0.5207100591715976,0.5029585798816568,29.8856683241352,0.5568754872756279,0.5242387233716544,-215.08829915113216,1313,91.5753708534269,246.92265505189798
TJS,dip_vs_trend,CNY,104,104,0.7019230769230769,0.7211538461538461,0.958904109589041,104,1.0,0.9230769230769231,0.9230769230769231,104,-82.9974755103064,0.47115384615384615,0.46153846153846156,-81.52476788331703,0.4714839881148894,0.4462900297127765,-155.78627638763106,1398,13.54913703554277,73.94069543891897
TJS,level,CNY,92,92,0.9239130434782609,0.9239130434782609,0.9647058823529412,92,1.0,0.8913043478260869,0.8913043478260869,92,34.79440558175522,0.5652173913043478,0.5217391304347826,36.28460569210873,0.5793291658891584,0.5342492380419233,-38.85896397512793,1398,13.54913703554277,73.94069543891897
TJS,ml_localmin,CNY,53,53,1.0,0.9433962264150944,0.9433962264150944,53,1.0,0.9433962264150944,0.9433962264150944,53,-14.426393634259808,0.5660377358490566,0.49056603773584906,-12.943502975147535,0.5493967122843955,0.5068426593246417,-87.71849243979341,1398,13.54913703554277,73.94069543891897
TJS,momentum,CNY,218,218,0.38990825688073394,0.4036697247706422,0.9411764705882353,0,,,,218,19.919675086641718,0.5504587155963303,0.5091743119266054,21.407666250391088,0.5567980470134268,0.517705503274665,-53.624516944730104,1398,13.54913703554277,73.94069543891897
TJS,seasonality,CNY,28,28,0.2857142857142857,0.25,0.875,0,,,,28,74.91626245406239,0.5357142857142857,0.5357142857142857,76.41242079266874,0.5650929899856938,0.5408236255875741,0.9684065497680133,1398,13.54913703554277,73.94069543891897
TJS,stream BUY_NOW,CNY,147,147,0.4217687074829932,0.4557823129251701,0.9516129032258065,53,1.0,0.9245283018867925,0.9245283018867925,147,36.57555865458744,0.5306122448979592,0.47619047619047616,38.06602327205473,0.5411374850369333,0.4982676904810565,-37.09088420705986,1398,13.54913703554277,73.94069543891897
UZS,dip_vs_trend,CNY,87,87,0.8390804597701149,0.8390804597701149,0.9863013698630136,87,1.0,0.9080459770114943,0.9080459770114943,87,-115.5502036937206,0.45977011494252873,0.41379310344827586,-114.08233025437578,0.4563251278509529,0.4249502573462911,-188.10007410350673,1398,13.54913703554277,73.94069543891897
UZS,level,CNY,121,121,0.9834710743801653,0.9586776859504132,0.9663865546218487,121,1.0,0.9008264462809917,0.9008264462809917,121,-5.499111965010805,0.49586776859504134,0.4628099173553719,-4.01489557508721,0.5112853072275624,0.47283013513992833,-78.85673521971074,1398,13.54913703554277,73.94069543891897
UZS,ml_localmin,CNY,59,59,1.0,0.9661016949152542,0.9661016949152542,59,1.0,0.9661016949152542,0.9661016949152542,59,-61.35578261405627,0.423728813559322,0.3559322033898305,-59.87986112419749,0.4398535438034965,0.39000024247714654,-134.30342915779912,1398,13.54913703554277,73.94069543891897
UZS,momentum,CNY,216,216,0.42592592592592593,0.4537037037037037,1.0,0,,,,216,-16.89073055130984,0.49537037037037035,0.4861111111111111,-15.408205854368509,0.5116237482117311,0.47778572563980287,-90.16474162028122,1398,13.54913703554277,73.94069543891897
UZS,seasonality,CNY,26,26,0.3076923076923077,0.34615384615384615,0.875,0,,,,26,54.44014973739664,0.6153846153846154,0.5769230769230769,55.93326730563969,0.6074061846594035,0.571613293716298,-19.357415624206777,1398,13.54913703554277,73.94069543891897
UZS,stream BUY_NOW,CNY,111,111,0.7117117117117117,0.7117117117117117,0.9367088607594937,75,1.0,0.8933333333333333,0.8933333333333333,111,-16.40164481622394,0.4864864864864865,0.4144144144144144,-14.919047488435686,0.4831677170732965,0.4429622755803013,-89.67924567597083,1398,13.54913703554277,73.94069543891897
all,dip_vs_trend,CNY,496,496,0.7399193548387096,0.7419354838709677,0.9564032697547684,496,1.0,0.9012096774193549,0.9012096774193549,496,-93.33289404029722,0.44556451612903225,0.4173387096774194,-91.86172125709354,0.45260798837048316,0.42456389311920256,-166.04583502754872,1398,13.54913703554277,73.94069543891897
all,level,CNY,623,623,0.8009630818619583,0.7849117174959872,0.9378757515030061,623,1.0,0.9085072231139647,0.9085072231139647,623,6.487941050539178,0.5152487961476726,0.47030497592295345,7.973937557424261,0.5309660441309185,0.48768132415718857,-66.9576647586575,1398,13.54913703554277,73.94069543891897
all,ml_localmin,CNY,272,272,1.0,0.9411764705882353,0.9411764705882353,272,1.0,0.9411764705882353,0.9411764705882353,272,-20.893550610515376,0.5147058823529411,0.45955882352941174,-19.411620345572647,0.5205940208701506,0.4788826474795927,-94.13818178656874,1398,13.54913703554277,73.94069543891897
all,momentum,CNY,988,988,0.395748987854251,0.4048582995951417,0.9539641943734015,0,,,,988,1.9964769072912831,0.5192307692307693,0.48785425101214575,3.481806416917501,0.532703602022554,0.4954605480356553,-71.41616245984154,1398,13.54913703554277,73.94069543891897
all,seasonality,CNY,134,134,0.29850746268656714,0.31343283582089554,0.925,0,,,,134,55.33524837004272,0.5522388059701493,0.5373134328358209,56.82849886338891,0.588575363525719,0.5506640616659193,-18.46888683521817,1398,13.54913703554277,73.94069543891897
all,stream BUY_NOW,CNY,645,645,0.5147286821705427,0.5162790697674419,0.927710843373494,331,1.0,0.9123867069486404,0.9123867069486404,645,28.895086607014534,0.5317829457364341,0.4806201550387597,30.38441064901707,0.5454846901997317,0.5046567078107151,-44.71498313693579,1398,13.54913703554277,73.94069543891897
