window,pct,stall_days,rearm,n_events,freq_per_week,hit_mean,base_mean,lift_mean,hit_min,lift_min,benefit_excess_bps,empty_month_share,corridor,on_frontier
20,0.05,0,1,158,0.5510712506228203,0.5632911392405063,0.5375421799264362,1.0479012815656512,0.18354430379746836,0.9109727392425083,32.1449560625651,0.3787878787878788,TJS,False
20,0.05,0,3,80,0.279023418036871,0.5375,0.5409509229476688,0.9936206358076541,0.1625,0.7986111011822269,18.32932835564831,0.3787878787878788,TJS,False
20,0.05,0,5,62,0.21624314897857502,0.5645161290322581,0.5411612421038055,1.0431569837441772,0.14516129032258066,0.7213058918457608,41.60945581798958,0.3939393939393939,TJS,False
20,0.05,3,1,0,0.0,,,,,,,1.0,TJS,False
20,0.05,3,3,0,0.0,,,,,,,1.0,TJS,False
20,0.05,3,5,0,0.0,,,,,,,1.0,TJS,False
20,0.1,0,1,233,0.8126557050323868,0.5579399141630901,0.5367624439982793,1.0394540832757642,0.2145922746781116,1.0701877231182697,29.341163455249603,0.3484848484848485,TJS,False
20,0.1,0,3,104,0.3627304434479323,0.5192307692307693,0.5394429835091107,0.9625313241691278,0.20192307692307693,0.9872266580695479,-7.731063898808663,0.3484848484848485,TJS,False
20,0.1,0,5,78,0.2720478325859492,0.5512820512820513,0.5437068195704965,1.0139325670359238,0.23076923076923078,1.1234626624765283,37.45164561011395,0.36363636363636365,TJS,False
20,0.1,3,1,28,0.09765819631290484,0.4642857142857143,0.5428045488615465,0.8553460269621652,0.17857142857142858,0.8554602293630423,-24.546745152195864,0.696969696969697,TJS,False
20,0.1,3,3,25,0.08719481813652219,0.48,0.5417610112425231,0.885999527539136,0.2,0.968206627409718,-5.526308416589683,0.696969696969697,TJS,False
20,0.1,3,5,25,0.08719481813652219,0.48,0.5417610112425231,0.885999527539136,0.2,0.968206627409718,-5.526308416589683,0.696969696969697,TJS,False
20,0.15,0,1,314,1.0951669157947186,0.5509554140127388,0.5386550563692849,1.0228353145450122,0.20382165605095542,1.0053307092807648,10.615505847052258,0.2878787878787879,TJS,False
20,0.15,0,3,131,0.45690084703537626,0.5343511450381679,0.5395009700605639,0.9904544656855431,0.1984732824427481,0.9714515047274013,4.4722452627200635,0.30303030303030304,TJS,False
20,0.15,0,5,95,0.3313403089187843,0.5473684210526316,0.5430918173785816,1.0078745500064659,0.21052631578947367,1.0189010515374557,28.405051876700053,0.3333333333333333,TJS,False
20,0.15,3,1,73,0.25460886895864476,0.5342465753424658,0.5497434393442201,0.9718107340758076,0.1780821917808219,0.8308945036616578,-50.78297688406829,0.45454545454545453,TJS,False
20,0.15,3,3,51,0.17787742899850525,0.5294117647058824,0.5523145940572696,0.9585329998558532,0.17647058823529413,0.8045702774972782,-36.805443170873936,0.4696969696969697,TJS,False
20,0.15,3,5,49,0.17090184354758348,0.5102040816326531,0.5525486102807827,0.9233650617153631,0.16326530612244897,0.7473213921993402,-39.23338340236405,0.4696969696969697,TJS,False
20,0.2,0,1,373,1.300946686596911,0.5630026809651475,0.5415172999069643,1.0396762597646918,0.21179624664879357,1.0324917646567469,22.40242019793098,0.19696969696969696,TJS,False
20,0.2,0,3,152,0.530144494270055,0.5723684210526315,0.5432670485191051,1.0535673433771733,0.2236842105263158,1.0833669173316358,37.976008376519886,0.21212121212121213,TJS,False
20,0.2,0,5,109,0.3801694070752367,0.5871559633027523,0.5467047604777616,1.0739909467582478,0.24770642201834864,1.1880293925382959,52.91440269745778,0.22727272727272727,TJS,False
20,0.2,3,1,116,0.40458395615346293,0.5689655172413793,0.5523956606874721,1.0299963553900577,0.20689655172413793,0.9632053135089736,12.119658032681757,0.2878787878787879,TJS,False
20,0.2,3,3,77,0.2685600398604883,0.5844155844155844,0.5492900119158218,1.0639472259421778,0.2077922077922078,0.9749216959596063,31.55689150035002,0.30303030303030304,TJS,False
20,0.2,3,5,66,0.23019431988041858,0.5606060606060606,0.5507633320873699,1.0178710671993851,0.22727272727272727,1.0563493672154736,32.60903240037377,0.3333333333333333,TJS,False
20,0.3,0,1,450,1.5695067264573994,0.5711111111111111,0.5445521991424477,1.04877202224229,0.22666666666666666,1.0924151721920978,16.240771001222083,0.16666666666666666,TJS,False
20,0.3,0,3,176,0.6138515196811162,0.5795454545454546,0.5465503252211872,1.060369791767875,0.23295454545454544,1.1177130273592282,26.223326449905304,0.16666666666666666,TJS,False
20,0.3,0,5,118,0.41155954160438474,0.5847457627118644,0.5478125669989615,1.0674194020689067,0.22033898305084745,1.0518489595137648,8.409413907373832,0.19696969696969696,TJS,False
20,0.3,3,1,177,0.6173393124065771,0.5932203389830508,0.5544400871313375,1.0699448917057235,0.24293785310734464,1.1207130469634716,2.119121433498677,0.21212121212121213,TJS,False
20,0.3,3,3,99,0.34529147982062786,0.5959595959595959,0.5512867562685976,1.0810337618000618,0.21212121212121213,0.992483908824142,11.676084066096868,0.22727272727272727,TJS,False
20,0.3,3,5,80,0.279023418036871,0.5625,0.5503597484057892,1.0220587563486923,0.2125,0.9975176787930992,5.25316480094042,0.25757575757575757,TJS,False
20,0.4,0,1,540,1.8834080717488793,0.5740740740740741,0.5493254439220887,1.0450527650335735,0.2351851851851852,1.1005269087345007,28.68992380154612,0.12121212121212122,TJS,False
20,0.4,0,3,205,0.714997508719482,0.5658536585365853,0.5495309680506595,1.0297029493057088,0.22926829268292684,1.0761046400115515,24.029686444108318,0.15151515151515152,TJS,False
20,0.4,0,5,135,0.4708520179372198,0.5777777777777777,0.5498600643635002,1.0507723968762746,0.2222222222222222,1.037765124571652,23.24802875565339,0.13636363636363635,TJS,False
20,0.4,3,1,252,0.8789237668161436,0.5992063492063492,0.5599586601662745,1.0700903331478442,0.24603174603174602,1.0873600011782456,29.54145491336739,0.16666666666666666,TJS,False
20,0.4,3,3,123,0.42899850523168914,0.5691056910569106,0.5547699985930246,1.0258407853709526,0.21138211382113822,0.9622704697351544,36.43082598121923,0.16666666666666666,TJS,False
20,0.4,3,5,95,0.3313403089187843,0.5578947368421052,0.5559669099191094,1.0034675209775998,0.21052631578947367,0.9540641561783989,-13.28933777769649,0.19696969696969696,TJS,False
20,0.5,0,1,640,2.232187344294968,0.571875,0.5513958937950922,1.0371404764441683,0.23125,1.0678196164366527,21.156344255056357,0.09090909090909091,TJS,False
20,0.5,0,3,239,0.8335824613851521,0.5439330543933054,0.5540436542890157,0.9817512576537225,0.200836820083682,0.9198104250493918,4.087017640858928,0.10606060606060606,TJS,False
20,0.5,0,5,156,0.5440956651718984,0.5512820512820513,0.555569601489598,0.9922826047428606,0.21794871794871795,0.9857741897988036,23.367942421822242,0.10606060606060606,TJS,False
20,0.5,3,1,345,1.2032884902840062,0.591304347826087,0.5605838318169863,1.0548009312175988,0.23768115942028986,1.041816117896758,9.898929921093016,0.09090909090909091,TJS,False
20,0.5,3,3,157,0.5475834578973593,0.5605095541401274,0.5598207121821044,1.001230468868038,0.19745222929936307,0.8756261557754658,10.59247770938638,0.10606060606060606,TJS,False
20,0.5,3,5,119,0.4150473343298456,0.5462184873949579,0.5602511833376843,0.9749528490790026,0.20168067226890757,0.8892772993732858,-16.523777106190263,0.12121212121212122,TJS,False
40,0.05,0,1,150,0.5231689088191331,0.5,0.5202457033095974,0.9610843430694338,0.18,0.9453347621113273,-10.195189299424364,0.5909090909090909,TJS,False
40,0.05,0,3,69,0.24065769805680123,0.4492753623188406,0.5219190847330034,0.8608142056132609,0.18840579710144928,0.9788461286179355,-32.7081787386601,0.5909090909090909,TJS,False
40,0.05,0,5,49,0.17090184354758348,0.46938775510204084,0.5260549573723972,0.892278931172126,0.20408163265306123,1.053129470152108,-6.487107383379459,0.5909090909090909,TJS,False
40,0.05,3,1,20,0.06975585450921774,0.4,0.5171803294152525,0.7734246204844221,0.2,1.0183550164351516,-47.078313582493145,0.803030303030303,TJS,False
40,0.05,3,3,16,0.0558046836073742,0.375,0.5136886894474597,0.7300141266558978,0.25,1.3111736596458585,-45.9507203024163,0.803030303030303,TJS,False
40,0.05,3,5,15,0.05231689088191331,0.3333333333333333,0.5165955707382589,0.6452500799744986,0.2,1.051111810419863,-77.47963471398673,0.803030303030303,TJS,False
40,0.1,0,1,243,0.8475336322869956,0.5020576131687243,0.5235888349540609,0.9588776147466442,0.18930041152263374,0.9779990159868407,-17.579761512924197,0.48484848484848486,TJS,False
40,0.1,0,3,101,0.35226706527154966,0.5148514851485149,0.5279946773520874,0.9751073395862888,0.2079207920792079,1.0572942046462486,-11.236875423331158,0.48484848484848486,TJS,False
40,0.1,0,5,71,0.247633283507723,0.5352112676056338,0.5315327680464206,1.0069205508678853,0.2535211267605634,1.278468161377902,36.000777649779856,0.5,TJS,False
40,0.1,3,1,76,0.2650722471350275,0.4868421052631579,0.5262313371839473,0.9251484487191977,0.21052631578947367,1.063356965042532,-31.983741016533873,0.5909090909090909,TJS,False
40,0.1,3,3,50,0.17438963627304438,0.48,0.5323195469753976,0.9017140225778414,0.22,1.0905240161663734,-18.819437940835474,0.5909090909090909,TJS,False
40,0.1,3,5,44,0.15346287992027904,0.5,0.5361440073438378,0.9325852628235046,0.2727272727272727,1.3407608923482788,17.602224314646175,0.5909090909090909,TJS,False
40,0.15,0,1,293,1.0219232685600401,0.5187713310580204,0.5254351974916549,0.9873174342612624,0.19795221843003413,1.0217908253212038,-4.760055705063271,0.45454545454545453,TJS,False
40,0.15,0,3,117,0.40807174887892383,0.5299145299145299,0.5290178249757491,1.001695037286923,0.2222222222222222,1.1381547508711265,3.3717461411623995,0.45454545454545453,TJS,False
40,0.15,0,5,79,0.2755356253114101,0.5443037974683544,0.5325503926911684,1.0220700330682169,0.21518987341772153,1.0858201456131693,21.303708148974657,0.48484848484848486,TJS,False
40,0.15,3,1,122,0.4255107125062283,0.5409836065573771,0.529745300202062,1.0212145465963143,0.22950819672131148,1.1680365764040108,6.560043717293032,0.5,TJS,False
40,0.15,3,3,71,0.247633283507723,0.5070422535211268,0.5309273452533191,0.9550125041670322,0.19718309859154928,1.0019866783349733,-14.108378309551412,0.5,TJS,False
40,0.15,3,5,57,0.1988041853512706,0.5087719298245614,0.5333516462256351,0.9539146141668132,0.21052631578947367,1.055343370780006,8.695325198797649,0.5151515151515151,TJS,False
40,0.2,0,1,336,1.1718983557548581,0.5297619047619048,0.5275534406813424,1.0041862376590893,0.18154761904761904,0.9294628209088296,-8.553321288542847,0.45454545454545453,TJS,False
40,0.2,0,3,127,0.4429496761335327,0.5511811023622047,0.5311450483251896,1.0377223775316986,0.1889763779527559,0.9614728409497908,-6.021514203831418,0.4696969696969697,TJS,False
40,0.2,0,5,86,0.29995017438963634,0.5697674418604651,0.5318062047805779,1.071381711493099,0.19767441860465115,1.0051731966799518,5.911654933344131,0.48484848484848486,TJS,False
40,0.2,3,1,159,0.5545590433482811,0.5660377358490566,0.5330549518861337,1.0618750165366972,0.18867924528301888,0.9489680917582668,0.36689602772961244,0.48484848484848486,TJS,False
40,0.2,3,3,80,0.279023418036871,0.525,0.5350291371784495,0.9812549700912748,0.15,0.7504713224667389,-19.76592476821374,0.48484848484848486,TJS,False
40,0.2,3,5,65,0.22670652715495768,0.5384615384615384,0.5367637477164754,1.003163013061679,0.16923076923076924,0.8420167593857416,-7.195682459527701,0.5151515151515151,TJS,False
40,0.3,0,1,418,1.457897359242651,0.5191387559808612,0.5309436582238329,0.9777661865621248,0.16507177033492823,0.83803036612824,-5.102528708502496,0.4090909090909091,TJS,False
40,0.3,0,3,156,0.5440956651718984,0.5128205128205128,0.5325225203309534,0.9630024895506839,0.16666666666666666,0.84677522111586,-8.406928391612606,0.4090909090909091,TJS,False
40,0.3,0,5,101,0.35226706527154966,0.504950495049505,0.5355266647312267,0.9429044869370464,0.18811881188118812,0.9480140226472241,-12.321532942701724,0.42424242424242425,TJS,False
40,0.3,3,1,233,0.8126557050323868,0.5364806866952789,0.5364284961679877,1.0000972926078016,0.15879828326180256,0.791110653772557,3.241612369094606,0.42424242424242425,TJS,False
40,0.3,3,3,103,0.3592426507224714,0.5048543689320388,0.5362870937743569,0.9413882504218097,0.13592233009708737,0.6805764201252071,-15.677520584830612,0.42424242424242425,TJS,False
40,0.3,3,5,80,0.279023418036871,0.5125,0.5418169619995309,0.9458913912710686,0.1375,0.6736582523826612,-17.28472784255667,0.4393939393939394,TJS,False
40,0.4,0,1,515,1.796213253612357,0.5300970873786408,0.5342339401507381,0.9922564770577286,0.1883495145631068,0.9434123994291059,-2.077156992091447,0.3181818181818182,TJS,False
40,0.4,0,3,188,0.6557050323866469,0.526595744680851,0.5376095861927129,0.9795133089239337,0.20212765957446807,1.000744307317615,-3.6530995205137557,0.3484848484848485,TJS,False
40,0.4,0,5,119,0.4150473343298456,0.5210084033613446,0.5358634571599973,0.9722782854472248,0.21008403361344538,1.0453352933882174,-1.2121505617378745,0.3333333333333333,TJS,False
40,0.4,3,1,330,1.1509715994020928,0.5484848484848485,0.5399511201430581,1.0158046312405637,0.19696969696969696,0.9665138817436506,5.510354034018155,0.3333333333333333,TJS,False
40,0.4,3,3,139,0.48480318883906337,0.5107913669064749,0.542000317493235,0.9424189440864126,0.17266187050359713,0.8400380438758259,-10.281435984796943,0.36363636363636365,TJS,False
40,0.4,3,5,100,0.34877927254608876,0.54,0.5417820179655191,0.9967108211302199,0.2,0.9805717481187383,-5.489905115198391,0.3484848484848485,TJS,False
40,0.5,0,1,618,2.1554559043348283,0.5323624595469255,0.5412998032425145,0.9834891059593,0.21197411003236247,1.0301439722849683,6.534852010697596,0.19696969696969696,TJS,False
40,0.5,0,3,226,0.7882411559541606,0.5309734513274337,0.545053594400444,0.9741674154291223,0.21238938053097345,1.0162259774811964,10.451368886871725,0.21212121212121213,TJS,False
40,0.5,0,5,144,0.5022421524663678,0.5277777777777778,0.5462407583662565,0.9661999213612339,0.2222222222222222,1.0494626467778116,31.26753772759843,0.22727272727272727,TJS,False
40,0.5,3,1,431,1.5032386646736424,0.5475638051044084,0.5478937384776226,0.9993978150322891,0.2273781902552204,1.07916172296709,16.623378077117085,0.19696969696969696,TJS,False
40,0.5,3,3,174,0.6068759342301944,0.5344827586206896,0.547878051111979,0.9755505947644697,0.21839080459770116,1.0345032553675049,24.49228478938375,0.21212121212121213,TJS,False
40,0.5,3,5,121,0.4220229197807674,0.5454545454545454,0.5500502666134589,0.9916449069514894,0.24793388429752067,1.1522786759062307,45.88296657387562,0.21212121212121213,TJS,False
60,0.05,0,1,165,0.5754857997010464,0.5454545454545454,0.5133883667599934,1.0624598856747036,0.2,1.048888436498718,-21.410755631849735,0.6060606060606061,TJS,False
60,0.05,0,3,70,0.24414549078226214,0.5142857142857142,0.5160786061193168,0.9965259326537786,0.18571428571428572,0.9580422803370783,-20.024303054130225,0.6060606060606061,TJS,False
60,0.05,0,5,53,0.18485301444942703,0.5471698113207547,0.520319688561259,1.0516031265965338,0.22641509433962265,1.165862048361515,22.584782058187933,0.6060606060606061,TJS,False
60,0.05,3,1,40,0.1395117090184355,0.5,0.5209482867497232,0.9597881646172162,0.2,0.9889385890546781,-39.36731007771631,0.7121212121212122,TJS,False
60,0.05,3,3,28,0.09765819631290484,0.5,0.5305235458204344,0.9424652382332421,0.17857142857142858,0.8653983517274749,-6.889345555843461,0.7121212121212122,TJS,False
60,0.05,3,5,26,0.09068261086198308,0.5,0.5323822366912293,0.9391748363121846,0.23076923076923078,1.1234282970229956,-1.2350498181466967,0.7121212121212122,TJS,False
60,0.1,0,1,245,0.8545092177379174,0.5428571428571428,0.5167976394952245,1.050424965925486,0.22448979591836735,1.1766929025110808,-2.5442370419515,0.5151515151515151,TJS,False
60,0.1,0,3,98,0.34180368709516695,0.5204081632653061,0.5194980041179947,1.001751997389974,0.21428571428571427,1.1232968968237196,5.4578993908506765,0.5151515151515151,TJS,False
60,0.1,0,5,68,0.23716990533134036,0.5588235294117647,0.5224856765573557,1.0695480364052048,0.23529411764705882,1.2284277364323455,34.05224126366918,0.5303030303030303,TJS,False
60,0.1,3,1,107,0.37319382162431497,0.5420560747663551,0.5231018816165172,1.0362342285813706,0.2616822429906542,1.3523014094467725,23.56412086476532,0.5454545454545454,TJS,False
60,0.1,3,3,62,0.21624314897857502,0.4838709677419355,0.5240889948859089,0.9232610729543584,0.22580645161290322,1.1715603285414264,3.142851960659223,0.5454545454545454,TJS,False
60,0.1,3,5,49,0.17090184354758348,0.5102040816326531,0.525966600319482,0.9700313315004139,0.24489795918367346,1.2678797964313357,39.54125178761503,0.5606060606060606,TJS,False
60,0.15,0,1,314,1.0951669157947186,0.535031847133758,0.5214627279326779,1.0260212637917083,0.1910828025477707,0.9951766493766089,-1.2172734107659313,0.5,TJS,False
60,0.15,0,3,120,0.4185351270553065,0.5416666666666666,0.5231903447386286,1.035314722669946,0.2,1.0469040961971767,2.487568419934867,0.5,TJS,False
60,0.15,0,5,78,0.2720478325859492,0.5256410256410257,0.5239820172927855,1.0031661551226732,0.19230769230769232,0.999522081884185,12.086908525006406,0.5,TJS,False
60,0.15,3,1,172,0.5999003487792727,0.5348837209302325,0.5294278383331986,1.010305243136082,0.19186046511627908,0.9864981109558165,17.283706878993428,0.5151515151515151,TJS,False
60,0.15,3,3,81,0.2825112107623319,0.5061728395061729,0.5281700504626365,0.9583520289777965,0.18518518518518517,0.9610341622140125,12.973290781510043,0.5151515151515151,TJS,False
60,0.15,3,5,61,0.21275535625311415,0.5081967213114754,0.530875436456829,0.9572805340237327,0.19672131147540983,1.0080214846499493,20.335735694419043,0.5303030303030303,TJS,False
60,0.2,0,1,358,1.2486297957149977,0.5223463687150838,0.5229109273690514,0.9989203540709922,0.17597765363128492,0.9122565790986741,-1.006249651018642,0.4696969696969697,TJS,False
60,0.2,0,3,134,0.4673642252117589,0.5149253731343284,0.5258881899316581,0.9791537117447829,0.19402985074626866,0.997497912280389,2.636842769252965,0.4696969696969697,TJS,False
60,0.2,0,5,88,0.3069257598405581,0.4772727272727273,0.5294343866472921,0.9014766311178144,0.2159090909090909,1.0979297709494347,-8.105425317131681,0.4696969696969697,TJS,False
60,0.2,3,1,212,0.7394120577977081,0.5141509433962265,0.5298294275887655,0.9704084307587609,0.16981132075471697,0.8679281173091866,14.727808091602506,0.48484848484848486,TJS,False
60,0.2,3,3,93,0.32436472346786255,0.4946236559139785,0.5317889620498719,0.9301126785470812,0.15053763440860216,0.7629142220943358,3.453131592304549,0.48484848484848486,TJS,False
60,0.2,3,5,71,0.247633283507723,0.4788732394366197,0.5366730368595128,0.8922997925121704,0.15492957746478872,0.7719417448193986,-3.8140370971970814,0.5,TJS,False
60,0.3,0,1,457,1.5939212755356256,0.5229759299781181,0.528126041964288,0.9902483279048032,0.1772428884026258,0.9042038218012439,-0.1825876976234977,0.3939393939393939,TJS,False
60,0.3,0,3,164,0.5719980069755856,0.524390243902439,0.530368382040582,0.9887283285720347,0.16463414634146342,0.8334026338431042,-10.48214779359515,0.4090909090909091,TJS,False
60,0.3,0,5,105,0.36621823617339316,0.5238095238095238,0.5319124569209571,0.9847664159656306,0.19047619047619047,0.9600420824374211,7.431598873987922,0.4393939393939394,TJS,False
60,0.3,3,1,308,1.0742401594419533,0.5162337662337663,0.5355111874939045,0.9640018328088474,0.17207792207792208,0.8610919128976123,12.425151983700337,0.4090909090909091,TJS,False
60,0.3,3,3,126,0.4394618834080718,0.49206349206349204,0.5363108988336535,0.9174967227658642,0.15079365079365079,0.7512337671933335,-4.82299555324469,0.42424242424242425,TJS,False
60,0.3,3,5,86,0.29995017438963634,0.5116279069767442,0.5380503456836713,0.9508922558662173,0.1744186046511628,0.8597926479361975,9.144273067882134,0.45454545454545453,TJS,False
60,0.4,0,1,516,1.799701046337818,0.5155038759689923,0.5304732286716338,0.9717811344784985,0.1821705426356589,0.9228071837725398,-3.844265661285326,0.3787878787878788,TJS,False
60,0.4,0,3,182,0.6347782760338815,0.5164835164835165,0.5319449641599383,0.970934121538609,0.17582417582417584,0.8880292439775382,-7.075375156587702,0.3939393939393939,TJS,False
60,0.4,0,5,118,0.41155954160438474,0.5508474576271186,0.5336648419291546,1.0321973912237692,0.17796610169491525,0.8945146066432575,0.2537109251382696,0.4090909090909091,TJS,False
60,0.4,3,1,366,1.2765321375186849,0.505464480874317,0.5376342411473257,0.9401642272553964,0.18032786885245902,0.895780739738846,5.126603585186152,0.3939393939393939,TJS,False
60,0.4,3,3,143,0.4987543597409069,0.5034965034965035,0.5383032778067764,0.9353398432718316,0.17482517482517482,0.8658176899965179,-0.6321249016726316,0.4090909090909091,TJS,False
60,0.4,3,5,96,0.3348281016442452,0.53125,0.5387672125290958,0.986047383073279,0.16666666666666666,0.8237775259373001,-4.363185127658578,0.42424242424242425,TJS,False
60,0.5,0,1,582,2.0298953662182364,0.5240549828178694,0.5344832893132772,0.9804889943167234,0.1958762886597938,0.9775042061740906,0.9205900250594105,0.30303030303030304,TJS,False
60,0.5,0,3,208,0.7254608868958646,0.5288461538461539,0.5362215535166981,0.9862456113108953,0.1971153846153846,0.9806357726251534,0.5082177705855566,0.30303030303030304,TJS,False
60,0.5,0,5,131,0.45690084703537626,0.5419847328244275,0.5377008321783484,1.0079670708872144,0.22900763358778625,1.1348642087437093,11.438156126744369,0.3181818181818182,TJS,False
60,0.5,3,1,432,1.5067264573991035,0.5185185185185185,0.5419426403835311,0.9567774887607378,0.19907407407407407,0.9724196483511748,10.175373583300782,0.3181818181818182,TJS,False
60,0.5,3,3,167,0.5824613851519682,0.5209580838323353,0.5418825057067185,0.9613856848043217,0.19760479041916168,0.9623204731417914,7.347985232930084,0.3181818181818182,TJS,False
60,0.5,3,5,112,0.3906327852516194,0.5446428571428571,0.5416222339540062,1.0055769925964808,0.17857142857142858,0.8720249740849069,4.625518259902468,0.3333333333333333,TJS,False
120,0.05,0,1,155,0.5406078724464376,0.6645161290322581,0.5084196168721312,1.307022992386593,0.2903225806451613,1.5790102339724175,94.31545746474522,0.6515151515151515,TJS,True
120,0.05,0,3,64,0.2232187344294968,0.640625,0.5107232489236935,1.254348615125831,0.28125,1.5303720656816937,100.33597397323656,0.6515151515151515,TJS,False
120,0.05,0,5,47,0.16392625809666173,0.6808510638297872,0.5150138496034536,1.3220053486989207,0.2978723404255319,1.6256764638561385,112.52781795858733,0.6666666666666666,TJS,False
120,0.05,3,1,70,0.24414549078226214,0.7142857142857143,0.5167294445509686,1.3823205196027093,0.32857142857142857,1.7235338497412152,154.0949624087946,0.6666666666666666,TJS,True
120,0.05,3,3,41,0.1429995017438964,0.6585365853658537,0.5172251314528997,1.273210726470321,0.2682926829268293,1.4222791676217819,115.14282386880934,0.6666666666666666,TJS,False
120,0.05,3,5,35,0.12207274539113107,0.6857142857142857,0.5197061665908986,1.3194268796392117,0.3142857142857143,1.660236575215625,139.96504811179054,0.6818181818181818,TJS,False
120,0.1,0,1,236,0.8231190832087695,0.6186440677966102,0.5135011244251749,1.2047569876095885,0.21610169491525424,1.1618215111528876,80.20245240936218,0.6515151515151515,TJS,False
120,0.1,0,3,89,0.310413552566019,0.6067415730337079,0.5131938719838236,1.1822853041644135,0.23595505617977527,1.2846348580809592,79.73697426545195,0.6666666666666666,TJS,False
120,0.1,0,5,59,0.20577977080219237,0.6101694915254238,0.5156345076188656,1.1833371942911823,0.2542372881355932,1.370964640812539,67.68079248366932,0.6515151515151515,TJS,False
120,0.1,3,1,145,0.5057299451918287,0.6206896551724138,0.5201975446406927,1.1931806706260646,0.2,1.0511109718064537,104.56880655752573,0.6515151515151515,TJS,False
120,0.1,3,3,65,0.22670652715495768,0.5846153846153846,0.5183767199094784,1.127780940312044,0.18461538461538463,0.9856034614382156,79.91649936808113,0.6515151515151515,TJS,False
120,0.1,3,5,47,0.16392625809666173,0.5957446808510638,0.5205478819245682,1.1444570260251143,0.2127659574468085,1.1299701002207658,86.43844921939377,0.6666666666666666,TJS,False
120,0.15,0,1,301,1.0498256103637271,0.6212624584717608,0.515673494105535,1.2047593401118586,0.2292358803986711,1.2297372998410614,71.521597335844,0.5454545454545454,TJS,False
120,0.15,0,3,109,0.3801694070752367,0.6146788990825688,0.5170286658037648,1.1888681222867952,0.22018348623853212,1.1751137181236857,54.55549916433042,0.5606060606060606,TJS,False
120,0.15,0,5,72,0.2511210762331839,0.6111111111111112,0.518096812963862,1.1795307282728587,0.2222222222222222,1.1922834652095053,53.429240320307514,0.5757575757575758,TJS,False
120,0.15,3,1,207,0.7219730941704037,0.6231884057971014,0.5213633732080687,1.195305304940161,0.2222222222222222,1.1689240428857366,87.35106037367521,0.5454545454545454,TJS,False
120,0.15,3,3,86,0.29995017438963634,0.5930232558139535,0.52158591900745,1.1369617817567717,0.18604651162790697,0.9737598717807096,66.17747489399429,0.5606060606060606,TJS,False
120,0.15,3,5,59,0.20577977080219237,0.6101694915254238,0.5221525959024182,1.1685654659456188,0.22033898305084745,1.155143436634085,84.77378429758177,0.5757575757575758,TJS,False
120,0.2,0,1,364,1.269556552067763,0.6153846153846154,0.5185843260941728,1.1866625819941654,0.23076923076923078,1.220316575931454,54.754418844045965,0.5151515151515151,TJS,True
120,0.2,0,3,132,0.46038863976083716,0.5909090909090909,0.5203621644651654,1.135572743872404,0.25,1.322443888176281,48.56259789091967,0.5303030303030303,TJS,False
120,0.2,0,5,86,0.29995017438963634,0.6046511627906976,0.5219165541248003,1.1585207597115494,0.22093023255813954,1.1564982065599307,33.894011080100974,0.5151515151515151,TJS,False
120,0.2,3,1,269,0.9382162431489788,0.6133828996282528,0.5239230220130049,1.170750041239889,0.22676579925650558,1.1747726891697268,61.09243778104897,0.5151515151515151,TJS,False
120,0.2,3,3,109,0.3801694070752367,0.5963302752293578,0.5251553780003888,1.1355311212844825,0.21100917431192662,1.0986613944147667,48.74996426562816,0.5303030303030303,TJS,False
120,0.2,3,5,72,0.2511210762331839,0.5972222222222222,0.5268508552419144,1.1335698068630737,0.19444444444444445,0.9949359055000085,54.4078999127952,0.5303030303030303,TJS,False
120,0.3,0,1,456,1.5904334828101647,0.5964912280701754,0.5240057257844767,1.1383295996950842,0.21710526315789475,1.1342919568247223,40.1783868020218,0.4696969696969697,TJS,True
120,0.3,0,3,165,0.5754857997010464,0.5636363636363636,0.5254488493145079,1.072675988103646,0.20606060606060606,1.076314237458902,33.50832392985886,0.48484848484848486,TJS,False
120,0.3,0,5,104,0.3627304434479323,0.5480769230769231,0.5243449803125239,1.0452601696506265,0.19230769230769232,1.0118224409779077,30.692562185052473,0.48484848484848486,TJS,False
120,0.3,3,1,359,1.2521175884404585,0.5933147632311978,0.529502975362952,1.1205126143521773,0.2116991643454039,1.0852867157386057,43.81826417478957,0.4696969696969697,TJS,False
120,0.3,3,3,139,0.48480318883906337,0.5683453237410072,0.5303646915128896,1.0716122940231487,0.2014388489208633,1.0374193324663394,34.90989588829251,0.4696969696969697,TJS,False
120,0.3,3,5,89,0.310413552566019,0.5842696629213483,0.5294015565090813,1.1036417549923199,0.15730337078651685,0.8099926812666695,33.487855663603504,0.48484848484848486,TJS,False
120,0.4,0,1,546,1.9043348281016446,0.5824175824175825,0.5282263847823107,1.102590857246945,0.2032967032967033,1.0471907482633322,25.267669926044793,0.3939393939393939,TJS,True
120,0.4,0,3,195,0.6801195814648731,0.5743589743589743,0.5289058670035273,1.085937990465029,0.20512820512820512,1.0565743630270135,26.873315955146037,0.3939393939393939,TJS,False
120,0.4,0,5,121,0.4220229197807674,0.5619834710743802,0.529300454590588,1.0617475692687102,0.19834710743801653,1.019924753786796,17.98267742154083,0.3939393939393939,TJS,False
120,0.4,3,1,449,1.5660189337319386,0.576837416481069,0.5335335485272161,1.08116428305847,0.19599109131403117,0.9915901668208152,24.956704313247148,0.3939393939393939,TJS,False
120,0.4,3,3,171,0.5964125560538117,0.5555555555555556,0.5336189192577773,1.0411091801772892,0.1871345029239766,0.9478168335853827,20.74128816491854,0.3939393939393939,TJS,False
120,0.4,3,5,108,0.3766816143497759,0.5555555555555556,0.5326900923288802,1.0429245138138563,0.19444444444444445,0.9877033951324817,24.976759098086358,0.3939393939393939,TJS,False
120,0.5,0,1,626,2.1833582461385155,0.560702875399361,0.5310944913762584,1.055749747933511,0.19968051118210864,1.0137297230295264,14.368476055625639,0.3333333333333333,TJS,True
120,0.5,0,3,222,0.774289985052317,0.536036036036036,0.5329403170138908,1.0058087536696243,0.17567567567567569,0.8871871396291965,-2.5677445686572984,0.3333333333333333,TJS,False
120,0.5,0,5,137,0.47782760338814156,0.5255474452554745,0.532956438633453,0.9860983134062967,0.1897810218978102,0.9584119349396207,0.07414724550896083,0.3484848484848485,TJS,False
120,0.5,3,1,529,1.8450423517688095,0.5519848771266541,0.5361249693745105,1.029582482924918,0.19281663516068054,0.9617606793506388,12.106008445839626,0.3333333333333333,TJS,False
120,0.5,3,3,198,0.6905829596412557,0.5353535353535354,0.5364811679261137,0.997898094770153,0.18686868686868688,0.9317470487803134,6.527715393399865,0.3333333333333333,TJS,False
120,0.5,3,5,122,0.4255107125062283,0.5163934426229508,0.5365952395804169,0.962351889343516,0.18032786885245902,0.8985992634306287,4.643120327416168,0.3484848484848485,TJS,False
250,0.05,0,1,144,0.5022421524663678,0.6875,0.5061830221472916,1.3582043844211509,0.2708333333333333,1.5731878740009368,129.30171475195638,0.7424242424242424,TJS,True
250,0.05,0,3,59,0.20577977080219237,0.6779661016949152,0.5093870265374698,1.3309449718485222,0.3220338983050847,1.8565236400367697,137.21202225961662,0.7424242424242424,TJS,False
250,0.05,0,5,40,0.1395117090184355,0.675,0.5132259365076648,1.3152102261104632,0.3,1.6903574225214066,126.00704735234453,0.7424242424242424,TJS,False
250,0.05,3,1,97,0.3383158943697061,0.6701030927835051,0.5080149843800177,1.3190616682326801,0.23711340206185566,1.3333087084629796,162.30828985887376,0.7424242424242424,TJS,False
250,0.05,3,3,45,0.15695067264573995,0.6666666666666666,0.5132254343451277,1.2989743337980297,0.24444444444444444,1.3703896538206604,151.84278912650095,0.7424242424242424,TJS,False
250,0.05,3,5,35,0.12207274539113107,0.6857142857142857,0.5175656364251418,1.3248837199674948,0.3142857142857143,1.7281057059630147,160.300941567286,0.7424242424242424,TJS,False
250,0.1,0,1,235,0.8196312904833085,0.6510638297872341,0.5115270290791544,1.272784804664716,0.2553191489361702,1.4558647384551262,87.64079963652901,0.6515151515151515,TJS,False
250,0.1,0,3,87,0.3034379671150972,0.6551724137931034,0.5161752459302498,1.2692829014153,0.25287356321839083,1.4186717150512005,72.57767782708825,0.6515151515151515,TJS,False
250,0.1,0,5,57,0.1988041853512706,0.6491228070175439,0.5144554349004264,1.2617668372833548,0.2807017543859649,1.5889720281110684,91.52850013860228,0.6666666666666666,TJS,False
250,0.1,3,1,185,0.6452416542102641,0.6324324324324324,0.5138273948594487,1.2308266136830377,0.23243243243243245,1.2943180912947554,97.50819256023424,0.6515151515151515,TJS,False
250,0.1,3,3,75,0.26158445440956657,0.64,0.5181781537723973,1.2350964534894524,0.25333333333333335,1.4056116929910585,100.826979715881,0.6666666666666666,TJS,False
250,0.1,3,5,49,0.17090184354758348,0.6530612244897959,0.5175896065153808,1.2617355840787916,0.30612244897959184,1.6946848000202503,122.23474575162945,0.6666666666666666,TJS,False
250,0.15,0,1,286,0.9975087194818139,0.6608391608391608,0.5168337952417199,1.278629932723518,0.24825174825174826,1.3766649147481886,88.68762667350175,0.6212121212121212,TJS,True
250,0.15,0,3,103,0.3592426507224714,0.6407766990291263,0.5166803279142966,1.240180174104507,0.27184466019417475,1.5144395083318418,78.49439090777454,0.6212121212121212,TJS,False
250,0.15,0,5,70,0.24414549078226214,0.6714285714285714,0.5211570750671752,1.2883420441755045,0.2571428571428571,1.4089764891152274,68.47689331312208,0.6212121212121212,TJS,False
250,0.15,3,1,236,0.8231190832087695,0.6483050847457628,0.5197613629429177,1.247312961230945,0.2288135593220339,1.2390031964932202,96.64444465118858,0.6212121212121212,TJS,False
250,0.15,3,3,90,0.3139013452914799,0.6444444444444445,0.5206468827585613,1.2377764388599857,0.24444444444444444,1.330085989855318,89.09584998545341,0.6212121212121212,TJS,False
250,0.15,3,5,61,0.21275535625311415,0.6721311475409836,0.5216023278876312,1.2885892405100248,0.26229508196721313,1.4192578964327853,95.77497715612273,0.6212121212121212,TJS,False
250,0.2,0,1,345,1.2032884902840062,0.6550724637681159,0.523297791401472,1.2518158389580263,0.2318840579710145,1.2487713800269025,71.50141841314822,0.5909090909090909,TJS,True
250,0.2,0,3,127,0.4429496761335327,0.6299212598425197,0.5251951410150354,1.1994042035976988,0.2047244094488189,1.0977968839726167,54.32288925951682,0.5909090909090909,TJS,False
250,0.2,0,5,81,0.2825112107623319,0.6172839506172839,0.5255047714677761,1.174649563872011,0.2222222222222222,1.1908060790974917,47.37329922510955,0.5909090909090909,TJS,False
250,0.2,3,1,294,1.025411061285501,0.6462585034013606,0.5269281250980241,1.2264642417429086,0.21428571428571427,1.126464902333221,78.02193658605091,0.5909090909090909,TJS,False
250,0.2,3,3,114,0.3976083707025412,0.6228070175438597,0.5281682312176756,1.1791830343676621,0.21052631578947367,1.1073628909493938,63.8341259898166,0.5909090909090909,TJS,False
250,0.2,3,5,75,0.26158445440956657,0.6133333333333333,0.5274575831252197,1.1628107225215993,0.2,1.0605242067090581,55.937743669260186,0.5909090909090909,TJS,False
250,0.3,0,1,484,1.6880916791230696,0.5950413223140496,0.535158608756453,1.1118971321357343,0.20867768595041322,1.066308843038894,35.10152788904547,0.5303030303030303,TJS,True
250,0.3,0,3,169,0.58943697060289,0.5976331360946746,0.5363997812205729,1.1141561891296186,0.20710059171597633,1.0541151979201009,33.43328052855656,0.5303030303030303,TJS,False
250,0.3,0,5,105,0.36621823617339316,0.5428571428571428,0.536668182078732,1.0115321924889202,0.19047619047619047,0.9697372334875564,17.77469081940202,0.5454545454545454,TJS,False
250,0.3,3,1,433,1.5102142501245643,0.581986143187067,0.539020548229641,1.0797104954505765,0.19399538106235567,0.9701619473831363,35.24156928882412,0.5303030303030303,TJS,False
250,0.3,3,3,156,0.5440956651718984,0.5769230769230769,0.5397252981433996,1.0689198355304705,0.19230769230769232,0.9615057066899234,30.651901522183135,0.5303030303030303,TJS,False
250,0.3,3,5,98,0.34180368709516695,0.5510204081632653,0.5391217784539052,1.0220703933413393,0.23469387755102042,1.1779473374942269,34.9664380446735,0.5454545454545454,TJS,False
250,0.4,0,1,559,1.949676133532636,0.5724508050089445,0.5375323768803184,1.0649606044779711,0.2003577817531306,1.0172362955527123,23.409466271462694,0.45454545454545453,TJS,True
250,0.4,0,3,191,0.6661684105630296,0.581151832460733,0.5366021115683888,1.0830218889041148,0.18848167539267016,0.9604405903194759,22.65141700630324,0.45454545454545453,TJS,False
250,0.4,0,5,118,0.41155954160438474,0.5338983050847458,0.5375227705124532,0.9932570941613282,0.19491525423728814,0.9886137870484019,20.611664180497524,0.48484848484848486,TJS,False
250,0.4,3,1,508,1.7717987045341308,0.5590551181102362,0.5410624594909631,1.033254309744943,0.18700787401574803,0.931678969341469,22.355022932107232,0.45454545454545453,TJS,False
250,0.4,3,3,179,0.6243148978574988,0.553072625698324,0.5397273806363062,1.0247258996686153,0.17318435754189945,0.8707297720813605,21.174369848394935,0.45454545454545453,TJS,False
250,0.4,3,5,112,0.3906327852516194,0.5625,0.5392097711174986,1.0431932619363202,0.21428571428571427,1.0740358730997395,27.346640597665274,0.4696969696969697,TJS,False
250,0.5,0,1,686,2.392625809666169,0.5714285714285714,0.5433502383811605,1.0516763057490626,0.2230320699708455,1.105816625921753,23.101038245527004,0.3484848484848485,TJS,True
250,0.5,0,3,237,0.8266068759342303,0.5864978902953587,0.5436078500500225,1.0788988610841241,0.24050632911392406,1.1910648396241361,28.969589941255155,0.3484848484848485,TJS,False
250,0.5,0,5,146,0.5092177379172895,0.5753424657534246,0.5448969798261084,1.0558738386419984,0.21232876712328766,1.0451373358487845,20.009848880079655,0.3484848484848485,TJS,False
250,0.5,3,1,635,2.2147483806676638,0.5606299212598426,0.5466415657870667,1.0255896301128056,0.2141732283464567,1.0443583925268969,22.232712189282463,0.3484848484848485,TJS,False
250,0.5,3,3,222,0.774289985052317,0.5630630630630631,0.54661196264686,1.0300964880763712,0.22522522522522523,1.1008805350177822,22.27637778635009,0.3484848484848485,TJS,False
250,0.5,3,5,139,0.48480318883906337,0.5755395683453237,0.5463996806247159,1.0533307188014664,0.22302158273381295,1.090380290151455,29.069868967961394,0.3484848484848485,TJS,False
