indicator,corridor,source,transferred,split,window,params,h,tol_bps,n_events,n_scored,hit_rate,base_rate,lift,lift_ci_lo,lift_ci_hi,hit_mean,base_mean,lift_mean,benefit_fwd_bps,benefit_random_day_bps,benefit_excess_bps,benefit_excess_ci_lo,benefit_excess_ci_hi,benefit_fwd_ci_lo,benefit_fwd_ci_hi,benefit_fwd_block_ci_lo,benefit_fwd_block_ci_hi,benefit_sym_bps,vs_wait5_bps,freq_per_week,clump_share_series,clump_cv_gaps,longest_gap_days,empty_month_share
momentum,TJS,KZT,True,0,2021-01…2021-06,"{""n"": 2, ""rearm"": 3}",20,25.0,18,18,0.16666666666666666,0.15254237288135594,1.0925925925925926,,,0.5555555555555556,0.5338983050847458,1.0405643738977073,30.402026927054035,-2.594269522656172,32.99629644971021,,,,,,,67.18389855784793,30.45129894936142,0.6961325966850829,0.17647058823529413,0.46851268097182275,16.0,0.0
momentum,UZS,KZT,True,0,2021-01…2021-06,"{""n"": 2, ""rearm"": 3}",20,25.0,17,17,0.058823529411764705,0.13559322033898305,0.4338235294117647,,,0.5294117647058824,0.5169491525423728,1.0241080038572807,16.644132407251018,-12.978020395404887,29.622152802655904,,,,,,,53.02572834171558,-0.3994059094691188,0.6574585635359116,0.3125,0.6301854355178735,28.0,0.0
momentum,KGS,KZT,True,0,2021-01…2021-06,"{""n"": 2, ""rearm"": 3}",20,25.0,18,18,0.2222222222222222,0.1440677966101695,1.5424836601307188,,,0.5555555555555556,0.5,1.1111111111111112,28.42162750601094,-8.151508733265231,36.57313623927617,,,,,,,71.46470308171911,17.909391252850273,0.6961325966850829,0.17647058823529413,0.4583098141252938,16.0,0.0
momentum,AMD,KZT,True,0,2021-01…2021-06,"{""n"": 2, ""rearm"": 3}",20,25.0,16,16,0.0625,0.1864406779661017,0.3352272727272727,,,0.5,0.5508474576271186,0.9076923076923077,0.9137615125649035,43.40759409925216,-42.493832586687255,,,,,,,39.125174227886006,-49.31746094270877,0.6187845303867403,0.26666666666666666,0.6449806198638839,25.0,0.0
momentum,KZT,KZT,False,0,2021-01…2021-06,"{""n"": 2, ""rearm"": 3}",20,25.0,19,19,0.21052631578947367,0.15254237288135594,1.3801169590643274,,,0.42105263157894735,0.4152542372881356,1.0139634801288937,2.488444747268979,-18.204220636461798,20.692665383730777,,,,,,,40.87820322213372,11.169538576532545,0.7348066298342542,0.2222222222222222,0.5519075096395172,23.0,0.0
level,TJS,KZT,True,0,2021-01…2021-06,"{""window"": 250, ""pct"": 0.25, ""stall_days"": 0, ""rearm"": 5}",20,25.0,19,19,0.15789473684210525,0.15254237288135594,1.0350877192982455,,,0.5789473684210527,0.5338983050847458,1.0843776106934002,26.26375853544241,-2.594269522656172,28.858028058098583,,,,,,,55.00297315663581,16.914424876473806,0.7348066298342542,0.0,0.8014103786667915,37.0,0.0
level,UZS,KZT,True,0,2021-01…2021-06,"{""window"": 250, ""pct"": 0.25, ""stall_days"": 0, ""rearm"": 5}",20,25.0,12,12,0.25,0.13559322033898305,1.84375,,,0.6666666666666666,0.5169491525423728,1.289617486338798,81.02788962521653,-12.978020395404887,94.00591002062141,,,,,,,95.82028980090335,29.170688824478045,0.46408839779005523,0.0,1.2132783848224633,60.0,0.3333333333333333
level,KGS,KZT,True,0,2021-01…2021-06,"{""window"": 250, ""pct"": 0.25, ""stall_days"": 0, ""rearm"": 5}",20,25.0,21,21,0.14285714285714285,0.1440677966101695,0.9915966386554621,,,0.5238095238095238,0.5,1.0476190476190477,2.9149256959196532,-8.151508733265231,11.066434429184884,,,,,,,43.46609404581589,-8.035557760483718,0.8121546961325967,0.0,0.6333442909418073,30.0,0.0
level,AMD,KZT,True,0,2021-01…2021-06,"{""window"": 250, ""pct"": 0.25, ""stall_days"": 0, ""rearm"": 5}",20,25.0,16,16,0.25,0.1864406779661017,1.3409090909090908,,,0.6875,0.5508474576271186,1.248076923076923,101.04021744854295,43.40759409925216,57.63262334929079,,,,,,,93.34391886083455,51.50366924634636,0.6187845303867403,0.0,0.7595126754256519,37.0,0.16666666666666666
level,KZT,KZT,False,0,2021-01…2021-06,"{""window"": 250, ""pct"": 0.25, ""stall_days"": 0, ""rearm"": 5}",20,25.0,10,10,0.1,0.15254237288135594,0.6555555555555556,,,0.4,0.4152542372881356,0.963265306122449,-12.397637965521847,-18.204220636461798,5.806582670939951,,,,,,,43.72400896425776,-8.06796718992353,0.3867403314917127,0.0,0.0,102.0,0.5
reversal,TJS,KZT,True,0,2021-01…2021-06,"{""window"": 60, ""rise_bps"": 30, ""max_days_since_min"": 10, ""rearm"": 3}",20,25.0,13,13,0.6923076923076923,0.4067796610169492,1.7019230769230769,,,0.6923076923076923,0.4067796610169492,1.7019230769230769,70.37810646591505,-2.594269522656172,72.97237598857123,,,,,,,30.91434646461623,55.103140257035655,0.5027624309392265,0.75,1.6482463336320097,82.0,0.3333333333333333
reversal,UZS,KZT,True,0,2021-01…2021-06,"{""window"": 60, ""rise_bps"": 30, ""max_days_since_min"": 10, ""rearm"": 3}",20,25.0,11,11,0.7272727272727273,0.3898305084745763,1.8656126482213438,,,0.7272727272727273,0.3898305084745763,1.8656126482213438,67.85528726401266,-12.978020395404887,80.83330765941754,,,,,,,41.35168618169084,42.749065238719986,0.42541436464088395,0.7,1.3716742650272657,63.0,0.3333333333333333
reversal,KGS,KZT,True,0,2021-01…2021-06,"{""window"": 60, ""rise_bps"": 30, ""max_days_since_min"": 10, ""rearm"": 3}",20,25.0,7,7,0.8571428571428571,0.4152542372881356,2.064139941690962,,,0.8571428571428571,0.4152542372881356,2.064139941690962,162.59271663756115,-8.151508733265231,170.74422537082637,,,,,,,81.49915725736186,78.5760788728545,0.27071823204419887,0.8333333333333334,1.661079068999844,82.0,0.6666666666666666
reversal,AMD,KZT,True,0,2021-01…2021-06,"{""window"": 60, ""rise_bps"": 30, ""max_days_since_min"": 10, ""rearm"": 3}",20,25.0,9,9,1.0,0.5254237288135594,1.9032258064516128,,,1.0,0.5254237288135594,1.9032258064516128,227.92067638468268,43.40759409925216,184.51308228543053,,,,,,,100.28051139759857,104.56169346942539,0.34806629834254144,0.625,1.7036725037400822,82.0,0.5
reversal,KZT,KZT,False,0,2021-01…2021-06,"{""window"": 60, ""rise_bps"": 30, ""max_days_since_min"": 10, ""rearm"": 3}",20,25.0,9,9,0.4444444444444444,0.3813559322033898,1.165432098765432,,,0.4444444444444444,0.3813559322033898,1.165432098765432,24.04626881632516,-18.204220636461798,42.25048945278696,,,,,,,32.90152085765293,7.726729345117757,0.34806629834254144,0.5,0.9146295922900952,71.0,0.3333333333333333
seasonality,TJS,KZT,True,0,2021-01…2021-06,"{""min_share"": 0.5, ""min_years"": 4, ""from_day"": 20, ""rearm"": 20}",20,25.0,2,2,0.0,0.15254237288135594,0.0,,,0.5,0.5338983050847458,0.9365079365079365,-70.28371512916186,-2.594269522656172,-67.68944560650569,,,,,,,-32.496894624499674,-140.61299317232323,0.07734806629834254,0.0,0.0,99.0,0.6666666666666666
seasonality,UZS,KZT,True,0,2021-01…2021-06,"{""min_share"": 0.5, ""min_years"": 4, ""from_day"": 20, ""rearm"": 20}",20,25.0,1,1,0.0,0.13559322033898305,0.0,,,1.0,0.5169491525423728,1.9344262295081969,3.5117682131935446,-12.978020395404887,16.48978860859843,,,,,,,-24.067342215857714,-147.31380410035965,0.03867403314917127,0.0,,161.0,0.8333333333333334
seasonality,KGS,KZT,True,0,2021-01…2021-06,"{""min_share"": 0.5, ""min_years"": 4, ""from_day"": 20, ""rearm"": 20}",20,25.0,3,3,0.0,0.1440677966101695,0.0,,,0.3333333333333333,0.5,0.6666666666666666,-87.25917662570139,-8.151508733265231,-79.10766789243615,,,,,,,-24.1213651031269,-64.38374785052454,0.11602209944751381,0.0,0.024390243902439025,99.0,0.5
seasonality,AMD,KZT,True,0,2021-01…2021-06,"{""min_share"": 0.5, ""min_years"": 4, ""from_day"": 20, ""rearm"": 20}",20,25.0,3,3,0.3333333333333333,0.1864406779661017,1.7878787878787878,,,0.3333333333333333,0.5508474576271186,0.6051282051282051,44.8224739941024,43.40759409925216,1.4148798948502446,,,,,,,21.445631072875372,35.981401180610334,0.11602209944751381,0.0,0.024390243902439025,99.0,0.5
seasonality,KZT,KZT,False,0,2021-01…2021-06,"{""min_share"": 0.5, ""min_years"": 4, ""from_day"": 20, ""rearm"": 20}",20,25.0,4,4,0.25,0.15254237288135594,1.6388888888888888,,,0.5,0.4152542372881356,1.2040816326530612,-0.1710094898796335,-18.204220636461798,18.033211146582165,,,,,,,15.642208151038506,-21.346076769448725,0.15469613259668508,0.0,0.23462225191445768,62.0,0.3333333333333333
dip_vs_trend,TJS,KZT,True,0,2021-01…2021-06,"{""span"": 80, ""window"": 120, ""pct"": 0.2, ""rearm"": 3}",20,25.0,1,1,1.0,0.15254237288135594,6.555555555555555,,,1.0,0.5338983050847458,1.873015873015873,164.0973822589986,-2.594269522656172,166.69165178165477,,,,,,,135.94283464883893,-23.308758917072183,0.03867403314917127,0.0,,168.0,0.8333333333333334
dip_vs_trend,UZS,KZT,True,0,2021-01…2021-06,"{""span"": 80, ""window"": 120, ""pct"": 0.2, ""rearm"": 3}",20,25.0,9,9,0.3333333333333333,0.13559322033898305,2.458333333333333,,,1.0,0.5169491525423728,1.9344262295081969,97.45318995967718,-12.978020395404887,110.43121035508206,,,,,,,102.1087653166043,57.55007237458588,0.34806629834254144,0.625,1.6943227128315876,113.0,0.5
dip_vs_trend,KGS,KZT,True,0,2021-01…2021-06,"{""span"": 80, ""window"": 120, ""pct"": 0.2, ""rearm"": 3}",20,25.0,3,3,0.6666666666666666,0.1440677966101695,4.627450980392156,,,1.0,0.5,2.0,169.41500649558571,-8.151508733265231,177.56651522885096,,,,,,,219.37563662571606,179.76687983943438,0.11602209944751381,0.5,0.9405940594059405,142.0,0.6666666666666666
dip_vs_trend,AMD,KZT,True,0,2021-01…2021-06,"{""span"": 80, ""window"": 120, ""pct"": 0.2, ""rearm"": 3}",20,25.0,3,3,0.3333333333333333,0.1864406779661017,1.7878787878787878,,,1.0,0.5508474576271186,1.8153846153846154,182.51366425384128,43.40759409925216,139.10607015458913,,,,,,,125.2994202592846,147.02827725126136,0.11602209944751381,1.0,0.0,161.0,0.8333333333333334
dip_vs_trend,KZT,KZT,False,0,2021-01…2021-06,"{""span"": 80, ""window"": 120, ""pct"": 0.2, ""rearm"": 3}",20,25.0,19,19,0.21052631578947367,0.15254237288135594,1.3801169590643274,,,0.5263157894736842,0.4152542372881356,1.267454350161117,21.724485656218324,-18.204220636461798,39.92870629268012,,,,,,,60.271155815703665,8.607418843191361,0.7348066298342542,0.6666666666666666,1.2751622567984964,42.0,0.16666666666666666
momentum,TJS,KZT,True,1,2021-07…2021-12,"{""n"": 2, ""rearm"": 3}",20,25.0,19,19,0.0,0.17829457364341086,0.0,,,0.6842105263157895,0.5581395348837209,1.2258771929824561,12.729573480164213,33.342203091136966,-20.612629610972753,,,,,,,16.02958553318466,-5.811600920741308,0.7228260869565217,0.2222222222222222,0.5947419253519495,22.0,0.0
momentum,UZS,KZT,True,1,2021-07…2021-12,"{""n"": 2, ""rearm"": 3}",20,25.0,21,21,0.047619047619047616,0.14728682170542637,0.3233082706766917,,,0.5238095238095238,0.5116279069767442,1.0238095238095237,-4.999047584125871,10.345720517709584,-15.344768101835456,,,,,,,28.19647582486106,-11.390467140098732,0.7989130434782609,0.3,0.5576625753694919,22.0,0.0
momentum,KGS,KZT,True,1,2021-07…2021-12,"{""n"": 2, ""rearm"": 3}",20,25.0,20,20,0.0,0.16279069767441862,0.0,,,0.55,0.5348837209302325,1.0282608695652176,-2.2762703399586384,25.66914672872073,-27.94541706867937,,,,,,,16.610802632860405,-24.83340230372233,0.7608695652173914,0.3684210526315789,0.6277260301506923,22.0,0.0
momentum,AMD,KZT,True,1,2021-07…2021-12,"{""n"": 2, ""rearm"": 3}",20,25.0,18,18,0.16666666666666666,0.13953488372093023,1.1944444444444444,,,0.7222222222222222,0.6589147286821705,1.0960784313725491,43.76144732596936,51.49644441112181,-7.73499708515245,,,,,,,44.091947974659696,-8.328960399619193,0.6847826086956522,0.29411764705882354,0.45806314998390096,27.0,0.0
momentum,KZT,KZT,False,1,2021-07…2021-12,"{""n"": 2, ""rearm"": 3}",20,25.0,20,20,0.15,0.2248062015503876,0.6672413793103448,,,0.5,0.5271317829457365,0.9485294117647058,-6.470895272085104,10.733408670057983,-17.20430394214309,,,,,,,16.999927568994263,-0.5604521568076706,0.7608695652173914,0.21052631578947367,0.5179652497996368,22.0,0.0
level,TJS,KZT,True,1,2021-07…2021-12,"{""window"": 250, ""pct"": 0.3, ""stall_days"": 0, ""rearm"": 3}",20,25.0,28,28,0.10714285714285714,0.17829457364341086,0.6009316770186335,,,0.5714285714285714,0.5581395348837209,1.0238095238095237,20.596210962242576,33.342203091136966,-12.74599212889439,,,,,,,24.645792544920884,5.189916216559692,1.065217391304348,0.8518518518518519,0.31201521944363747,48.0,0.16666666666666666
level,UZS,KZT,True,1,2021-07…2021-12,"{""window"": 250, ""pct"": 0.3, ""stall_days"": 0, ""rearm"": 3}",20,25.0,40,40,0.125,0.14728682170542637,0.8486842105263157,,,0.55,0.5116279069767442,1.075,18.695026967673083,10.345720517709584,8.3493064499635,,,,,,,23.937710761813083,7.1942294417576225,1.5217391304347827,0.9230769230769231,0.25553192770572364,12.0,0.0
level,KGS,KZT,True,1,2021-07…2021-12,"{""window"": 250, ""pct"": 0.3, ""stall_days"": 0, ""rearm"": 3}",20,25.0,32,32,0.1875,0.16279069767441862,1.1517857142857142,,,0.53125,0.5348837209302325,0.9932065217391305,30.878303173793277,25.66914672872073,5.209156445072548,,,,,,,31.8019423949209,25.419771537552627,1.2173913043478262,0.8709677419354839,0.995555832832064,35.0,0.0
level,AMD,KZT,True,1,2021-07…2021-12,"{""window"": 250, ""pct"": 0.3, ""stall_days"": 0, ""rearm"": 3}",20,25.0,0,0,,0.13953488372093023,,,,,0.6589147286821705,,,51.49644441112181,,,,,,,,,,0.0,,,182.0,1.0
level,KZT,KZT,False,1,2021-07…2021-12,"{""window"": 250, ""pct"": 0.3, ""stall_days"": 0, ""rearm"": 3}",20,25.0,41,41,0.21951219512195122,0.2248062015503876,0.9764507989907485,,,0.5121951219512195,0.5271317829457365,0.971664275466284,14.177667148608107,10.733408670057983,3.4442584785501236,,,,,,,16.139950504879305,3.4742474515562143,1.5597826086956523,0.95,0.15803159630859215,10.0,0.0
reversal,TJS,KZT,True,1,2021-07…2021-12,"{""window"": 60, ""rise_bps"": 30, ""max_days_since_min"": 10, ""rearm"": 3}",20,25.0,5,5,1.0,0.5116279069767442,1.9545454545454544,,,1.0,0.5116279069767442,1.9545454545454544,241.56368964917752,33.342203091136966,208.22148655804057,,,,,,,146.20116098589088,57.39763990632939,0.19021739130434784,0.75,0.24743582965269675,111.0,0.6666666666666666
reversal,UZS,KZT,True,1,2021-07…2021-12,"{""window"": 60, ""rise_bps"": 30, ""max_days_since_min"": 10, ""rearm"": 3}",20,25.0,10,10,0.4,0.4263565891472868,0.9381818181818182,,,0.4,0.4263565891472868,0.9381818181818182,42.41000170371067,10.345720517709584,32.06428118600108,,,,,,,54.10300371700872,30.558724179281405,0.3804347826086957,0.6666666666666666,0.6043664240665301,74.0,0.5
reversal,KGS,KZT,True,1,2021-07…2021-12,"{""window"": 60, ""rise_bps"": 30, ""max_days_since_min"": 10, ""rearm"": 3}",20,25.0,8,8,0.5,0.43410852713178294,1.1517857142857144,,,0.5,0.43410852713178294,1.1517857142857144,91.66547175274474,25.66914672872073,65.996325024024,,,,,,,71.83684291946005,30.777923165510586,0.30434782608695654,0.5714285714285714,0.6098471777805596,81.0,0.5
reversal,AMD,KZT,True,1,2021-07…2021-12,"{""window"": 60, ""rise_bps"": 30, ""max_days_since_min"": 10, ""rearm"": 3}",20,25.0,5,5,0.6,0.5193798449612403,1.1552238805970148,,,0.6,0.5193798449612403,1.1552238805970148,176.80455003476814,51.49644441112181,125.30810562364633,,,,,,,75.24825071773856,70.36757554981676,0.19021739130434784,0.75,1.0392304845413265,89.0,0.5
reversal,KZT,KZT,False,1,2021-07…2021-12,"{""window"": 60, ""rise_bps"": 30, ""max_days_since_min"": 10, ""rearm"": 3}",20,25.0,5,5,0.6,0.4263565891472868,1.4072727272727272,,,0.6,0.4263565891472868,1.4072727272727272,54.21752089912135,10.733408670057983,43.48411222906336,,,,,,,54.28638993134416,28.128376916545903,0.19021739130434784,0.75,1.0825317547305484,83.0,0.5
seasonality,TJS,KZT,True,1,2021-07…2021-12,"{""min_share"": 0.5, ""min_years"": 4, ""from_day"": 20, ""rearm"": 20}",20,25.0,3,3,0.0,0.17829457364341086,0.0,,,0.3333333333333333,0.5581395348837209,0.5972222222222222,-62.841777647012485,33.342203091136966,-96.18398073814944,,,,,,,-49.32887690260383,-91.75892471215086,0.1141304347826087,0.0,0.30303030303030304,71.0,0.5
seasonality,UZS,KZT,True,1,2021-07…2021-12,"{""min_share"": 0.5, ""min_years"": 4, ""from_day"": 20, ""rearm"": 20}",20,25.0,3,3,0.0,0.14728682170542637,0.0,,,0.3333333333333333,0.5116279069767442,0.6515151515151515,-109.39779530165673,10.345720517709584,-119.74351581936631,,,,,,,-69.57691110994979,-119.35565429380419,0.1141304347826087,0.0,0.30303030303030304,71.0,0.5
seasonality,KGS,KZT,True,1,2021-07…2021-12,"{""min_share"": 0.5, ""min_years"": 4, ""from_day"": 20, ""rearm"": 20}",20,25.0,2,2,0.0,0.16279069767441862,0.0,,,0.5,0.5348837209302325,0.9347826086956522,-45.137437086213424,25.66914672872073,-70.80658381493416,,,,,,,-12.103835236207956,-108.8004719753194,0.07608695652173914,0.0,0.0,92.0,0.6666666666666666
seasonality,AMD,KZT,True,1,2021-07…2021-12,"{""min_share"": 0.5, ""min_years"": 4, ""from_day"": 20, ""rearm"": 20}",20,25.0,3,3,0.0,0.13953488372093023,0.0,,,0.3333333333333333,0.6589147286821705,0.5058823529411764,-53.833362086935416,51.49644441112181,-105.32980649805722,,,,,,,-81.68190096334885,-55.92945436248183,0.1141304347826087,0.0,0.30303030303030304,71.0,0.5
seasonality,KZT,KZT,False,1,2021-07…2021-12,"{""min_share"": 0.5, ""min_years"": 4, ""from_day"": 20, ""rearm"": 20}",20,25.0,2,2,0.0,0.2248062015503876,0.0,,,0.0,0.5271317829457365,0.0,-46.603201493711225,10.733408670057983,-57.33661016376921,,,,,,,-5.918357616047643,-102.24637445673368,0.07608695652173914,0.0,0.0,92.0,0.6666666666666666
dip_vs_trend,TJS,KZT,True,1,2021-07…2021-12,"{""span"": 80, ""window"": 120, ""pct"": 0.2, ""rearm"": 3}",20,25.0,5,5,0.4,0.17829457364341086,2.243478260869565,,,1.0,0.5581395348837209,1.7916666666666667,192.3765916195519,33.342203091136966,159.03438852841492,,,,,,,162.49618750875692,80.72084633380072,0.19021739130434784,0.75,0.4330127018922193,106.0,0.6666666666666666
dip_vs_trend,UZS,KZT,True,1,2021-07…2021-12,"{""span"": 80, ""window"": 120, ""pct"": 0.2, ""rearm"": 3}",20,25.0,6,6,0.3333333333333333,0.14728682170542637,2.2631578947368416,,,0.6666666666666666,0.5116279069767442,1.303030303030303,95.07231724626604,10.345720517709584,84.72659672855646,,,,,,,128.86458189276212,6.6642532245096175,0.2282608695652174,0.8,0.5,102.0,0.6666666666666666
dip_vs_trend,KGS,KZT,True,1,2021-07…2021-12,"{""span"": 80, ""window"": 120, ""pct"": 0.2, ""rearm"": 3}",20,25.0,7,7,0.42857142857142855,0.16279069767441862,2.6326530612244894,,,0.7142857142857143,0.5348837209302325,1.3354037267080747,128.0832585476764,25.66914672872073,102.41411181895566,,,,,,,140.18585864369769,37.48456408013309,0.266304347826087,0.8333333333333334,0.31943828249996997,99.0,0.6666666666666666
dip_vs_trend,AMD,KZT,True,1,2021-07…2021-12,"{""span"": 80, ""window"": 120, ""pct"": 0.2, ""rearm"": 3}",20,25.0,6,6,0.5,0.13953488372093023,3.5833333333333335,,,1.0,0.6589147286821705,1.5176470588235296,359.65628039529184,51.49644441112181,308.15983598417006,,,,,,,266.7870319561302,167.29993330124927,0.2282608695652174,0.6,1.2621312160831653,116.0,0.6666666666666666
dip_vs_trend,KZT,KZT,False,1,2021-07…2021-12,"{""span"": 80, ""window"": 120, ""pct"": 0.2, ""rearm"": 3}",20,25.0,5,5,0.4,0.2248062015503876,1.7793103448275862,,,0.6,0.5271317829457365,1.138235294117647,101.56090176700427,10.733408670057983,90.82749309694628,,,,,,,141.8955347226376,26.84164425869318,0.19021739130434784,0.75,0.4330127018922193,106.0,0.6666666666666666
momentum,TJS,KZT,True,2,2022-01…2022-06,"{""n"": 2, ""rearm"": 3}",20,25.0,19,19,0.2631578947368421,0.1452991452991453,1.8111455108359131,,,0.5263157894736842,0.4700854700854701,1.1196172248803826,58.39171843112922,-53.00503542290707,111.39675385403629,,,,,,,306.52851701821487,20.994542818067742,0.7348066298342542,0.2777777777777778,0.5614414840906867,26.0,0.0
momentum,UZS,KZT,True,2,2022-01…2022-06,"{""n"": 2, ""rearm"": 3}",20,25.0,23,23,0.13043478260869565,0.1111111111111111,1.173913043478261,,,0.391304347826087,0.41025641025641024,0.953804347826087,-251.09002939604466,-133.26289884507412,-117.82713055097054,,,,,,,145.99514632732763,-201.8040504086049,0.8895027624309392,0.36363636363636365,0.5294273957276282,19.0,0.0
momentum,KGS,KZT,True,2,2022-01…2022-06,"{""n"": 2, ""rearm"": 3}",20,25.0,22,22,0.18181818181818182,0.10256410256410256,1.772727272727273,,,0.4090909090909091,0.39316239316239315,1.040513833992095,-39.31834734221623,-134.33666686632213,95.0183195241059,,,,,,,254.24898548277662,75.40743210906128,0.8508287292817679,0.2857142857142857,0.5239954457730075,19.0,0.0
momentum,AMD,KZT,True,2,2022-01…2022-06,"{""n"": 2, ""rearm"": 3}",20,25.0,24,24,0.08333333333333333,0.10256410256410256,0.8125,,,0.4583333333333333,0.42735042735042733,1.0725,-91.47754481210778,-7.685668238494408,-83.79187657361337,,,,,,,225.06907904775542,-163.15899927026908,0.9281767955801105,0.4782608695652174,0.6642041040499033,26.0,0.0
momentum,KZT,KZT,False,2,2022-01…2022-06,"{""n"": 2, ""rearm"": 3}",20,25.0,24,24,0.125,0.1111111111111111,1.125,,,0.3333333333333333,0.38461538461538464,0.8666666666666666,-360.2944815468656,-253.47141149360772,-106.82307005325788,,,,,,,72.39561321730582,-317.00340342233784,0.9281767955801105,0.4782608695652174,0.5817615960707366,19.0,0.0
level,TJS,KZT,True,2,2022-01…2022-06,"{""window"": 60, ""pct"": 0.05, ""stall_days"": 0, ""rearm"": 3}",20,25.0,10,10,0.1,0.1452991452991453,0.6882352941176471,,,0.3,0.4700854700854701,0.6381818181818182,-327.15123338279085,-53.00503542290707,-274.1461979598838,,,,,,,672.5305455962427,-176.08420280623238,0.3867403314917127,0.7777777777777778,0.42824175819297167,80.0,0.5
level,UZS,KZT,True,2,2022-01…2022-06,"{""window"": 60, ""pct"": 0.05, ""stall_days"": 0, ""rearm"": 3}",20,25.0,13,13,0.0,0.1111111111111111,0.0,,,0.38461538461538464,0.41025641025641024,0.9375000000000001,-225.6268622293808,-133.26289884507412,-92.36396338430669,,,,,,,502.26271246226196,-1.1364209460712993,0.5027624309392265,0.75,0.6434487888671672,87.0,0.5
level,KGS,KZT,True,2,2022-01…2022-06,"{""window"": 60, ""pct"": 0.05, ""stall_days"": 0, ""rearm"": 3}",20,25.0,13,13,0.07692307692307693,0.10256410256410256,0.7500000000000001,,,0.5384615384615384,0.39316239316239315,1.3695652173913042,79.47454433981169,-134.33666686632213,213.8112112061338,,,,,,,641.0030931996024,172.43866736496778,0.5027624309392265,0.5833333333333334,0.7019077708762256,80.0,0.3333333333333333
level,AMD,KZT,True,2,2022-01…2022-06,"{""window"": 60, ""pct"": 0.05, ""stall_days"": 0, ""rearm"": 3}",20,25.0,6,6,0.16666666666666666,0.10256410256410256,1.625,,,0.5,0.42735042735042733,1.1700000000000002,42.824148825537804,-7.685668238494408,50.50981706403221,,,,,,,581.3008278778634,198.03950152016228,0.23204419889502761,0.8,1.1891891891891893,114.0,0.6666666666666666
level,KZT,KZT,False,2,2022-01…2022-06,"{""window"": 60, ""pct"": 0.05, ""stall_days"": 0, ""rearm"": 3}",20,25.0,14,14,0.0,0.1111111111111111,0.0,,,0.35714285714285715,0.38461538461538464,0.9285714285714285,-339.6144284989233,-253.47141149360772,-86.14301700531558,,,,,,,406.8211121815494,-80.25056269228044,0.5414364640883977,0.8461538461538461,0.6269150085221188,87.0,0.5
reversal,TJS,KZT,True,2,2022-01…2022-06,"{""window"": 120, ""rise_bps"": 50, ""max_days_since_min"": 20, ""rearm"": 3}",20,25.0,11,11,0.36363636363636365,0.4700854700854701,0.7735537190082645,,,0.36363636363636365,0.4700854700854701,0.7735537190082645,-325.74038899031837,-53.00503542290707,-272.73535356741127,,,,,,,134.52250544275932,-174.46962936661996,0.42541436464088395,0.8,0.6444294035799012,91.0,0.5
reversal,UZS,KZT,True,2,2022-01…2022-06,"{""window"": 120, ""rise_bps"": 50, ""max_days_since_min"": 20, ""rearm"": 3}",20,25.0,9,9,0.5555555555555556,0.38461538461538464,1.4444444444444444,,,0.5555555555555556,0.38461538461538464,1.4444444444444444,-200.26123704652125,-133.26289884507412,-66.99833820144713,,,,,,,188.6559066898527,-102.0578610557738,0.34806629834254144,0.625,0.6478835438717001,116.0,0.6666666666666666
reversal,KGS,KZT,True,2,2022-01…2022-06,"{""window"": 120, ""rise_bps"": 50, ""max_days_since_min"": 20, ""rearm"": 3}",20,25.0,15,15,0.2,0.358974358974359,0.5571428571428572,,,0.2,0.358974358974359,0.5571428571428572,-626.9392541706161,-134.33666686632213,-492.60258730429393,,,,,,,-93.66374496630308,-317.53175390928965,0.580110497237569,0.7857142857142857,0.4701862563915892,91.0,0.5
reversal,AMD,KZT,True,2,2022-01…2022-06,"{""window"": 120, ""rise_bps"": 50, ""max_days_since_min"": 20, ""rearm"": 3}",20,25.0,8,8,0.5,0.4358974358974359,1.1470588235294117,,,0.5,0.4358974358974359,1.1470588235294117,-118.58401532937768,-7.685668238494408,-110.89834709088328,,,,,,,68.01681061563926,-246.86500402429618,0.30939226519337015,0.8571428571428571,0.6757213083539801,121.0,0.6666666666666666
reversal,KZT,KZT,False,2,2022-01…2022-06,"{""window"": 120, ""rise_bps"": 50, ""max_days_since_min"": 20, ""rearm"": 3}",20,25.0,11,11,0.09090909090909091,0.3162393162393162,0.2874692874692875,,,0.09090909090909091,0.3162393162393162,0.2874692874692875,-730.1529856999052,-253.47141149360772,-476.6815742062975,,,,,,,-15.346031762821275,-289.46478940791627,0.42541436464088395,0.6,0.6761152803751636,91.0,0.5
seasonality,TJS,KZT,True,2,2022-01…2022-06,"{""min_share"": 0.5, ""min_years"": 4, ""from_day"": 20, ""rearm"": 20}",20,25.0,1,1,0.0,0.1452991452991453,0.0,,,1.0,0.4700854700854701,2.1272727272727274,314.0643966749113,-53.00503542290707,367.0694320978183,,,,,,,183.59621087567612,-298.85834575375304,0.03867403314917127,0.0,,161.0,0.8333333333333334
seasonality,UZS,KZT,True,2,2022-01…2022-06,"{""min_share"": 0.5, ""min_years"": 4, ""from_day"": 20, ""rearm"": 20}",20,25.0,1,1,0.0,0.1111111111111111,0.0,,,1.0,0.41025641025641024,2.4375,126.36966340540124,-133.26289884507412,259.63256225047536,,,,,,,342.3827123672707,-403.47686411652427,0.03867403314917127,0.0,,161.0,0.8333333333333334
seasonality,KGS,KZT,True,2,2022-01…2022-06,"{""min_share"": 0.5, ""min_years"": 4, ""from_day"": 20, ""rearm"": 20}",20,25.0,2,2,0.0,0.10256410256410256,0.0,,,0.0,0.39316239316239315,0.0,-640.0114934970829,-134.33666686632213,-505.6748266307608,,,,,,,-159.43134212341837,-611.1151621807087,0.07734806629834254,0.0,0.0,100.0,0.6666666666666666
seasonality,AMD,KZT,True,2,2022-01…2022-06,"{""min_share"": 0.5, ""min_years"": 4, ""from_day"": 20, ""rearm"": 20}",20,25.0,1,1,0.0,0.10256410256410256,0.0,,,1.0,0.42735042735042733,2.3400000000000003,325.9142388151437,-7.685668238494408,333.5999070536381,,,,,,,257.51216111889795,-235.80203422352562,0.03867403314917127,0.0,,161.0,0.8333333333333334
seasonality,KZT,KZT,False,2,2022-01…2022-06,"{""min_share"": 0.5, ""min_years"": 4, ""from_day"": 20, ""rearm"": 20}",20,25.0,3,3,0.0,0.1111111111111111,0.0,,,0.3333333333333333,0.38461538461538464,0.8666666666666666,-486.2054857477827,-253.47141149360772,-232.73407425417497,,,,,,,-46.09988506657319,-458.52782473916704,0.11602209944751381,0.0,0.24,90.0,0.5
dip_vs_trend,TJS,KZT,True,2,2022-01…2022-06,"{""span"": 80, ""window"": 250, ""pct"": 0.15, ""rearm"": 3}",20,25.0,21,21,0.047619047619047616,0.1452991452991453,0.32773109243697474,,,0.38095238095238093,0.4700854700854701,0.8103896103896103,-308.22517246999627,-53.00503542290707,-255.2201370470892,,,,,,,363.6008672356559,-236.4262442657635,0.8121546961325967,1.0,0.0,78.0,0.3333333333333333
dip_vs_trend,UZS,KZT,True,2,2022-01…2022-06,"{""span"": 80, ""window"": 250, ""pct"": 0.15, ""rearm"": 3}",20,25.0,20,20,0.0,0.1111111111111111,0.0,,,0.25,0.41025641025641024,0.609375,-518.3436734443154,-133.26289884507412,-385.0807745992413,,,,,,,250.65020485431455,-343.45401462674647,0.7734806629834254,1.0,0.0,81.0,0.5
dip_vs_trend,KGS,KZT,True,2,2022-01…2022-06,"{""span"": 80, ""window"": 250, ""pct"": 0.15, ""rearm"": 3}",20,25.0,18,18,0.0,0.10256410256410256,0.0,,,0.2222222222222222,0.39316239316239315,0.5652173913043478,-353.5899067867525,-134.33666686632213,-219.2532399204304,,,,,,,212.32696436749742,-121.28801470408851,0.6961325966850829,0.8823529411764706,0.4358898943540674,78.0,0.3333333333333333
dip_vs_trend,AMD,KZT,True,2,2022-01…2022-06,"{""span"": 80, ""window"": 250, ""pct"": 0.15, ""rearm"": 3}",20,25.0,19,19,0.10526315789473684,0.10256410256410256,1.0263157894736843,,,0.3684210526315789,0.42735042735042733,0.8621052631578947,-165.8744181412168,-7.685668238494408,-158.1887499027224,,,,,,,322.9688962968248,31.056234729893323,0.7348066298342542,1.0,0.0,87.0,0.5
dip_vs_trend,KZT,KZT,False,2,2022-01…2022-06,"{""span"": 80, ""window"": 250, ""pct"": 0.15, ""rearm"": 3}",20,25.0,21,21,0.047619047619047616,0.1111111111111111,0.42857142857142855,,,0.23809523809523808,0.38461538461538464,0.619047619047619,-498.49705787395294,-253.47141149360772,-245.02564638034522,,,,,,,246.97767744061997,-262.7304286030544,0.8121546961325967,1.0,0.0,80.0,0.3333333333333333
momentum,TJS,KZT,True,3,2022-07…2022-12,"{""n"": 2, ""rearm"": 2}",20,25.0,18,18,0.16666666666666666,0.2846153846153846,0.5855855855855856,,,0.6666666666666666,0.6230769230769231,1.0699588477366255,205.14282068939576,163.51128752215095,41.63153316724481,,,,,,,39.863764270918686,37.24613307171814,0.6847826086956522,0.47058823529411764,0.8252945602093299,30.0,0.0
momentum,UZS,KZT,True,3,2022-07…2022-12,"{""n"": 2, ""rearm"": 2}",20,25.0,20,20,0.2,0.25384615384615383,0.787878787878788,,,0.55,0.5307692307692308,1.0362318840579712,159.3481914237788,116.21310466761958,43.13508675615921,,,,,,,74.44366645127411,41.42157758281506,0.7608695652173914,0.42105263157894735,0.6059340811885847,18.0,0.0
momentum,KGS,KZT,True,3,2022-07…2022-12,"{""n"": 2, ""rearm"": 2}",20,25.0,19,19,0.15789473684210525,0.2846153846153846,0.5547652916073968,,,0.47368421052631576,0.5769230769230769,0.8210526315789474,78.72487371569483,92.68431984896502,-13.959446133270191,,,,,,,41.976707856979466,48.96219058971196,0.7228260869565217,0.3333333333333333,0.7516648189186453,30.0,0.0
momentum,AMD,KZT,True,3,2022-07…2022-12,"{""n"": 2, ""rearm"": 2}",20,25.0,18,18,0.1111111111111111,0.26153846153846155,0.4248366013071895,,,0.7777777777777778,0.6692307692307692,1.162196679438059,236.24490704985186,176.90563882369997,59.33926822615189,,,,,,,81.04847564610446,-31.320685390987176,0.6847826086956522,0.47058823529411764,0.8557411507967038,30.0,0.0
momentum,KZT,KZT,False,3,2022-07…2022-12,"{""n"": 2, ""rearm"": 2}",20,25.0,21,21,0.23809523809523808,0.2,1.1904761904761902,,,0.7142857142857143,0.6461538461538462,1.1054421768707483,259.5653224803529,165.82739028859348,93.73793219175943,,,,,,,167.61439325943508,90.13372968942922,0.7989130434782609,0.45,0.8278047903793845,30.0,0.0
level,TJS,KZT,True,3,2022-07…2022-12,"{""window"": 60, ""pct"": 0.05, ""stall_days"": 0, ""rearm"": 3}",20,25.0,1,1,1.0,0.2846153846153846,3.5135135135135136,,,1.0,0.6230769230769231,1.6049382716049383,1106.8468238699047,163.51128752215095,943.3355363477538,,,,,,,949.272570012365,1076.8403368799252,0.03804347826086957,0.0,,91.0,0.8333333333333334
level,UZS,KZT,True,3,2022-07…2022-12,"{""window"": 60, ""pct"": 0.05, ""stall_days"": 0, ""rearm"": 3}",20,25.0,1,1,1.0,0.25384615384615383,3.9393939393939394,,,1.0,0.5307692307692308,1.8840579710144927,1022.4328587703857,116.21310466761958,906.219754102766,,,,,,,935.3155697543802,1026.6573188122918,0.03804347826086957,0.0,,91.0,0.8333333333333334
level,KGS,KZT,True,3,2022-07…2022-12,"{""window"": 60, ""pct"": 0.05, ""stall_days"": 0, ""rearm"": 3}",20,25.0,1,1,1.0,0.2846153846153846,3.5135135135135136,,,1.0,0.5769230769230769,1.7333333333333334,836.4109687156995,92.68431984896502,743.7266488667344,,,,,,,752.5525331771332,920.6228151954376,0.03804347826086957,0.0,,91.0,0.8333333333333334
level,AMD,KZT,True,3,2022-07…2022-12,"{""window"": 60, ""pct"": 0.05, ""stall_days"": 0, ""rearm"": 3}",20,25.0,0,0,,0.26153846153846155,,,,,0.6692307692307692,,,176.90563882369997,,,,,,,,,,0.0,,,182.0,1.0
level,KZT,KZT,False,3,2022-07…2022-12,"{""window"": 60, ""pct"": 0.05, ""stall_days"": 0, ""rearm"": 3}",20,25.0,1,1,1.0,0.2,5.0,,,1.0,0.6461538461538462,1.5476190476190474,1198.7719585708478,165.82739028859348,1032.9445682822543,,,,,,,1019.0329173745428,1268.0562622351376,0.03804347826086957,0.0,,91.0,0.8333333333333334
reversal,TJS,KZT,True,3,2022-07…2022-12,"{""window"": 120, ""rise_bps"": 50, ""max_days_since_min"": 20, ""rearm"": 3}",20,25.0,0,0,,0.6384615384615384,,,,,0.6384615384615384,,,163.51128752215095,,,,,,,,,,0.0,,,182.0,1.0
reversal,UZS,KZT,True,3,2022-07…2022-12,"{""window"": 120, ""rise_bps"": 50, ""max_days_since_min"": 20, ""rearm"": 3}",20,25.0,6,6,0.8333333333333334,0.5769230769230769,1.4444444444444446,,,0.8333333333333334,0.5769230769230769,1.4444444444444446,207.62802351665516,116.21310466761958,91.41491884903559,,,,,,,-48.510348147997604,-11.60029719482796,0.2282608695652174,1.0,0.0,157.0,0.8333333333333334
reversal,KGS,KZT,True,3,2022-07…2022-12,"{""window"": 120, ""rise_bps"": 50, ""max_days_since_min"": 20, ""rearm"": 3}",20,25.0,6,6,0.6666666666666666,0.6153846153846154,1.0833333333333333,,,0.6666666666666666,0.6153846153846154,1.0833333333333333,60.57195126823658,92.68431984896502,-32.112368580728436,,,,,,,-99.89325485457483,-114.23351190989494,0.2282608695652174,1.0,0.0,157.0,0.8333333333333334
reversal,AMD,KZT,True,3,2022-07…2022-12,"{""window"": 120, ""rise_bps"": 50, ""max_days_since_min"": 20, ""rearm"": 3}",20,25.0,0,0,,0.6384615384615384,,,,,0.6384615384615384,,,176.90563882369997,,,,,,,,,,0.0,,,182.0,1.0
reversal,KZT,KZT,False,3,2022-07…2022-12,"{""window"": 120, ""rise_bps"": 50, ""max_days_since_min"": 20, ""rearm"": 3}",20,25.0,7,7,0.7142857142857143,0.7,1.0204081632653061,,,0.7142857142857143,0.7,1.0204081632653061,178.58585033043798,165.82739028859348,12.7584600418445,,,,,,,111.70938227962081,110.17556625759094,0.266304347826087,1.0,0.0,156.0,0.8333333333333334
seasonality,TJS,KZT,True,3,2022-07…2022-12,"{""min_share"": 0.5, ""min_years"": 4, ""from_day"": 20, ""rearm"": 20}",20,25.0,2,2,0.5,0.2846153846153846,1.7567567567567568,,,0.5,0.6230769230769231,0.8024691358024691,487.34874304393225,163.51128752215095,323.8374555217813,,,,,,,226.56875013211842,522.3506672728834,0.07608695652173914,0.0,0.0,92.0,0.6666666666666666
seasonality,UZS,KZT,True,3,2022-07…2022-12,"{""min_share"": 0.5, ""min_years"": 4, ""from_day"": 20, ""rearm"": 20}",20,25.0,3,3,0.3333333333333333,0.25384615384615383,1.3131313131313131,,,0.6666666666666666,0.5307692307692308,1.2560386473429952,315.8665103555188,116.21310466761958,199.65340568789924,,,,,,,38.057538420975824,377.98265514727206,0.1141304347826087,0.0,0.2222222222222222,92.0,0.5
seasonality,KGS,KZT,True,3,2022-07…2022-12,"{""min_share"": 0.5, ""min_years"": 4, ""from_day"": 20, ""rearm"": 20}",20,25.0,2,2,0.5,0.2846153846153846,1.7567567567567568,,,0.5,0.5769230769230769,0.8666666666666667,191.53677744588313,92.68431984896502,98.85245759691811,,,,,,,119.49508239193385,254.33512396828672,0.07608695652173914,0.0,0.0,92.0,0.6666666666666666
seasonality,AMD,KZT,True,3,2022-07…2022-12,"{""min_share"": 0.5, ""min_years"": 4, ""from_day"": 20, ""rearm"": 20}",20,25.0,2,2,0.5,0.26153846153846155,1.9117647058823528,,,1.0,0.6692307692307692,1.4942528735632186,633.8509440577767,176.90563882369997,456.9453052340767,,,,,,,356.6365101770907,668.9022580368787,0.07608695652173914,0.0,0.0,92.0,0.6666666666666666
seasonality,KZT,KZT,False,3,2022-07…2022-12,"{""min_share"": 0.5, ""min_years"": 4, ""from_day"": 20, ""rearm"": 20}",20,25.0,2,2,0.5,0.2,2.5,,,1.0,0.6461538461538462,1.5476190476190474,512.5714118761637,165.82739028859348,346.74402158757016,,,,,,,318.2235001841338,471.41976290668686,0.07608695652173914,0.0,0.0,92.0,0.6666666666666666
dip_vs_trend,TJS,KZT,True,3,2022-07…2022-12,"{""span"": 80, ""window"": 250, ""pct"": 0.2, ""rearm"": 3}",20,25.0,1,1,1.0,0.2846153846153846,3.5135135135135136,,,1.0,0.6230769230769231,1.6049382716049383,1095.2474064524754,163.51128752215095,931.7361189303244,,,,,,,615.0446390846964,1381.42393079419,0.03804347826086957,0.0,,182.0,0.8333333333333334
dip_vs_trend,UZS,KZT,True,3,2022-07…2022-12,"{""span"": 80, ""window"": 250, ""pct"": 0.2, ""rearm"": 3}",20,25.0,3,3,0.3333333333333333,0.25384615384615383,1.3131313131313131,,,1.0,0.5307692307692308,1.8840579710144927,473.40401095414705,116.21310466761958,357.1909062865275,,,,,,,249.61877001406174,332.0192365280505,0.1141304347826087,0.0,0.2727272727272727,165.0,0.8333333333333334
dip_vs_trend,KGS,KZT,True,3,2022-07…2022-12,"{""span"": 80, ""window"": 250, ""pct"": 0.2, ""rearm"": 3}",20,25.0,5,5,0.2,0.2846153846153846,0.7027027027027027,,,0.6,0.5769230769230769,1.04,41.33867853286176,92.68431984896502,-51.345641316103254,,,,,,,-117.46167779681562,-134.43860382038645,0.19021739130434784,1.0,0.0,162.0,0.8333333333333334
dip_vs_trend,AMD,KZT,True,3,2022-07…2022-12,"{""span"": 80, ""window"": 250, ""pct"": 0.2, ""rearm"": 3}",20,25.0,2,2,0.0,0.26153846153846155,0.0,,,1.0,0.6692307692307692,1.4942528735632186,661.2930928555372,176.90563882369997,484.38745403183725,,,,,,,324.86325265042916,672.0998601591566,0.07608695652173914,0.0,0.0,165.0,0.8333333333333334
dip_vs_trend,KZT,KZT,False,3,2022-07…2022-12,"{""span"": 80, ""window"": 250, ""pct"": 0.2, ""rearm"": 3}",20,25.0,5,5,0.2,0.2,1.0,,,0.4,0.6461538461538462,0.6190476190476191,134.80354888647983,165.82739028859348,-31.023841402113646,,,,,,,69.2640652675407,-96.17189993546444,0.19021739130434784,1.0,0.0,162.0,0.8333333333333334
momentum,TJS,KZT,True,4,2023-01…2023-06,"{""n"": 2, ""rearm"": 2}",20,25.0,17,17,0.47058823529411764,0.4915254237288136,0.9574036511156186,,,0.7058823529411765,0.7627118644067796,0.9254901960784315,150.79176366583877,194.18642689935936,-43.39466323352059,,,,,,,69.62438705413746,39.44787394545664,0.6574585635359116,0.375,0.7710705170965721,30.0,0.0
momentum,UZS,KZT,True,4,2023-01…2023-06,"{""n"": 2, ""rearm"": 2}",20,25.0,16,16,0.3125,0.5,0.625,,,0.6875,0.8389830508474576,0.8194444444444444,168.15837200086392,230.9240759258275,-62.76570392496359,,,,,,,53.056208731443455,53.600007868617865,0.6187845303867403,0.3333333333333333,0.9359835759475871,32.0,0.0
momentum,KGS,KZT,True,4,2023-01…2023-06,"{""n"": 2, ""rearm"": 2}",20,25.0,17,17,0.5882352941176471,0.5508474576271186,1.0678733031674208,,,0.7647058823529411,0.8389830508474576,0.9114676173499703,194.0141870357098,231.7318649254994,-37.7176778897896,,,,,,,81.61774603698464,67.08465169352058,0.6574585635359116,0.3125,0.781869404644037,30.0,0.0
momentum,AMD,KZT,True,4,2023-01…2023-06,"{""n"": 2, ""rearm"": 2}",20,25.0,16,16,0.5,0.559322033898305,0.893939393939394,,,0.75,0.8389830508474576,0.8939393939393939,210.20209139225187,274.3772909876495,-64.1751995953976,,,,,,,66.84666628544056,59.7456277533124,0.6187845303867403,0.26666666666666666,0.8532868942439872,33.0,0.0
momentum,KZT,KZT,False,4,2023-01…2023-06,"{""n"": 2, ""rearm"": 2}",20,25.0,17,17,0.47058823529411764,0.4830508474576271,0.9742002063983488,,,0.7647058823529411,0.8050847457627118,0.9498452012383901,234.92124065997032,290.11536164792756,-55.194120987957234,,,,,,,55.843687755616706,37.190401447913885,0.6574585635359116,0.25,0.8640668240021753,35.0,0.0
level,TJS,KZT,True,4,2023-01…2023-06,"{""window"": 120, ""pct"": 0.25, ""stall_days"": 3, ""rearm"": 3}",20,25.0,0,0,,0.4915254237288136,,,,,0.7627118644067796,,,194.18642689935936,,,,,,,,,,0.0,,,172.0,1.0
level,UZS,KZT,True,4,2023-01…2023-06,"{""window"": 120, ""pct"": 0.25, ""stall_days"": 3, ""rearm"": 3}",20,25.0,0,0,,0.5,,,,,0.8389830508474576,,,230.9240759258275,,,,,,,,,,0.0,,,172.0,1.0
level,KGS,KZT,True,4,2023-01…2023-06,"{""window"": 120, ""pct"": 0.25, ""stall_days"": 3, ""rearm"": 3}",20,25.0,0,0,,0.5508474576271186,,,,,0.8389830508474576,,,231.7318649254994,,,,,,,,,,0.0,,,172.0,1.0
level,AMD,KZT,True,4,2023-01…2023-06,"{""window"": 120, ""pct"": 0.25, ""stall_days"": 3, ""rearm"": 3}",20,25.0,0,0,,0.559322033898305,,,,,0.8389830508474576,,,274.3772909876495,,,,,,,,,,0.0,,,172.0,1.0
level,KZT,KZT,False,4,2023-01…2023-06,"{""window"": 120, ""pct"": 0.25, ""stall_days"": 3, ""rearm"": 3}",20,25.0,0,0,,0.4830508474576271,,,,,0.8050847457627118,,,290.11536164792756,,,,,,,,,,0.0,,,172.0,1.0
reversal,TJS,KZT,True,4,2023-01…2023-06,"{""window"": 120, ""rise_bps"": 50, ""max_days_since_min"": 20, ""rearm"": 3}",20,25.0,0,0,,0.7627118644067796,,,,,0.7627118644067796,,,194.18642689935936,,,,,,,,,,0.0,,,172.0,1.0
reversal,UZS,KZT,True,4,2023-01…2023-06,"{""window"": 120, ""rise_bps"": 50, ""max_days_since_min"": 20, ""rearm"": 3}",20,25.0,0,0,,0.847457627118644,,,,,0.847457627118644,,,230.9240759258275,,,,,,,,,,0.0,,,172.0,1.0
reversal,KGS,KZT,True,4,2023-01…2023-06,"{""window"": 120, ""rise_bps"": 50, ""max_days_since_min"": 20, ""rearm"": 3}",20,25.0,0,0,,0.8389830508474576,,,,,0.8389830508474576,,,231.7318649254994,,,,,,,,,,0.0,,,172.0,1.0
reversal,AMD,KZT,True,4,2023-01…2023-06,"{""window"": 120, ""rise_bps"": 50, ""max_days_since_min"": 20, ""rearm"": 3}",20,25.0,0,0,,0.847457627118644,,,,,0.847457627118644,,,274.3772909876495,,,,,,,,,,0.0,,,172.0,1.0
reversal,KZT,KZT,False,4,2023-01…2023-06,"{""window"": 120, ""rise_bps"": 50, ""max_days_since_min"": 20, ""rearm"": 3}",20,25.0,0,0,,0.8559322033898306,,,,,0.8559322033898306,,,290.11536164792756,,,,,,,,,,0.0,,,172.0,1.0
seasonality,TJS,KZT,True,4,2023-01…2023-06,"{""min_share"": 0.5, ""min_years"": 4, ""from_day"": 20, ""rearm"": 20}",20,25.0,2,2,0.0,0.4915254237288136,0.0,,,0.5,0.7627118644067796,0.6555555555555556,233.25691723688647,194.18642689935936,39.070490337527104,,,,,,,6.154120679222601,-13.885748102357987,0.07734806629834254,0.0,0.0,120.0,0.6666666666666666
seasonality,UZS,KZT,True,4,2023-01…2023-06,"{""min_share"": 0.5, ""min_years"": 4, ""from_day"": 20, ""rearm"": 20}",20,25.0,2,2,0.5,0.5,1.0,,,1.0,0.8389830508474576,1.191919191919192,328.473400384548,230.9240759258275,97.54932445872046,,,,,,,4.363990652763711,127.85097981349526,0.07734806629834254,0.0,0.0,120.0,0.6666666666666666
seasonality,KGS,KZT,True,4,2023-01…2023-06,"{""min_share"": 0.5, ""min_years"": 4, ""from_day"": 20, ""rearm"": 20}",20,25.0,2,2,0.0,0.5508474576271186,0.0,,,0.5,0.8389830508474576,0.595959595959596,122.72763284609078,231.7318649254994,-109.00423207940861,,,,,,,-83.38360335584994,46.68124625794579,0.07734806629834254,0.0,0.0,101.0,0.6666666666666666
seasonality,AMD,KZT,True,4,2023-01…2023-06,"{""min_share"": 0.5, ""min_years"": 4, ""from_day"": 20, ""rearm"": 20}",20,25.0,1,1,0.0,0.559322033898305,0.0,,,1.0,0.8389830508474576,1.191919191919192,523.9323937448614,274.3772909876495,249.55510275721196,,,,,,,110.84126407889138,106.61127781887991,0.03867403314917127,0.0,,162.0,0.8333333333333334
seasonality,KZT,KZT,False,4,2023-01…2023-06,"{""min_share"": 0.5, ""min_years"": 4, ""from_day"": 20, ""rearm"": 20}",20,25.0,4,4,0.25,0.4830508474576271,0.5175438596491229,,,0.75,0.8050847457627118,0.9315789473684211,254.21320988050556,290.11536164792756,-35.902151767422,,,,,,,-8.79053855217888,76.23067458369493,0.15469613259668508,0.0,0.2619160170741759,61.0,0.3333333333333333
dip_vs_trend,TJS,KZT,True,4,2023-01…2023-06,"{""span"": 80, ""window"": 250, ""pct"": 0.2, ""rearm"": 3}",20,25.0,0,0,,0.4915254237288136,,,,,0.7627118644067796,,,194.18642689935936,,,,,,,,,,0.0,,,172.0,1.0
dip_vs_trend,UZS,KZT,True,4,2023-01…2023-06,"{""span"": 80, ""window"": 250, ""pct"": 0.2, ""rearm"": 3}",20,25.0,0,0,,0.5,,,,,0.8389830508474576,,,230.9240759258275,,,,,,,,,,0.0,,,172.0,1.0
dip_vs_trend,KGS,KZT,True,4,2023-01…2023-06,"{""span"": 80, ""window"": 250, ""pct"": 0.2, ""rearm"": 3}",20,25.0,0,0,,0.5508474576271186,,,,,0.8389830508474576,,,231.7318649254994,,,,,,,,,,0.0,,,172.0,1.0
dip_vs_trend,AMD,KZT,True,4,2023-01…2023-06,"{""span"": 80, ""window"": 250, ""pct"": 0.2, ""rearm"": 3}",20,25.0,0,0,,0.559322033898305,,,,,0.8389830508474576,,,274.3772909876495,,,,,,,,,,0.0,,,172.0,1.0
dip_vs_trend,KZT,KZT,False,4,2023-01…2023-06,"{""span"": 80, ""window"": 250, ""pct"": 0.2, ""rearm"": 3}",20,25.0,0,0,,0.4830508474576271,,,,,0.8050847457627118,,,290.11536164792756,,,,,,,,,,0.0,,,172.0,1.0
momentum,TJS,KZT,True,5,2023-07…2023-12,"{""n"": 2, ""rearm"": 2}",20,25.0,20,20,0.3,0.24031007751937986,1.2483870967741935,,,0.6,0.5426356589147286,1.1057142857142856,21.923888913948588,-14.369798255992611,36.2936871699412,,,,,,,39.82492877479666,-35.902758197477795,0.7608695652173914,0.3684210526315789,0.8040153050456011,28.0,0.0
momentum,UZS,KZT,True,5,2023-07…2023-12,"{""n"": 2, ""rearm"": 2}",20,25.0,25,25,0.16,0.13953488372093023,1.1466666666666667,,,0.48,0.4728682170542636,1.0150819672131146,-48.30207661461094,-69.49233690529937,21.19026029068843,,,,,,,21.5093361575966,-64.88120641565915,0.9510869565217391,0.4583333333333333,0.7415329449641346,24.0,0.0
momentum,KGS,KZT,True,5,2023-07…2023-12,"{""n"": 2, ""rearm"": 2}",20,25.0,21,21,0.14285714285714285,0.20155038759689922,0.7087912087912087,,,0.5714285714285714,0.5271317829457365,1.084033613445378,-19.060029119695972,-26.704775666556326,7.644746546860354,,,,,,,17.573575969674806,-64.82840013506191,0.7989130434782609,0.45,0.8406283905217294,26.0,0.0
momentum,AMD,KZT,True,5,2023-07…2023-12,"{""n"": 2, ""rearm"": 2}",20,25.0,22,22,0.18181818181818182,0.17829457364341086,1.0197628458498023,,,0.36363636363636365,0.4263565891472868,0.8528925619834712,-49.8357804742094,-49.59380850488834,-0.2419719693210638,,,,,,,35.53752777683233,-45.325041647558024,0.8369565217391305,0.42857142857142855,0.7438024722915564,24.0,0.0
momentum,KZT,KZT,False,5,2023-07…2023-12,"{""n"": 2, ""rearm"": 2}",20,25.0,19,19,0.15789473684210525,0.09302325581395349,1.6973684210526314,,,0.6842105263157895,0.5193798449612403,1.3173605655930871,82.74144401143162,-23.450077638838618,106.19152165027025,,,,,,,79.58599177448473,-1.8555264201408312,0.7228260869565217,0.2222222222222222,0.6833622305425318,22.0,0.0
level,TJS,KZT,True,5,2023-07…2023-12,"{""window"": 120, ""pct"": 0.3, ""stall_days"": 0, ""rearm"": 3}",20,25.0,9,9,0.3333333333333333,0.24031007751937986,1.3870967741935483,,,0.6666666666666666,0.5426356589147286,1.2285714285714286,57.01664387015507,-14.369798255992611,71.38644212614768,,,,,,,110.6548739414612,63.70339608731482,0.3423913043478261,0.75,0.39639373314337123,135.0,0.6666666666666666
level,UZS,KZT,True,5,2023-07…2023-12,"{""window"": 120, ""pct"": 0.3, ""stall_days"": 0, ""rearm"": 3}",20,25.0,15,15,0.13333333333333333,0.13953488372093023,0.9555555555555556,,,0.4,0.4728682170542636,0.8459016393442623,-113.6419758460073,-69.49233690529937,-44.14963894070793,,,,,,,33.21897291925038,-55.20405794029652,0.5706521739130435,1.0,0.0,116.0,0.5
level,KGS,KZT,True,5,2023-07…2023-12,"{""window"": 120, ""pct"": 0.3, ""stall_days"": 0, ""rearm"": 3}",20,25.0,11,11,0.18181818181818182,0.20155038759689922,0.9020979020979021,,,0.45454545454545453,0.5271317829457365,0.8622994652406416,-30.087359971117618,-26.704775666556326,-3.3825843045612913,,,,,,,18.337675148871636,-27.4093349313633,0.41847826086956524,0.9,0.0967741935483871,134.0,0.6666666666666666
level,AMD,KZT,True,5,2023-07…2023-12,"{""window"": 120, ""pct"": 0.3, ""stall_days"": 0, ""rearm"": 3}",20,25.0,15,15,0.2,0.17829457364341086,1.1217391304347826,,,0.26666666666666666,0.4263565891472868,0.6254545454545455,-86.36032703554716,-49.59380850488834,-36.76651853065882,,,,,,,35.08725277451223,-62.90935853567903,0.5706521739130435,1.0,0.0,120.0,0.5
level,KZT,KZT,False,5,2023-07…2023-12,"{""window"": 120, ""pct"": 0.3, ""stall_days"": 0, ""rearm"": 3}",20,25.0,11,11,0.18181818181818182,0.09302325581395349,1.9545454545454546,,,0.7272727272727273,0.5193798449612403,1.400271370420624,75.94889675303246,-23.450077638838618,99.39897439187108,,,,,,,92.87400262257859,60.673940869625405,0.41847826086956524,0.7,0.4287413617377304,120.0,0.5
reversal,TJS,KZT,True,5,2023-07…2023-12,"{""window"": 60, ""rise_bps"": 20, ""max_days_since_min"": 10, ""rearm"": 3}",20,25.0,9,9,0.4444444444444444,0.5426356589147286,0.819047619047619,,,0.4444444444444444,0.5426356589147286,0.819047619047619,-53.6683469318935,-14.369798255992611,-39.29854867590089,,,,,,,108.39992679527423,-17.09439296974116,0.3423913043478261,0.625,0.14344382763731175,115.0,0.5
reversal,UZS,KZT,True,5,2023-07…2023-12,"{""window"": 60, ""rise_bps"": 20, ""max_days_since_min"": 10, ""rearm"": 3}",20,25.0,8,8,0.375,0.43410852713178294,0.8638392857142857,,,0.375,0.43410852713178294,0.8638392857142857,-58.39473741838756,-69.49233690529937,11.097599486911811,,,,,,,112.01572690810332,-18.64744884836316,0.30434782608695654,0.5714285714285714,0.29162992125969667,115.0,0.5
reversal,KGS,KZT,True,5,2023-07…2023-12,"{""window"": 60, ""rise_bps"": 20, ""max_days_since_min"": 10, ""rearm"": 3}",20,25.0,9,9,0.4444444444444444,0.5503875968992248,0.8075117370892019,,,0.4444444444444444,0.5503875968992248,0.8075117370892019,-46.98358224977997,-26.704775666556326,-20.278806583223645,,,,,,,112.30269178867961,-15.621178592228526,0.3423913043478261,0.625,0.14344382763731175,115.0,0.5
reversal,AMD,KZT,True,5,2023-07…2023-12,"{""window"": 60, ""rise_bps"": 20, ""max_days_since_min"": 10, ""rearm"": 3}",20,25.0,12,12,0.25,0.4418604651162791,0.5657894736842105,,,0.25,0.4418604651162791,0.5657894736842105,-149.29910745846811,-49.59380850488834,-99.70529895357978,,,,,,,39.9475516969298,-42.211361093071254,0.4565217391304348,0.7272727272727273,0.4151332327181593,94.0,0.5
reversal,KZT,KZT,False,5,2023-07…2023-12,"{""window"": 60, ""rise_bps"": 20, ""max_days_since_min"": 10, ""rearm"": 3}",20,25.0,13,13,0.38461538461538464,0.40310077519379844,0.9541420118343196,,,0.38461538461538464,0.40310077519379844,0.9541420118343196,-66.23018740063438,-23.450077638838618,-42.78010976179576,,,,,,,17.6919663955928,23.754590178885184,0.4945652173913044,0.8333333333333334,0.4976314409678085,88.0,0.3333333333333333
seasonality,TJS,KZT,True,5,2023-07…2023-12,"{""min_share"": 0.5, ""min_years"": 4, ""from_day"": 20, ""rearm"": 20}",20,25.0,3,3,0.0,0.24031007751937986,0.0,,,0.6666666666666666,0.5426356589147286,1.2285714285714286,31.941577634558115,-14.369798255992611,46.31137589055073,,,,,,,90.63409326795761,-115.53897034793259,0.1141304347826087,0.0,0.5348837209302325,92.0,0.5
seasonality,UZS,KZT,True,5,2023-07…2023-12,"{""min_share"": 0.5, ""min_years"": 4, ""from_day"": 20, ""rearm"": 20}",20,25.0,4,4,0.0,0.13953488372093023,0.0,,,0.5,0.4728682170542636,1.0573770491803278,-44.14635876764383,-69.49233690529937,25.345978137655536,,,,,,,47.597849642554976,-52.07355549073978,0.15217391304347827,0.0,0.5896919751144688,92.0,0.3333333333333333
seasonality,KGS,KZT,True,5,2023-07…2023-12,"{""min_share"": 0.5, ""min_years"": 4, ""from_day"": 20, ""rearm"": 20}",20,25.0,3,3,0.0,0.20155038759689922,0.0,,,0.6666666666666666,0.5271317829457365,1.264705882352941,35.77110071571874,-26.704775666556326,62.47587638227506,,,,,,,102.56519172559653,-95.84089909869515,0.1141304347826087,0.0,0.5348837209302325,92.0,0.5
seasonality,AMD,KZT,True,5,2023-07…2023-12,"{""min_share"": 0.5, ""min_years"": 4, ""from_day"": 20, ""rearm"": 20}",20,25.0,2,2,0.0,0.17829457364341086,0.0,,,0.5,0.4263565891472868,1.1727272727272728,-38.46197841931354,-49.59380850488834,11.131830085574798,,,,,,,-12.433250992703314,-199.97573902803046,0.07608695652173914,0.0,0.0,92.0,0.6666666666666666
seasonality,KZT,KZT,False,5,2023-07…2023-12,"{""min_share"": 0.5, ""min_years"": 4, ""from_day"": 20, ""rearm"": 20}",20,25.0,3,3,0.0,0.09302325581395349,0.0,,,0.6666666666666666,0.5193798449612403,1.2835820895522387,107.83335183377892,-23.450077638838618,131.28342947261754,,,,,,,97.47272117072232,-108.98481908892235,0.1141304347826087,0.0,0.5348837209302325,92.0,0.5
dip_vs_trend,TJS,KZT,True,5,2023-07…2023-12,"{""span"": 80, ""window"": 250, ""pct"": 0.2, ""rearm"": 3}",20,25.0,17,17,0.17647058823529413,0.24031007751937986,0.7343453510436433,,,0.29411764705882354,0.5426356589147286,0.5420168067226891,-97.79077455323403,-14.369798255992611,-83.42097629724142,,,,,,,36.72579219829343,-58.096457276254206,0.6467391304347826,1.0,0.0,112.0,0.5
dip_vs_trend,UZS,KZT,True,5,2023-07…2023-12,"{""span"": 80, ""window"": 250, ""pct"": 0.2, ""rearm"": 3}",20,25.0,17,17,0.11764705882352941,0.13953488372093023,0.8431372549019608,,,0.35294117647058826,0.4728682170542636,0.746383799421408,-134.42934570804783,-69.49233690529937,-64.93700880274847,,,,,,,32.39287189069152,-70.28735921341,0.6467391304347826,1.0,0.0,109.0,0.5
dip_vs_trend,KGS,KZT,True,5,2023-07…2023-12,"{""span"": 80, ""window"": 250, ""pct"": 0.2, ""rearm"": 3}",20,25.0,17,17,0.058823529411764705,0.20155038759689922,0.2918552036199095,,,0.4117647058823529,0.5271317829457365,0.7811418685121106,-107.0577760366765,-26.704775666556326,-80.35300037012017,,,,,,,32.73077987171417,-57.31750555738334,0.6467391304347826,1.0,0.0,109.0,0.5
dip_vs_trend,AMD,KZT,True,5,2023-07…2023-12,"{""span"": 80, ""window"": 250, ""pct"": 0.2, ""rearm"": 3}",20,25.0,20,20,0.15,0.17829457364341086,0.8413043478260869,,,0.25,0.4263565891472868,0.5863636363636364,-120.31788792151579,-49.59380850488834,-70.72407941662746,,,,,,,45.41446832265505,-39.96446431688378,0.7608695652173914,0.9473684210526315,0.2782059466963465,93.0,0.5
dip_vs_trend,KZT,KZT,False,5,2023-07…2023-12,"{""span"": 80, ""window"": 250, ""pct"": 0.2, ""rearm"": 3}",20,25.0,20,20,0.1,0.09302325581395349,1.0750000000000002,,,0.55,0.5193798449612403,1.058955223880597,-9.061249591981738,-23.450077638838618,14.38882804685688,,,,,,,53.26322332743543,7.779243006651119,0.7608695652173914,0.8947368421052632,0.5232484374899176,81.0,0.3333333333333333
momentum,TJS,KZT,True,6,2024-01…2024-06,"{""n"": 2, ""rearm"": 3}",20,25.0,17,17,0.17647058823529413,0.19658119658119658,0.8976982097186702,,,0.47058823529411764,0.5555555555555556,0.8470588235294118,36.35230759913286,16.838282384351277,19.51402521478158,,,,,,,79.52121239588757,45.00414693612588,0.6538461538461539,0.25,0.8334672402761769,30.0,0.0
momentum,UZS,KZT,True,6,2024-01…2024-06,"{""n"": 2, ""rearm"": 3}",20,25.0,15,15,0.13333333333333333,0.15384615384615385,0.8666666666666666,,,0.4666666666666667,0.5128205128205128,0.9100000000000001,-30.88191640506865,-20.683669886704273,-10.198246518364378,,,,,,,54.46504387441956,-8.258405446490702,0.5769230769230769,0.21428571428571427,0.8075824361899131,36.0,0.0
momentum,KGS,KZT,True,6,2024-01…2024-06,"{""n"": 2, ""rearm"": 3}",20,25.0,15,15,0.13333333333333333,0.23931623931623933,0.5571428571428572,,,0.4666666666666667,0.5726495726495726,0.8149253731343284,15.960913470831098,31.12319280205631,-15.16227933122521,,,,,,,57.4171105727741,11.762124841172044,0.5769230769230769,0.07142857142857142,0.7745047453499544,30.0,0.0
momentum,AMD,KZT,True,6,2024-01…2024-06,"{""n"": 2, ""rearm"": 3}",20,25.0,15,15,0.13333333333333333,0.2564102564102564,0.52,,,0.5333333333333333,0.5641025641025641,0.9454545454545454,8.802222757489915,32.11626266314577,-23.314039905655854,,,,,,,61.3502887480033,6.288720784891993,0.5769230769230769,0.07142857142857142,0.8911635938082905,41.0,0.0
momentum,KZT,KZT,False,6,2024-01…2024-06,"{""n"": 2, ""rearm"": 3}",20,25.0,16,16,0.25,0.26495726495726496,0.9435483870967741,,,0.375,0.5128205128205128,0.7312500000000001,-50.26550565747752,-51.33409444413086,1.0685887866533434,,,,,,,71.45534793533747,-16.313489006966194,0.6153846153846154,0.06666666666666667,0.8515300827687995,38.0,0.0
level,TJS,KZT,True,6,2024-01…2024-06,"{""window"": 120, ""pct"": 0.3, ""stall_days"": 0, ""rearm"": 3}",20,25.0,13,13,0.23076923076923078,0.19658119658119658,1.173913043478261,,,0.6153846153846154,0.5555555555555556,1.1076923076923078,64.7634745944334,16.838282384351277,47.92519221008213,,,,,,,87.03061832917605,12.597183760684706,0.5,0.8333333333333334,2.16572015768289,117.0,0.5
level,UZS,KZT,True,6,2024-01…2024-06,"{""window"": 120, ""pct"": 0.3, ""stall_days"": 0, ""rearm"": 3}",20,25.0,25,25,0.24,0.15384615384615385,1.5599999999999998,,,0.56,0.5128205128205128,1.0920000000000003,16.83845443851429,-20.683669886704273,37.52212432521856,,,,,,,82.18715540605821,19.04377579547032,0.9615384615384616,0.8333333333333334,1.2976931692186227,45.0,0.0
level,KGS,KZT,True,6,2024-01…2024-06,"{""window"": 120, ""pct"": 0.3, ""stall_days"": 0, ""rearm"": 3}",20,25.0,13,13,0.38461538461538464,0.23931623931623933,1.6071428571428572,,,0.7692307692307693,0.5726495726495726,1.3432835820895523,134.73914771480804,31.12319280205631,103.61595491275173,,,,,,,146.39918307214305,48.46467913308484,0.5,0.5833333333333334,1.5009763678055612,82.0,0.3333333333333333
level,AMD,KZT,True,6,2024-01…2024-06,"{""window"": 120, ""pct"": 0.3, ""stall_days"": 0, ""rearm"": 3}",20,25.0,8,8,0.375,0.2564102564102564,1.4625000000000001,,,1.0,0.5641025641025641,1.7727272727272727,179.19457122652778,32.11626266314577,147.07830856338202,,,,,,,187.17641660959296,117.76671534820039,0.3076923076923077,0.7142857142857143,1.9691011221833337,141.0,0.6666666666666666
level,KZT,KZT,False,6,2024-01…2024-06,"{""window"": 120, ""pct"": 0.3, ""stall_days"": 0, ""rearm"": 3}",20,25.0,12,12,0.25,0.26495726495726496,0.9435483870967741,,,0.5,0.5128205128205128,0.9750000000000001,-124.69031637493401,-51.33409444413086,-73.35622193080314,,,,,,,78.11777571230546,-121.00142438400223,0.46153846153846156,0.8181818181818182,2.224761833858021,126.0,0.5
reversal,TJS,KZT,True,6,2024-01…2024-06,"{""window"": 120, ""rise_bps"": 20, ""max_days_since_min"": 20, ""rearm"": 3}",20,25.0,10,10,0.9,0.5128205128205128,1.7550000000000001,,,0.9,0.5128205128205128,1.7550000000000001,170.3672655727768,16.838282384351277,153.5289831884255,,,,,,,106.19430384874386,98.68792277734141,0.38461538461538464,0.8888888888888888,2.134176830490307,129.0,0.5
reversal,UZS,KZT,True,6,2024-01…2024-06,"{""window"": 120, ""rise_bps"": 20, ""max_days_since_min"": 20, ""rearm"": 3}",20,25.0,15,15,0.4666666666666667,0.3418803418803419,1.365,,,0.4666666666666667,0.3418803418803419,1.365,46.88587246958332,-20.683669886704273,67.5695423562876,,,,,,,63.16198786177071,-1.3973385215352665,0.5769230769230769,0.9285714285714286,2.2288862430141028,107.0,0.3333333333333333
reversal,KGS,KZT,True,6,2024-01…2024-06,"{""window"": 120, ""rise_bps"": 20, ""max_days_since_min"": 20, ""rearm"": 3}",20,25.0,10,10,0.9,0.6068376068376068,1.483098591549296,,,0.9,0.6068376068376068,1.483098591549296,206.72292174661044,31.12319280205631,175.59972894455413,,,,,,,127.19116263764784,116.29843321231981,0.38461538461538464,0.8888888888888888,2.134176830490307,129.0,0.5
reversal,AMD,KZT,True,6,2024-01…2024-06,"{""window"": 120, ""rise_bps"": 20, ""max_days_since_min"": 20, ""rearm"": 3}",20,25.0,10,10,0.8,0.5299145299145299,1.5096774193548388,,,0.8,0.5299145299145299,1.5096774193548388,178.5324477367334,32.11626266314577,146.41618507358763,,,,,,,118.90210542294844,108.91326929993849,0.38461538461538464,0.8888888888888888,2.134176830490307,129.0,0.5
reversal,KZT,KZT,False,6,2024-01…2024-06,"{""window"": 120, ""rise_bps"": 20, ""max_days_since_min"": 20, ""rearm"": 3}",20,25.0,3,3,0.0,0.48717948717948717,0.0,,,0.0,0.48717948717948717,0.0,-42.46909230834669,-51.33409444413086,8.865002135784174,,,,,,,260.73726044930487,-67.49017981073375,0.11538461538461539,1.0,0.0,163.0,0.8333333333333334
seasonality,TJS,KZT,True,6,2024-01…2024-06,"{""min_share"": 0.5, ""min_years"": 4, ""from_day"": 24, ""rearm"": 20}",20,25.0,2,2,0.0,0.19658119658119658,0.0,,,0.5,0.5555555555555556,0.8999999999999999,-41.99574263910655,16.838282384351277,-58.834025023457826,,,,,,,-55.19673680263238,-79.25424121696334,0.07692307692307693,0.0,0.0,119.0,0.6666666666666666
seasonality,UZS,KZT,True,6,2024-01…2024-06,"{""min_share"": 0.5, ""min_years"": 4, ""from_day"": 24, ""rearm"": 20}",20,25.0,2,2,0.0,0.15384615384615385,0.0,,,0.5,0.5128205128205128,0.9750000000000001,-44.646011234609205,-20.683669886704273,-23.962341347904932,,,,,,,-31.88496376105021,-56.135748621488624,0.07692307692307693,0.0,0.0,119.0,0.6666666666666666
seasonality,KGS,KZT,True,6,2024-01…2024-06,"{""min_share"": 0.5, ""min_years"": 4, ""from_day"": 24, ""rearm"": 20}",20,25.0,2,2,0.0,0.23931623931623933,0.0,,,0.5,0.5726495726495726,0.873134328358209,17.716196933001967,31.12319280205631,-13.406995869054342,,,,,,,20.425077781786037,-19.001531293956205,0.07692307692307693,0.0,0.0,106.0,0.6666666666666666
seasonality,AMD,KZT,True,6,2024-01…2024-06,"{""min_share"": 0.5, ""min_years"": 4, ""from_day"": 24, ""rearm"": 20}",20,25.0,1,1,0.0,0.2564102564102564,0.0,,,1.0,0.5641025641025641,1.7727272727272727,30.42960752179802,32.11626266314577,-1.6866551413477495,,,,,,,74.3452404745093,-8.927024902402048,0.038461538461538464,0.0,,167.0,0.8333333333333334
seasonality,KZT,KZT,False,6,2024-01…2024-06,"{""min_share"": 0.5, ""min_years"": 4, ""from_day"": 24, ""rearm"": 20}",20,25.0,3,3,0.3333333333333333,0.26495726495726496,1.2580645161290323,,,0.3333333333333333,0.5128205128205128,0.65,-13.461253373483109,-51.33409444413086,37.87284107064775,,,,,,,42.44666327413086,-68.76362957785487,0.11538461538461539,0.0,0.5643564356435643,119.0,0.5
dip_vs_trend,TJS,KZT,True,6,2024-01…2024-06,"{""span"": 80, ""window"": 250, ""pct"": 0.2, ""rearm"": 3}",20,25.0,7,7,0.42857142857142855,0.19658119658119658,2.1801242236024843,,,1.0,0.5555555555555556,1.7999999999999998,200.20634729668845,16.838282384351277,183.36806491233716,,,,,,,197.54594934888038,137.34365626729235,0.2692307692307692,0.6666666666666666,1.7865807951018002,141.0,0.6666666666666666
dip_vs_trend,UZS,KZT,True,6,2024-01…2024-06,"{""span"": 80, ""window"": 250, ""pct"": 0.2, ""rearm"": 3}",20,25.0,7,7,0.42857142857142855,0.15384615384615385,2.7857142857142856,,,0.8571428571428571,0.5128205128205128,1.6714285714285715,127.59058823660337,-20.683669886704273,148.27425812330765,,,,,,,197.15085550459375,88.9997793947052,0.2692307692307692,0.5,1.522984871172681,125.0,0.5
dip_vs_trend,KGS,KZT,True,6,2024-01…2024-06,"{""span"": 80, ""window"": 250, ""pct"": 0.2, ""rearm"": 3}",20,25.0,6,6,0.5,0.23931623931623933,2.0892857142857144,,,0.8333333333333334,0.5726495726495726,1.455223880597015,213.36477190854035,31.12319280205631,182.24157910648404,,,,,,,228.13024123503132,106.58406292627636,0.23076923076923078,0.6,1.6505219894918834,147.0,0.6666666666666666
dip_vs_trend,AMD,KZT,True,6,2024-01…2024-06,"{""span"": 80, ""window"": 250, ""pct"": 0.2, ""rearm"": 3}",20,25.0,6,6,0.6666666666666666,0.2564102564102564,2.6,,,1.0,0.5641025641025641,1.7727272727272727,296.6275757386209,32.11626266314577,264.51131307547513,,,,,,,317.0163137963067,227.72332740438014,0.23076923076923078,0.6,1.6689336398093375,147.0,0.6666666666666666
dip_vs_trend,KZT,KZT,False,6,2024-01…2024-06,"{""span"": 80, ""window"": 250, ""pct"": 0.2, ""rearm"": 3}",20,25.0,11,11,0.18181818181818182,0.26495726495726496,0.686217008797654,,,0.45454545454545453,0.5128205128205128,0.8863636363636365,-163.10627856181716,-51.33409444413086,-111.7721841176863,,,,,,,68.21593712860175,-139.2842909586883,0.4230769230769231,0.8,2.1600427076923316,130.0,0.5
momentum,TJS,KZT,True,7,2024-07…2024-12,"{""n"": 2, ""rearm"": 2}",20,25.0,20,20,0.25,0.29770992366412213,0.8397435897435898,,,0.7,0.6717557251908397,1.0420454545454545,118.87822695381564,95.96472466495561,22.91350228886003,,,,,,,77.8749173283434,44.17782923852187,0.7608695652173914,0.3684210526315789,0.7026251671680095,24.0,0.0
momentum,UZS,KZT,True,7,2024-07…2024-12,"{""n"": 2, ""rearm"": 2}",20,25.0,19,19,0.3684210526315789,0.31297709923664124,1.1771501925545569,,,0.6842105263157895,0.6641221374045801,1.030248033877798,96.76029970909086,93.66515844300025,3.0951412660906072,,,,,,,49.63863500880984,70.62853198902133,0.7228260869565217,0.2777777777777778,0.565685424949238,19.0,0.0
momentum,KGS,KZT,True,7,2024-07…2024-12,"{""n"": 2, ""rearm"": 2}",20,25.0,18,18,0.3333333333333333,0.3282442748091603,1.0155038759689923,,,0.7222222222222222,0.7557251908396947,0.9556677890011223,106.22559141347158,99.54663906237663,6.678952351094949,,,,,,,51.58728403535491,45.65627052435264,0.6847826086956522,0.29411764705882354,0.7089122728975137,24.0,0.0
momentum,AMD,KZT,True,7,2024-07…2024-12,"{""n"": 2, ""rearm"": 2}",20,25.0,20,20,0.2,0.31297709923664124,0.6390243902439025,,,0.65,0.6946564885496184,0.9357142857142857,83.61029646939804,96.36585439104611,-12.755557921648077,,,,,,,59.26382431042265,11.244001745886859,0.7608695652173914,0.47368421052631576,0.9059985283284588,35.0,0.0
momentum,KZT,KZT,False,7,2024-07…2024-12,"{""n"": 2, ""rearm"": 2}",20,25.0,27,27,0.2222222222222222,0.16793893129770993,1.323232323232323,,,0.7407407407407407,0.6335877862595419,1.1691209281570727,85.68595254326245,34.71548822943122,50.97046431383122,,,,,,,72.41485958560375,67.20024810413965,1.0271739130434783,0.38461538461538464,0.4810289896553938,13.0,0.0
level,TJS,KZT,True,7,2024-07…2024-12,"{""window"": 120, ""pct"": 0.2, ""stall_days"": 0, ""rearm"": 3}",20,25.0,6,6,0.3333333333333333,0.29770992366412213,1.1196581196581197,,,0.8333333333333334,0.6717557251908397,1.240530303030303,228.71732843721534,95.96472466495561,132.75260377225973,,,,,,,152.896890097123,99.59473573249112,0.2282608695652174,0.8,0.33333333333333337,143.0,0.6666666666666666
level,UZS,KZT,True,7,2024-07…2024-12,"{""window"": 120, ""pct"": 0.2, ""stall_days"": 0, ""rearm"": 3}",20,25.0,10,10,0.2,0.31297709923664124,0.6390243902439025,,,0.5,0.6641221374045801,0.7528735632183908,90.73631177090049,93.66515844300025,-2.928846672099766,,,,,,,48.96664805703732,27.606463236350862,0.3804347826086957,1.0,0.0,141.0,0.6666666666666666
level,KGS,KZT,True,7,2024-07…2024-12,"{""window"": 120, ""pct"": 0.2, ""stall_days"": 0, ""rearm"": 3}",20,25.0,2,2,0.5,0.3282442748091603,1.5232558139534884,,,1.0,0.7557251908396947,1.323232323232323,347.77270363550605,99.54663906237663,248.2260645731294,,,,,,,258.86360088374306,270.73405817927164,0.07608695652173914,0.0,0.0,145.0,0.6666666666666666
level,AMD,KZT,True,7,2024-07…2024-12,"{""window"": 120, ""pct"": 0.2, ""stall_days"": 0, ""rearm"": 3}",20,25.0,5,5,0.4,0.31297709923664124,1.278048780487805,,,1.0,0.6946564885496184,1.4395604395604396,343.48199725939605,96.36585439104611,247.11614286834993,,,,,,,244.54492188215718,147.70435764785628,0.19021739130434784,1.0,0.0,142.0,0.6666666666666666
level,KZT,KZT,False,7,2024-07…2024-12,"{""window"": 120, ""pct"": 0.2, ""stall_days"": 0, ""rearm"": 3}",20,25.0,11,11,0.18181818181818182,0.16793893129770993,1.0826446280991735,,,0.5454545454545454,0.6335877862595419,0.8608981380065718,100.6208676582659,34.71548822943122,65.90537942883466,,,,,,,143.9858240910107,57.072044132185106,0.41847826086956524,0.9,1.0434782608695652,116.0,0.5
reversal,TJS,KZT,True,7,2024-07…2024-12,"{""window"": 120, ""rise_bps"": 20, ""max_days_since_min"": 20, ""rearm"": 3}",20,25.0,4,4,0.25,0.7175572519083969,0.3484042553191489,,,0.25,0.7175572519083969,0.3484042553191489,-94.20222601046218,95.96472466495561,-190.1669506754178,,,,,,,-96.56879598123587,-33.846602940551534,0.15217391304347827,1.0,0.0,165.0,0.8333333333333334
reversal,UZS,KZT,True,7,2024-07…2024-12,"{""window"": 120, ""rise_bps"": 20, ""max_days_since_min"": 20, ""rearm"": 3}",20,25.0,4,4,0.25,0.7404580152671756,0.33762886597938147,,,0.25,0.7404580152671756,0.33762886597938147,-120.9705567980651,93.66515844300025,-214.63571524106536,,,,,,,-104.28622125720737,-49.935969169835616,0.15217391304347827,1.0,0.0,165.0,0.8333333333333334
reversal,KGS,KZT,True,7,2024-07…2024-12,"{""window"": 120, ""rise_bps"": 20, ""max_days_since_min"": 20, ""rearm"": 3}",20,25.0,4,4,0.5,0.7557251908396947,0.6616161616161615,,,0.5,0.7557251908396947,0.6616161616161615,-14.380086636326954,99.54663906237663,-113.92672569870358,,,,,,,-108.88718486488897,26.667104216568372,0.15217391304347827,1.0,0.0,165.0,0.8333333333333334
reversal,AMD,KZT,True,7,2024-07…2024-12,"{""window"": 120, ""rise_bps"": 20, ""max_days_since_min"": 20, ""rearm"": 3}",20,25.0,4,4,0.25,0.7404580152671756,0.33762886597938147,,,0.25,0.7404580152671756,0.33762886597938147,-120.82256541450063,96.36585439104611,-217.18841980554674,,,,,,,-102.49663209466908,-37.95020693654616,0.15217391304347827,1.0,0.0,165.0,0.8333333333333334
reversal,KZT,KZT,False,7,2024-07…2024-12,"{""window"": 120, ""rise_bps"": 20, ""max_days_since_min"": 20, ""rearm"": 3}",20,25.0,13,13,0.6923076923076923,0.6106870229007634,1.1336538461538461,,,0.6923076923076923,0.6106870229007634,1.1336538461538461,52.339512148084324,34.71548822943122,17.6240239186531,,,,,,,19.61424663646247,-0.6375239735501059,0.4945652173913044,0.8333333333333334,0.4622001607988788,117.0,0.5
seasonality,TJS,KZT,True,7,2024-07…2024-12,"{""min_share"": 0.5, ""min_years"": 4, ""from_day"": 24, ""rearm"": 20}",20,25.0,3,3,0.3333333333333333,0.29770992366412213,1.1196581196581197,,,0.6666666666666666,0.6717557251908397,0.9924242424242423,53.423932967946456,95.96472466495561,-42.540791697009155,,,,,,,-51.321831652506965,49.8699062407996,0.1141304347826087,0.0,0.5,92.0,0.5
seasonality,UZS,KZT,True,7,2024-07…2024-12,"{""min_share"": 0.5, ""min_years"": 4, ""from_day"": 24, ""rearm"": 20}",20,25.0,3,3,0.0,0.31297709923664124,0.0,,,1.0,0.6641221374045801,1.5057471264367817,34.72240020643428,93.66515844300025,-58.94275823656597,,,,,,,29.354166951968505,161.66545056787274,0.1141304347826087,0.0,0.6146788990825688,124.0,0.5
seasonality,KGS,KZT,True,7,2024-07…2024-12,"{""min_share"": 0.5, ""min_years"": 4, ""from_day"": 24, ""rearm"": 20}",20,25.0,3,3,0.3333333333333333,0.3282442748091603,1.0155038759689923,,,1.0,0.7557251908396947,1.323232323232323,57.96873183695521,99.54663906237663,-41.57790722542142,,,,,,,-52.280138064745664,108.82928852697741,0.1141304347826087,0.0,0.5,92.0,0.5
seasonality,AMD,KZT,True,7,2024-07…2024-12,"{""min_share"": 0.5, ""min_years"": 4, ""from_day"": 24, ""rearm"": 20}",20,25.0,2,2,0.5,0.31297709923664124,1.597560975609756,,,1.0,0.6946564885496184,1.4395604395604396,144.9977714001005,96.36585439104611,48.63191700905439,,,,,,,76.01106284535363,-13.402651132543573,0.07608695652173914,0.0,0.0,92.0,0.6666666666666666
seasonality,KZT,KZT,False,7,2024-07…2024-12,"{""min_share"": 0.5, ""min_years"": 4, ""from_day"": 24, ""rearm"": 20}",20,25.0,3,3,0.0,0.16793893129770993,0.0,,,0.6666666666666666,0.6335877862595419,1.0522088353413654,-75.74524283842014,34.71548822943122,-110.46073106785136,,,,,,,-94.23221846538286,-16.777732335817955,0.1141304347826087,0.0,0.5,92.0,0.5
dip_vs_trend,TJS,KZT,True,7,2024-07…2024-12,"{""span"": 80, ""window"": 250, ""pct"": 0.2, ""rearm"": 3}",20,25.0,2,2,1.0,0.29770992366412213,3.358974358974359,,,1.0,0.6717557251908397,1.4886363636363635,439.9755136000649,95.96472466495561,344.0107889351093,,,,,,,335.71628376249606,345.29103110576995,0.07608695652173914,0.0,0.0,145.0,0.6666666666666666
dip_vs_trend,UZS,KZT,True,7,2024-07…2024-12,"{""span"": 80, ""window"": 250, ""pct"": 0.2, ""rearm"": 3}",20,25.0,2,2,1.0,0.31297709923664124,3.195121951219512,,,1.0,0.6641221374045801,1.5057471264367817,422.79361923655665,93.66515844300025,329.1284607935564,,,,,,,340.91954253676056,322.9722510632427,0.07608695652173914,0.0,0.0,145.0,0.6666666666666666
dip_vs_trend,KGS,KZT,True,7,2024-07…2024-12,"{""span"": 80, ""window"": 250, ""pct"": 0.2, ""rearm"": 3}",20,25.0,0,0,,0.3282442748091603,,,,,0.7557251908396947,,,99.54663906237663,,,,,,,,,,0.0,,,180.0,1.0
dip_vs_trend,AMD,KZT,True,7,2024-07…2024-12,"{""span"": 80, ""window"": 250, ""pct"": 0.2, ""rearm"": 3}",20,25.0,0,0,,0.31297709923664124,,,,,0.6946564885496184,,,96.36585439104611,,,,,,,,,,0.0,,,180.0,1.0
dip_vs_trend,KZT,KZT,False,7,2024-07…2024-12,"{""span"": 80, ""window"": 250, ""pct"": 0.2, ""rearm"": 3}",20,25.0,11,11,0.18181818181818182,0.16793893129770993,1.0826446280991735,,,0.5454545454545454,0.6335877862595419,0.8608981380065718,77.49562651747019,34.71548822943122,42.78013828803896,,,,,,,161.95907598673003,64.62851484718024,0.41847826086956524,0.8,2.0437463305106007,122.0,0.5
momentum,TJS,KZT,True,8,2025-01…2025-06,"{""n"": 2, ""rearm"": 2}",20,25.0,20,20,0.15,0.19658119658119658,0.7630434782608696,,,0.4,0.4700854700854701,0.850909090909091,-144.0216471158115,-112.63640534071882,-31.38524177509268,,,,,,,92.17582626976562,-84.34468889566953,0.7734806629834254,0.5263157894736842,0.8203612324948265,27.0,0.0
momentum,UZS,KZT,True,8,2025-01…2025-06,"{""n"": 2, ""rearm"": 2}",20,25.0,26,26,0.038461538461538464,0.042735042735042736,0.9,,,0.2692307692307692,0.24786324786324787,1.086206896551724,-183.00098755133962,-198.85952062411175,15.858533072772133,,,,,,,56.1487311305644,-93.04923036614034,1.005524861878453,0.48,0.6079579394163238,22.0,0.0
momentum,KGS,KZT,True,8,2025-01…2025-06,"{""n"": 2, ""rearm"": 2}",20,25.0,31,31,0.06451612903225806,0.02564102564102564,2.5161290322580645,,,0.16129032258064516,0.15384615384615385,1.0483870967741935,-195.82745189261738,-221.43511533665657,25.60766344403919,,,,,,,57.77855092729208,-91.6633593103784,1.1988950276243093,0.6,0.5293347426330883,16.0,0.0
momentum,AMD,KZT,True,8,2025-01…2025-06,"{""n"": 2, ""rearm"": 2}",20,25.0,27,27,0.037037037037037035,0.05128205128205128,0.7222222222222222,,,0.3333333333333333,0.20512820512820512,1.625,-171.692195261114,-189.98254467009855,18.290349408984554,,,,,,,55.616647276862416,-86.9603950089475,1.0441988950276242,0.5769230769230769,0.5927652102794343,15.0,0.0
momentum,KZT,KZT,False,8,2025-01…2025-06,"{""n"": 2, ""rearm"": 2}",20,25.0,27,27,0.037037037037037035,0.02564102564102564,1.4444444444444444,,,0.2222222222222222,0.1111111111111111,2.0,-164.81183926962865,-215.04473247998948,50.23289321036083,,,,,,,62.15289364038919,-59.298737761255474,1.0441988950276242,0.38461538461538464,0.4971307986061764,18.0,0.0
level,TJS,KZT,True,8,2025-01…2025-06,"{""window"": 120, ""pct"": 0.25, ""stall_days"": 0, ""rearm"": 3}",20,25.0,24,24,0.2916666666666667,0.19658119658119658,1.483695652173913,,,0.5,0.4700854700854701,1.0636363636363637,-51.459202824829795,-112.63640534071882,61.17720251588903,,,,,,,90.83076690163533,-23.498278919052936,0.9281767955801105,0.9130434782608695,0.6861856047139122,34.0,0.16666666666666666
level,UZS,KZT,True,8,2025-01…2025-06,"{""window"": 120, ""pct"": 0.25, ""stall_days"": 0, ""rearm"": 3}",20,25.0,30,30,0.06666666666666667,0.042735042735042736,1.56,,,0.3,0.24786324786324787,1.2103448275862068,-131.9530781081219,-198.85952062411175,66.90644251598985,,,,,,,55.21753337340797,-52.50425537544622,1.160220994475138,0.9655172413793104,0.17638342073763938,34.0,0.16666666666666666
level,KGS,KZT,True,8,2025-01…2025-06,"{""window"": 120, ""pct"": 0.25, ""stall_days"": 0, ""rearm"": 3}",20,25.0,32,32,0.0,0.02564102564102564,0.0,,,0.15625,0.15384615384615385,1.015625,-172.80938565568445,-221.43511533665657,48.625729680972114,,,,,,,34.61330315305322,-109.4684458057104,1.2375690607734806,1.0,0.0,33.0,0.16666666666666666
level,AMD,KZT,True,8,2025-01…2025-06,"{""window"": 120, ""pct"": 0.25, ""stall_days"": 0, ""rearm"": 3}",20,25.0,31,31,0.12903225806451613,0.05128205128205128,2.5161290322580645,,,0.1935483870967742,0.20512820512820512,0.9435483870967742,-124.28532435359536,-189.98254467009855,65.69722031650319,,,,,,,49.9884009790976,-52.04973152366319,1.1988950276243093,1.0,0.0,34.0,0.16666666666666666
level,KZT,KZT,False,8,2025-01…2025-06,"{""window"": 120, ""pct"": 0.25, ""stall_days"": 0, ""rearm"": 3}",20,25.0,36,36,0.027777777777777776,0.02564102564102564,1.0833333333333333,,,0.16666666666666666,0.1111111111111111,1.5,-202.95138577821578,-215.04473247998948,12.093346701773697,,,,,,,25.708160807745696,-76.96442963248501,1.3922651933701657,0.9714285714285714,0.05500898014005001,12.0,0.0
reversal,TJS,KZT,True,8,2025-01…2025-06,"{""window"": 120, ""rise_bps"": 30, ""max_days_since_min"": 20, ""rearm"": 3}",20,25.0,12,12,0.3333333333333333,0.48717948717948717,0.6842105263157895,,,0.3333333333333333,0.48717948717948717,0.6842105263157895,-135.841248836057,-112.63640534071882,-23.204843495338167,,,,,,,68.10910026096333,-101.67604940682105,0.46408839779005523,0.8181818181818182,0.41079191812887456,77.0,0.5
reversal,UZS,KZT,True,8,2025-01…2025-06,"{""window"": 120, ""rise_bps"": 30, ""max_days_since_min"": 20, ""rearm"": 3}",20,25.0,25,25,0.16,0.1452991452991453,1.1011764705882352,,,0.16,0.1452991452991453,1.1011764705882352,-129.08893706766946,-198.85952062411175,69.77058355644229,,,,,,,18.577858527836135,-76.98611708553172,0.9668508287292817,0.75,0.40057401056125586,39.0,0.16666666666666666
reversal,KGS,KZT,True,8,2025-01…2025-06,"{""window"": 120, ""rise_bps"": 30, ""max_days_since_min"": 20, ""rearm"": 3}",20,25.0,19,19,0.0,0.06837606837606838,0.0,,,0.0,0.06837606837606838,0.0,-189.57575752205628,-221.43511533665657,31.859357814600287,,,,,,,16.915483688111177,-113.41159398788942,0.7348066298342542,0.6111111111111112,0.5102499677469847,39.0,0.16666666666666666
reversal,AMD,KZT,True,8,2025-01…2025-06,"{""window"": 120, ""rise_bps"": 30, ""max_days_since_min"": 20, ""rearm"": 3}",20,25.0,23,23,0.043478260869565216,0.08547008547008547,0.508695652173913,,,0.043478260869565216,0.08547008547008547,0.508695652173913,-132.9632598525449,-189.98254467009855,57.019284817553654,,,,,,,23.269019443797255,-78.32051975013697,0.8895027624309392,0.6818181818181818,0.4646601886422926,39.0,0.16666666666666666
reversal,KZT,KZT,False,8,2025-01…2025-06,"{""window"": 120, ""rise_bps"": 30, ""max_days_since_min"": 20, ""rearm"": 3}",20,25.0,26,26,0.0,0.017094017094017096,0.0,,,0.0,0.017094017094017096,0.0,-215.4648492774451,-215.04473247998948,-0.4201167974556199,,,,,,,4.878648576167082,-115.60356145943553,1.005524861878453,0.68,0.2644629729424679,39.0,0.16666666666666666
seasonality,TJS,KZT,True,8,2025-01…2025-06,"{""min_share"": 0.5, ""min_years"": 4, ""from_day"": 20, ""rearm"": 20}",20,25.0,3,3,0.0,0.19658119658119658,0.0,,,0.3333333333333333,0.4700854700854701,0.7090909090909091,-179.81888331040497,-112.63640534071882,-67.18247796968615,,,,,,,44.81685212120852,-185.25959928672933,0.11602209944751381,0.0,0.5533980582524272,120.0,0.5
seasonality,UZS,KZT,True,8,2025-01…2025-06,"{""min_share"": 0.5, ""min_years"": 4, ""from_day"": 20, ""rearm"": 20}",20,25.0,3,3,0.0,0.042735042735042736,0.0,,,0.0,0.24786324786324787,0.0,-177.87453745086907,-198.85952062411175,20.984983173242682,,,,,,,82.08282124414156,106.37255349103759,0.11602209944751381,0.0,0.5876288659793815,115.0,0.5
seasonality,KGS,KZT,True,8,2025-01…2025-06,"{""min_share"": 0.5, ""min_years"": 4, ""from_day"": 20, ""rearm"": 20}",20,25.0,5,5,0.0,0.02564102564102564,0.0,,,0.4,0.15384615384615385,2.6,-168.51959719788658,-221.43511533665657,52.91551813876998,,,,,,,67.4772923161564,-108.97591645485117,0.19337016574585636,0.0,0.27784636934474144,60.0,0.16666666666666666
seasonality,AMD,KZT,True,8,2025-01…2025-06,"{""min_share"": 0.5, ""min_years"": 4, ""from_day"": 20, ""rearm"": 20}",20,25.0,4,4,0.0,0.05128205128205128,0.0,,,0.5,0.20512820512820512,2.4375,-150.9744444326583,-189.98254467009855,39.00810023744026,,,,,,,83.60093669128322,-132.69250801927367,0.15469613259668508,0.0,0.5298160640637768,92.0,0.3333333333333333
seasonality,KZT,KZT,False,8,2025-01…2025-06,"{""min_share"": 0.5, ""min_years"": 4, ""from_day"": 20, ""rearm"": 20}",20,25.0,3,3,0.0,0.02564102564102564,0.0,,,0.0,0.1111111111111111,0.0,-119.81500366499809,-215.04473247998948,95.22972881499139,,,,,,,111.67334475502518,-91.39077777421328,0.11602209944751381,0.0,0.5533980582524272,120.0,0.5
dip_vs_trend,TJS,KZT,True,8,2025-01…2025-06,"{""span"": 80, ""window"": 250, ""pct"": 0.2, ""rearm"": 3}",20,25.0,22,22,0.045454545454545456,0.19658119658119658,0.23122529644268777,,,0.2727272727272727,0.4700854700854701,0.5801652892561983,-240.12553362205696,-112.63640534071882,-127.48912828133814,,,,,,,34.45700260800649,-142.98346762654353,0.8508287292817679,1.0,0.0,73.0,0.3333333333333333
dip_vs_trend,UZS,KZT,True,8,2025-01…2025-06,"{""span"": 80, ""window"": 250, ""pct"": 0.2, ""rearm"": 3}",20,25.0,24,24,0.0,0.042735042735042736,0.0,,,0.125,0.24786324786324787,0.5043103448275862,-239.25202484272506,-198.85952062411175,-40.39250421861331,,,,,,,47.38117182478564,-107.00077278327716,0.9281767955801105,0.9565217391304348,0.06700593942604899,54.0,0.16666666666666666
dip_vs_trend,KGS,KZT,True,8,2025-01…2025-06,"{""span"": 80, ""window"": 250, ""pct"": 0.2, ""rearm"": 3}",20,25.0,26,26,0.0,0.02564102564102564,0.0,,,0.038461538461538464,0.15384615384615385,0.25,-283.56365322200276,-221.43511533665657,-62.12853788534619,,,,,,,8.968824512346101,-154.7423907368241,1.005524861878453,0.96,0.06446025638903101,48.0,0.16666666666666666
dip_vs_trend,AMD,KZT,True,8,2025-01…2025-06,"{""span"": 80, ""window"": 250, ""pct"": 0.2, ""rearm"": 3}",20,25.0,25,25,0.08,0.05128205128205128,1.56,,,0.12,0.20512820512820512,0.585,-224.82613403602426,-189.98254467009855,-34.84358936592571,,,,,,,36.59520667408719,-89.45458110455351,0.9668508287292817,1.0,0.0,55.0,0.16666666666666666
dip_vs_trend,KZT,KZT,False,8,2025-01…2025-06,"{""span"": 80, ""window"": 250, ""pct"": 0.2, ""rearm"": 3}",20,25.0,27,27,0.037037037037037035,0.02564102564102564,1.4444444444444444,,,0.18518518518518517,0.1111111111111111,1.6666666666666667,-224.91709076082208,-215.04473247998948,-9.8723582808326,,,,,,,36.39608968851285,-84.67082827988655,1.0441988950276242,0.9230769230769231,0.5122467122538474,32.0,0.16666666666666666
momentum,TJS,KZT,True,9,2025-07…2025-12,"{""n"": 2, ""rearm"": 3}",20,25.0,18,18,0.16666666666666666,0.2,0.8333333333333333,,,0.5555555555555556,0.5692307692307692,0.9759759759759761,10.017282205488183,24.64574363935889,-14.628461433870708,,,,,,,34.888930975829716,4.294272780237467,0.6847826086956522,0.4117647058823529,0.631315629277074,20.0,0.0
momentum,UZS,KZT,True,9,2025-07…2025-12,"{""n"": 2, ""rearm"": 3}",20,25.0,21,21,0.19047619047619047,0.2,0.9523809523809523,,,0.6190476190476191,0.5384615384615384,1.1496598639455784,72.46368915995573,31.661039927311496,40.80264923264424,,,,,,,81.12471059104315,72.55316378595613,0.7989130434782609,0.25,0.5323556769727675,20.0,0.0
momentum,KGS,KZT,True,9,2025-07…2025-12,"{""n"": 2, ""rearm"": 3}",20,25.0,20,20,0.15,0.2076923076923077,0.7222222222222222,,,0.4,0.5230769230769231,0.7647058823529411,-18.358371128750214,-6.366992636140395,-11.991378492609819,,,,,,,28.695190054856994,-24.70367987556543,0.7608695652173914,0.42105263157894735,0.6397644688881264,20.0,0.0
momentum,AMD,KZT,True,9,2025-07…2025-12,"{""n"": 2, ""rearm"": 3}",20,25.0,18,18,0.16666666666666666,0.23076923076923078,0.7222222222222221,,,0.5,0.5461538461538461,0.915492957746479,18.348803188209033,3.4633601708443584,14.885443017364674,,,,,,,47.09885190210884,-6.924657867837867,0.6847826086956522,0.29411764705882354,0.5680038078383741,20.0,0.0
momentum,KZT,KZT,False,9,2025-07…2025-12,"{""n"": 2, ""rearm"": 3}",20,25.0,19,19,0.2631578947368421,0.18461538461538463,1.425438596491228,,,0.631578947368421,0.6076923076923076,1.039307128580946,45.83898598328716,15.864915632713714,29.974070350573445,,,,,,,61.91795140648592,65.46659138146607,0.7228260869565217,0.3333333333333333,0.7206481318387393,33.0,0.0
level,TJS,KZT,True,9,2025-07…2025-12,"{""window"": 120, ""pct"": 0.25, ""stall_days"": 3, ""rearm"": 3}",20,25.0,3,3,0.3333333333333333,0.2,1.6666666666666665,,,0.6666666666666666,0.5692307692307692,1.1711711711711712,91.81375991171194,24.64574363935889,67.16801627235304,,,,,,,159.19644728472514,236.1787381118689,0.1141304347826087,0.5,0.6,156.0,0.8333333333333334
level,UZS,KZT,True,9,2025-07…2025-12,"{""window"": 120, ""pct"": 0.25, ""stall_days"": 3, ""rearm"": 3}",20,25.0,4,4,0.0,0.2,0.0,,,1.0,0.5384615384615384,1.8571428571428572,162.9717159150129,31.661039927311496,131.31067598770142,,,,,,,112.31592331216234,144.51772090030985,0.15217391304347827,0.3333333333333333,0.32659863237109044,161.0,0.8333333333333334
level,KGS,KZT,True,9,2025-07…2025-12,"{""window"": 120, ""pct"": 0.25, ""stall_days"": 3, ""rearm"": 3}",20,25.0,8,8,0.125,0.2076923076923077,0.6018518518518519,,,0.75,0.5230769230769231,1.4338235294117647,46.79832655259786,-6.366992636140395,53.16531918873825,,,,,,,57.95637703908743,50.293837131922814,0.30434782608695654,0.42857142857142855,1.6468179693028762,128.0,0.5
level,AMD,KZT,True,9,2025-07…2025-12,"{""window"": 120, ""pct"": 0.25, ""stall_days"": 3, ""rearm"": 3}",20,25.0,11,11,0.18181818181818182,0.23076923076923078,0.7878787878787878,,,0.9090909090909091,0.5461538461538461,1.6645326504481435,89.34527514306166,3.4633601708443584,85.8819149722173,,,,,,,86.15390268538172,59.4260903167462,0.41847826086956524,0.7,2.0605413103505064,128.0,0.5
level,KZT,KZT,False,9,2025-07…2025-12,"{""window"": 120, ""pct"": 0.25, ""stall_days"": 3, ""rearm"": 3}",20,25.0,14,14,0.5,0.18461538461538463,2.708333333333333,,,0.7857142857142857,0.6076923076923076,1.2929475587703436,123.83650748686962,15.864915632713714,107.9715918541559,,,,,,,100.88166086743522,89.73611283183818,0.532608695652174,0.6153846153846154,0.8634444755262128,64.0,0.3333333333333333
reversal,TJS,KZT,True,9,2025-07…2025-12,"{""window"": 120, ""rise_bps"": 30, ""max_days_since_min"": 20, ""rearm"": 3}",20,25.0,0,0,,0.5,,,,,0.5,,,24.64574363935889,,,,,,,,,,0.0,,,182.0,1.0
reversal,UZS,KZT,True,9,2025-07…2025-12,"{""window"": 120, ""rise_bps"": 30, ""max_days_since_min"": 20, ""rearm"": 3}",20,25.0,8,8,0.875,0.5230769230769231,1.6727941176470587,,,0.875,0.5230769230769231,1.6727941176470587,133.42146736979726,31.661039927311496,101.76042744248576,,,,,,,14.333793754418142,75.02713670638441,0.30434782608695654,0.8571428571428571,0.6123724356957945,140.0,0.6666666666666666
reversal,KGS,KZT,True,9,2025-07…2025-12,"{""window"": 120, ""rise_bps"": 30, ""max_days_since_min"": 20, ""rearm"": 3}",20,25.0,16,16,0.6875,0.46153846153846156,1.4895833333333333,,,0.6875,0.46153846153846156,1.4895833333333333,16.81719294686537,-6.366992636140395,23.184185583005764,,,,,,,-1.4805753023006147,23.630425751708025,0.6086956521739131,0.8,2.3220471105913356,117.0,0.5
reversal,AMD,KZT,True,9,2025-07…2025-12,"{""window"": 120, ""rise_bps"": 30, ""max_days_since_min"": 20, ""rearm"": 3}",20,25.0,10,10,0.5,0.47692307692307695,1.0483870967741935,,,0.5,0.47692307692307695,1.0483870967741935,4.756096975598423,3.4633601708443584,1.2927368047540644,,,,,,,-0.3954090147272339,15.560810246214691,0.3804347826086957,0.7777777777777778,2.1774465510195573,144.0,0.6666666666666666
reversal,KZT,KZT,False,9,2025-07…2025-12,"{""window"": 120, ""rise_bps"": 30, ""max_days_since_min"": 20, ""rearm"": 3}",20,25.0,11,11,0.6363636363636364,0.5384615384615384,1.1818181818181819,,,0.6363636363636364,0.5384615384615384,1.1818181818181819,-0.11231400548745735,15.864915632713714,-15.977229638201171,,,,,,,0.23417448120046558,-42.342049832394636,0.41847826086956524,0.8,0.35572912430182496,130.0,0.6666666666666666
seasonality,TJS,KZT,True,9,2025-07…2025-12,"{""min_share"": 0.5, ""min_years"": 4, ""from_day"": 20, ""rearm"": 20}",20,25.0,5,5,0.0,0.2,0.0,,,0.4,0.5692307692307692,0.7027027027027027,-24.99271311754025,24.64574363935889,-49.638456756899146,,,,,,,-73.58359520717238,-163.6560055467158,0.19021739130434784,0.0,0.050102286707364066,40.0,0.16666666666666666
seasonality,UZS,KZT,True,9,2025-07…2025-12,"{""min_share"": 0.5, ""min_years"": 4, ""from_day"": 20, ""rearm"": 20}",20,25.0,3,3,0.0,0.2,0.0,,,0.6666666666666666,0.5384615384615384,1.2380952380952381,-48.92245062381877,31.661039927311496,-80.58349055113027,,,,,,,-37.34237628918076,-141.8850964479553,0.1141304347826087,0.0,0.4942528735632184,91.0,0.5
seasonality,KGS,KZT,True,9,2025-07…2025-12,"{""min_share"": 0.5, ""min_years"": 4, ""from_day"": 20, ""rearm"": 20}",20,25.0,3,3,0.0,0.2076923076923077,0.0,,,0.3333333333333333,0.5230769230769231,0.6372549019607843,-47.485754519410364,-6.366992636140395,-41.11876188326997,,,,,,,-10.530598493361984,-140.66235070919163,0.1141304347826087,0.0,0.4942528735632184,91.0,0.5
seasonality,AMD,KZT,True,9,2025-07…2025-12,"{""min_share"": 0.5, ""min_years"": 4, ""from_day"": 20, ""rearm"": 20}",20,25.0,3,3,0.3333333333333333,0.23076923076923078,1.4444444444444442,,,0.6666666666666666,0.5461538461538461,1.2206572769953052,125.60790069888269,3.4633601708443584,122.14454052803833,,,,,,,65.18299005687197,-22.264336945955932,0.1141304347826087,0.0,0.3230769230769231,71.0,0.5
seasonality,KZT,KZT,False,9,2025-07…2025-12,"{""min_share"": 0.5, ""min_years"": 4, ""from_day"": 20, ""rearm"": 20}",20,25.0,3,3,0.0,0.18461538461538463,0.0,,,0.6666666666666666,0.6076923076923076,1.0970464135021096,-18.00463820658163,15.864915632713714,-33.86955383929535,,,,,,,-8.12212149456038,-222.81297693246862,0.1141304347826087,0.0,0.4942528735632184,91.0,0.5
dip_vs_trend,TJS,KZT,True,9,2025-07…2025-12,"{""span"": 80, ""window"": 250, ""pct"": 0.15, ""rearm"": 3}",20,25.0,0,0,,0.2,,,,,0.5692307692307692,,,24.64574363935889,,,,,,,,,,0.0,,,182.0,1.0
dip_vs_trend,UZS,KZT,True,9,2025-07…2025-12,"{""span"": 80, ""window"": 250, ""pct"": 0.15, ""rearm"": 3}",20,25.0,0,0,,0.2,,,,,0.5384615384615384,,,31.661039927311496,,,,,,,,,,0.0,,,182.0,1.0
dip_vs_trend,KGS,KZT,True,9,2025-07…2025-12,"{""span"": 80, ""window"": 250, ""pct"": 0.15, ""rearm"": 3}",20,25.0,0,0,,0.2076923076923077,,,,,0.5230769230769231,,,-6.366992636140395,,,,,,,,,,0.0,,,182.0,1.0
dip_vs_trend,AMD,KZT,True,9,2025-07…2025-12,"{""span"": 80, ""window"": 250, ""pct"": 0.15, ""rearm"": 3}",20,25.0,0,0,,0.23076923076923078,,,,,0.5461538461538461,,,3.4633601708443584,,,,,,,,,,0.0,,,182.0,1.0
dip_vs_trend,KZT,KZT,False,9,2025-07…2025-12,"{""span"": 80, ""window"": 250, ""pct"": 0.15, ""rearm"": 3}",20,25.0,0,0,,0.18461538461538463,,,,,0.6076923076923076,,,15.864915632713714,,,,,,,,,,0.0,,,182.0,1.0
momentum,TJS,KZT,True,10,2026-01…2026-06,"{""n"": 2, ""rearm"": 2}",20,25.0,21,21,0.047619047619047616,0.20512820512820512,0.23214285714285715,,,0.42857142857142855,0.5042735042735043,0.8498789346246973,-92.35220733325919,12.647688147121416,-104.9998954803806,,,,,,,52.826989151321435,-102.71546705460217,0.8121546961325967,0.5,0.8656044922632039,28.0,0.0
momentum,UZS,KZT,True,10,2026-01…2026-06,"{""n"": 2, ""rearm"": 2}",20,25.0,19,19,0.15789473684210525,0.2564102564102564,0.6157894736842106,,,0.3157894736842105,0.5470085470085471,0.5773026315789472,-78.45230731779147,10.996849225985803,-89.44915654377726,,,,,,,77.58813453413596,-86.24385319582976,0.7348066298342542,0.5555555555555556,0.8966701902707025,26.0,0.0
momentum,KGS,KZT,True,10,2026-01…2026-06,"{""n"": 2, ""rearm"": 2}",20,25.0,22,22,0.09090909090909091,0.23931623931623933,0.37987012987012986,,,0.3181818181818182,0.5384615384615384,0.5909090909090909,-123.57771946740513,5.753419433060342,-129.33113890046548,,,,,,,41.01492233622404,-112.12268621245624,0.8508287292817679,0.5714285714285714,0.902700838963121,26.0,0.0
momentum,AMD,KZT,True,10,2026-01…2026-06,"{""n"": 2, ""rearm"": 2}",20,25.0,18,18,0.05555555555555555,0.24786324786324787,0.22413793103448273,,,0.4444444444444444,0.5641025641025641,0.7878787878787878,-91.8863417332334,34.533119178883084,-126.41946091211648,,,,,,,50.246711204639695,-73.23997246259287,0.6961325966850829,0.47058823529411764,1.2062196698821643,46.0,0.0
momentum,KZT,KZT,False,10,2026-01…2026-06,"{""n"": 2, ""rearm"": 2}",20,25.0,20,20,0.15,0.26495726495726496,0.5661290322580644,,,0.5,0.5897435897435898,0.8478260869565217,-28.466244566681336,74.19195081286851,-102.65819537954985,,,,,,,78.01375844344433,-66.22462484348218,0.7734806629834254,0.47368421052631576,0.7720103626247514,26.0,0.0
level,TJS,KZT,True,10,2026-01…2026-06,"{""window"": 120, ""pct"": 0.25, ""stall_days"": 3, ""rearm"": 3}",20,25.0,26,26,0.19230769230769232,0.20512820512820512,0.9375000000000001,,,0.5,0.5042735042735043,0.9915254237288136,57.982109353122084,12.647688147121416,45.33442120600067,,,,,,,76.41581913338828,3.710281595798143,1.005524861878453,0.72,0.7808412048056226,27.0,0.0
level,UZS,KZT,True,10,2026-01…2026-06,"{""window"": 120, ""pct"": 0.25, ""stall_days"": 3, ""rearm"": 3}",20,25.0,23,23,0.2608695652173913,0.2564102564102564,1.0173913043478262,,,0.6521739130434783,0.5470085470085471,1.1922554347826086,109.85127765075109,10.996849225985803,98.85442842476529,,,,,,,121.07485737115383,27.26646838601446,0.8895027624309392,0.7727272727272727,1.0808650381843383,37.0,0.0
level,KGS,KZT,True,10,2026-01…2026-06,"{""window"": 120, ""pct"": 0.25, ""stall_days"": 3, ""rearm"": 3}",20,25.0,22,22,0.22727272727272727,0.23931623931623933,0.9496753246753246,,,0.5909090909090909,0.5384615384615384,1.0974025974025976,73.42609178843244,5.753419433060342,67.6726723553721,,,,,,,79.7334400553537,6.618952510296504,0.8508287292817679,0.7142857142857143,1.1543664857709073,43.0,0.16666666666666666
level,AMD,KZT,True,10,2026-01…2026-06,"{""window"": 120, ""pct"": 0.25, ""stall_days"": 3, ""rearm"": 3}",20,25.0,23,23,0.2608695652173913,0.24786324786324787,1.0524737631184407,,,0.6521739130434783,0.5641025641025641,1.1561264822134387,82.89429090924759,34.533119178883084,48.361171730364504,,,,,,,94.61054464014249,12.261607016807913,0.8895027624309392,0.8636363636363636,1.3213314020128797,48.0,0.16666666666666666
level,KZT,KZT,False,10,2026-01…2026-06,"{""window"": 120, ""pct"": 0.25, ""stall_days"": 3, ""rearm"": 3}",20,25.0,7,7,0.42857142857142855,0.26495726495726496,1.6175115207373272,,,0.7142857142857143,0.5897435897435898,1.2111801242236024,324.51551230538934,74.19195081286851,250.3235614925208,,,,,,,268.2213017858511,65.4425781342741,0.27071823204419887,0.6666666666666666,0.3165265169252399,127.0,0.6666666666666666
reversal,TJS,KZT,True,10,2026-01…2026-06,"{""window"": 120, ""rise_bps"": 30, ""max_days_since_min"": 20, ""rearm"": 3}",20,25.0,24,24,0.5416666666666666,0.4444444444444444,1.21875,,,0.5416666666666666,0.4444444444444444,1.21875,84.30731201274888,12.647688147121416,71.65962386562747,,,,,,,59.39082987389557,55.14809161726822,0.9281767955801105,0.7391304347826086,0.841833223199736,27.0,0.0
reversal,UZS,KZT,True,10,2026-01…2026-06,"{""window"": 120, ""rise_bps"": 30, ""max_days_since_min"": 20, ""rearm"": 3}",20,25.0,20,20,0.7,0.5128205128205128,1.365,,,0.7,0.5128205128205128,1.365,126.59448298068776,10.996849225985803,115.59763375470196,,,,,,,118.99613958569596,37.53805196595234,0.7734806629834254,0.7894736842105263,1.3630914378749,48.0,0.3333333333333333
reversal,KGS,KZT,True,10,2026-01…2026-06,"{""window"": 120, ""rise_bps"": 30, ""max_days_since_min"": 20, ""rearm"": 3}",20,25.0,21,21,0.6666666666666666,0.5128205128205128,1.3,,,0.6666666666666666,0.5128205128205128,1.3,110.87763423651207,5.753419433060342,105.12421480345172,,,,,,,108.01610906897474,57.34001510469243,0.8121546961325967,0.7,1.242811980412038,48.0,0.16666666666666666
reversal,AMD,KZT,True,10,2026-01…2026-06,"{""window"": 120, ""rise_bps"": 30, ""max_days_since_min"": 20, ""rearm"": 3}",20,25.0,8,8,0.875,0.5213675213675214,1.67827868852459,,,0.875,0.5213675213675214,1.67827868852459,277.9159479843525,34.533119178883084,243.38282880546942,,,,,,,152.03137313837684,138.00816533191403,0.30939226519337015,0.7142857142857143,1.9468679782034999,129.0,0.5
reversal,KZT,KZT,False,10,2026-01…2026-06,"{""window"": 120, ""rise_bps"": 30, ""max_days_since_min"": 20, ""rearm"": 3}",20,25.0,8,8,1.0,0.5982905982905983,1.6714285714285715,,,1.0,0.5982905982905983,1.6714285714285715,372.87128857421175,74.19195081286851,298.6793377613432,,,,,,,262.2363889770637,147.07638378658362,0.30939226519337015,0.7142857142857143,0.1374903330507991,130.0,0.6666666666666666
seasonality,TJS,KZT,True,10,2026-01…2026-06,"{""min_share"": 0.5, ""min_years"": 4, ""from_day"": 24, ""rearm"": 20}",20,25.0,2,2,0.5,0.20512820512820512,2.4375,,,1.0,0.5042735042735043,1.9830508474576272,358.3551387281603,12.647688147121416,345.70745058103887,,,,,,,127.80061695826572,265.13618598515865,0.07734806629834254,0.0,0.0,120.0,0.6666666666666666
seasonality,UZS,KZT,True,10,2026-01…2026-06,"{""min_share"": 0.5, ""min_years"": 4, ""from_day"": 24, ""rearm"": 20}",20,25.0,1,1,1.0,0.2564102564102564,3.9000000000000004,,,1.0,0.5470085470085471,1.8281249999999998,362.88596464426394,10.996849225985803,351.88911541827815,,,,,,,43.30458582522123,545.9989611659388,0.03867403314917127,0.0,,163.0,0.8333333333333334
seasonality,KGS,KZT,True,10,2026-01…2026-06,"{""min_share"": 0.5, ""min_years"": 4, ""from_day"": 24, ""rearm"": 20}",20,25.0,2,2,0.5,0.23931623931623933,2.0892857142857144,,,0.5,0.5384615384615384,0.9285714285714286,35.15804441436177,5.753419433060342,29.404624981301424,,,,,,,14.698847197625597,226.62189687029766,0.07734806629834254,0.0,0.0,102.0,0.6666666666666666
seasonality,AMD,KZT,True,10,2026-01…2026-06,"{""min_share"": 0.5, ""min_years"": 4, ""from_day"": 24, ""rearm"": 20}",20,25.0,1,1,1.0,0.24786324786324787,4.0344827586206895,,,1.0,0.5641025641025641,1.7727272727272727,377.2290235597464,34.533119178883084,342.69590438086334,,,,,,,36.88837168106973,463.51880646367636,0.03867403314917127,0.0,,163.0,0.8333333333333334
seasonality,KZT,KZT,False,10,2026-01…2026-06,"{""min_share"": 0.5, ""min_years"": 4, ""from_day"": 24, ""rearm"": 20}",20,25.0,2,2,0.5,0.26495726495726496,1.8870967741935483,,,1.0,0.5897435897435898,1.6956521739130435,392.83905861522635,74.19195081286851,318.6471078023578,,,,,,,240.03111815494972,100.70650267571702,0.07734806629834254,0.0,0.0,126.0,0.6666666666666666
dip_vs_trend,TJS,KZT,True,10,2026-01…2026-06,"{""span"": 20, ""window"": 120, ""pct"": 0.2, ""rearm"": 3}",20,25.0,10,10,0.0,0.20512820512820512,0.0,,,0.3,0.5042735042735043,0.5949152542372881,-83.88566266417952,12.647688147121416,-96.53335081130093,,,,,,,130.79097866452562,-67.09193587681861,0.3867403314917127,0.7777777777777778,1.4509946233565878,67.0,0.5
dip_vs_trend,UZS,KZT,True,10,2026-01…2026-06,"{""span"": 20, ""window"": 120, ""pct"": 0.2, ""rearm"": 3}",20,25.0,12,12,0.25,0.2564102564102564,0.9750000000000001,,,0.3333333333333333,0.5470085470085471,0.6093749999999999,-59.00724297349003,10.996849225985803,-70.00409219947583,,,,,,,148.64244184560826,-56.554239978904114,0.46408839779005523,0.7272727272727273,1.4249955245185713,60.0,0.3333333333333333
dip_vs_trend,KGS,KZT,True,10,2026-01…2026-06,"{""span"": 20, ""window"": 120, ""pct"": 0.2, ""rearm"": 3}",20,25.0,11,11,0.18181818181818182,0.23931623931623933,0.7597402597402597,,,0.36363636363636365,0.5384615384615384,0.6753246753246753,-75.9188777762147,5.753419433060342,-81.67229720927504,,,,,,,156.13909166029154,-28.646661698499273,0.42541436464088395,0.6,1.5105167657639484,68.0,0.5
dip_vs_trend,AMD,KZT,True,10,2026-01…2026-06,"{""span"": 20, ""window"": 120, ""pct"": 0.2, ""rearm"": 3}",20,25.0,10,10,0.2,0.24786324786324787,0.806896551724138,,,0.5,0.5641025641025641,0.8863636363636364,8.01566207684834,34.533119178883084,-26.517457102034744,,,,,,,177.16415064931522,1.1150535597759244,0.3867403314917127,0.6666666666666666,1.3724929960555186,66.0,0.5
dip_vs_trend,KZT,KZT,False,10,2026-01…2026-06,"{""span"": 20, ""window"": 120, ""pct"": 0.2, ""rearm"": 3}",20,25.0,13,13,0.23076923076923078,0.26495726495726496,0.8709677419354839,,,0.38461538461538464,0.5897435897435898,0.6521739130434783,-34.42482848131901,74.19195081286851,-108.61677929418752,,,,,,,161.72085705493419,-14.667572226364753,0.5027624309392265,0.75,1.610612949803296,69.0,0.3333333333333333
