corridor,indicator,split,window,params,feasible,n_feasible,fitted
KZT,momentum,0,2022-12…2023-05,"{""n"": 2, ""rearm"": 27, ""_feasible"": true, ""_n_feasible"": 3, ""_score"": 1.3238}",True,3,
KZT,level,0,2022-12…2023-05,"{""window"": 540, ""pct"": 0.25, ""stall_days"": 0, ""rearm"": 27, ""_feasible"": true, ""_n_feasible"": 4, ""_score"": 1.2809}",True,4,
KZT,reversal,0,2022-12…2023-05,"{""window"": 540, ""rise_bps"": 20, ""max_days_since_min"": 180, ""rearm"": 27, ""_feasible"": true, ""_n_feasible"": 4, ""_score"": 0.9082}",True,4,
KZT,dip_vs_trend,0,2022-12…2023-05,"{""span"": 180, ""window"": 1080, ""pct"": 0.1, ""rearm"": 27, ""_feasible"": false, ""_n_feasible"": 0, ""_score"": 1.1092}",False,0,
KZT,momentum,1,2023-06…2023-11,"{""n"": 2, ""rearm"": 27, ""_feasible"": true, ""_n_feasible"": 5, ""_score"": 1.2148}",True,5,
KZT,level,1,2023-06…2023-11,"{""window"": 540, ""pct"": 0.3, ""stall_days"": 27, ""rearm"": 27, ""_feasible"": true, ""_n_feasible"": 6, ""_score"": 1.2406}",True,6,
KZT,reversal,1,2023-06…2023-11,"{""window"": 540, ""rise_bps"": 20, ""max_days_since_min"": 180, ""rearm"": 27, ""_feasible"": true, ""_n_feasible"": 4, ""_score"": 0.8786}",True,4,
KZT,dip_vs_trend,1,2023-06…2023-11,"{""span"": 180, ""window"": 2250, ""pct"": 0.2, ""rearm"": 27, ""_feasible"": false, ""_n_feasible"": 0, ""_score"": 1.4295}",False,0,
KZT,momentum,2,2023-12…2024-05,"{""n"": 2, ""rearm"": 27, ""_feasible"": true, ""_n_feasible"": 6, ""_score"": 1.2148}",True,6,
KZT,level,2,2023-12…2024-05,"{""window"": 540, ""pct"": 0.3, ""stall_days"": 0, ""rearm"": 45, ""_feasible"": true, ""_n_feasible"": 10, ""_score"": 1.2146}",True,10,
KZT,reversal,2,2023-12…2024-05,"{""window"": 540, ""rise_bps"": 20, ""max_days_since_min"": 180, ""rearm"": 27, ""_feasible"": true, ""_n_feasible"": 4, ""_score"": 0.656}",True,4,
KZT,dip_vs_trend,2,2023-12…2024-05,"{""span"": 180, ""window"": 1080, ""pct"": 0.15, ""rearm"": 27, ""_feasible"": true, ""_n_feasible"": 3, ""_score"": 1.1772}",True,3,
KZT,momentum,3,2024-06…2024-11,"{""n"": 2, ""rearm"": 27, ""_feasible"": true, ""_n_feasible"": 6, ""_score"": 1.1059}",True,6,
KZT,level,3,2024-06…2024-11,"{""window"": 540, ""pct"": 0.3, ""stall_days"": 0, ""rearm"": 45, ""_feasible"": true, ""_n_feasible"": 18, ""_score"": 1.1659}",True,18,
KZT,reversal,3,2024-06…2024-11,"{""window"": 1080, ""rise_bps"": 20, ""max_days_since_min"": 180, ""rearm"": 27, ""_feasible"": true, ""_n_feasible"": 8, ""_score"": 0.8536}",True,8,
KZT,dip_vs_trend,3,2024-06…2024-11,"{""span"": 180, ""window"": 1080, ""pct"": 0.15, ""rearm"": 27, ""_feasible"": true, ""_n_feasible"": 8, ""_score"": 1.2835}",True,8,
KZT,momentum,4,2024-12…2025-05,"{""n"": 4, ""rearm"": 18, ""_feasible"": true, ""_n_feasible"": 6, ""_score"": 1.1729}",True,6,
KZT,level,4,2024-12…2025-05,"{""window"": 1080, ""pct"": 0.2, ""stall_days"": 0, ""rearm"": 45, ""_feasible"": true, ""_n_feasible"": 27, ""_score"": 1.1236}",True,27,
KZT,reversal,4,2024-12…2025-05,"{""window"": 1080, ""rise_bps"": 50, ""max_days_since_min"": 90, ""rearm"": 27, ""_feasible"": true, ""_n_feasible"": 19, ""_score"": 0.9247}",True,19,
KZT,dip_vs_trend,4,2024-12…2025-05,"{""span"": 180, ""window"": 1080, ""pct"": 0.2, ""rearm"": 27, ""_feasible"": true, ""_n_feasible"": 30, ""_score"": 1.1309}",True,30,
KZT,momentum,5,2025-06…2025-11,"{""n"": 2, ""rearm"": 27, ""_feasible"": true, ""_n_feasible"": 6, ""_score"": 1.2148}",True,6,
KZT,level,5,2025-06…2025-11,"{""window"": 2250, ""pct"": 0.3, ""stall_days"": 0, ""rearm"": 45, ""_feasible"": true, ""_n_feasible"": 44, ""_score"": 1.6764}",True,44,
KZT,reversal,5,2025-06…2025-11,"{""window"": 540, ""rise_bps"": 80, ""max_days_since_min"": 180, ""rearm"": 45, ""_feasible"": true, ""_n_feasible"": 23, ""_score"": 0.8912}",True,23,
KZT,dip_vs_trend,5,2025-06…2025-11,"{""span"": 360, ""window"": 1080, ""pct"": 0.05, ""rearm"": 27, ""_feasible"": true, ""_n_feasible"": 37, ""_score"": 1.3529}",True,37,
KZT,momentum,6,2025-12…2026-05,"{""n"": 4, ""rearm"": 18, ""_feasible"": true, ""_n_feasible"": 6, ""_score"": 1.174}",True,6,
KZT,level,6,2025-12…2026-05,"{""window"": 2250, ""pct"": 0.2, ""stall_days"": 27, ""rearm"": 45, ""_feasible"": true, ""_n_feasible"": 56, ""_score"": 1.1335}",True,56,
KZT,reversal,6,2025-12…2026-05,"{""window"": 1080, ""rise_bps"": 50, ""max_days_since_min"": 90, ""rearm"": 27, ""_feasible"": true, ""_n_feasible"": 28, ""_score"": 1.0231}",True,28,
KZT,dip_vs_trend,6,2025-12…2026-05,"{""span"": 180, ""window"": 2250, ""pct"": 0.1, ""rearm"": 27, ""_feasible"": true, ""_n_feasible"": 31, ""_score"": 1.4241}",True,31,
KZT,momentum,7,2026-06…2026-09,"{""n"": 4, ""rearm"": 18, ""_feasible"": true, ""_n_feasible"": 6, ""_score"": 1.174}",True,6,
KZT,level,7,2026-06…2026-09,"{""window"": 2250, ""pct"": 0.15, ""stall_days"": 27, ""rearm"": 27, ""_feasible"": true, ""_n_feasible"": 54, ""_score"": 1.1284}",True,54,
KZT,reversal,7,2026-06…2026-09,"{""window"": 1080, ""rise_bps"": 50, ""max_days_since_min"": 90, ""rearm"": 27, ""_feasible"": true, ""_n_feasible"": 23, ""_score"": 0.9451}",True,23,
KZT,dip_vs_trend,7,2026-06…2026-09,"{""span"": 180, ""window"": 2250, ""pct"": 0.1, ""rearm"": 27, ""_feasible"": true, ""_n_feasible"": 26, ""_score"": 1.3617}",True,26,
AMD,momentum,0,2023-06…2023-11,"{""n"": 2, ""rearm"": 27, ""_feasible"": true, ""_n_feasible"": 4, ""_score"": 1.0767}",True,4,
AMD,level,0,2023-06…2023-11,"{""window"": 540, ""pct"": 0.2, ""stall_days"": 0, ""rearm"": 27, ""_feasible"": false, ""_n_feasible"": 0, ""_score"": 1.42}",False,0,
AMD,reversal,0,2023-06…2023-11,"{""window"": 540, ""rise_bps"": 20, ""max_days_since_min"": 180, ""rearm"": 27, ""_feasible"": false, ""_n_feasible"": 0, ""_score"": null}",False,0,
AMD,dip_vs_trend,0,2023-06…2023-11,"{""span"": 180, ""window"": 1080, ""pct"": 0.2, ""rearm"": 45, ""_feasible"": false, ""_n_feasible"": 0, ""_score"": null}",False,0,
AMD,momentum,1,2023-12…2024-05,"{""n"": 2, ""rearm"": 18, ""_feasible"": true, ""_n_feasible"": 4, ""_score"": 1.0709}",True,4,
AMD,level,1,2023-12…2024-05,"{""window"": 540, ""pct"": 0.25, ""stall_days"": 0, ""rearm"": 27, ""_feasible"": false, ""_n_feasible"": 0, ""_score"": 0.9502}",False,0,
AMD,reversal,1,2023-12…2024-05,"{""window"": 540, ""rise_bps"": 20, ""max_days_since_min"": 180, ""rearm"": 27, ""_feasible"": false, ""_n_feasible"": 0, ""_score"": 0.6192}",False,0,
AMD,dip_vs_trend,1,2023-12…2024-05,"{""span"": 180, ""window"": 2250, ""pct"": 0.15, ""rearm"": 45, ""_feasible"": false, ""_n_feasible"": 0, ""_score"": 1.1383}",False,0,
AMD,momentum,2,2024-06…2024-11,"{""n"": 4, ""rearm"": 27, ""_feasible"": true, ""_n_feasible"": 6, ""_score"": 1.1714}",True,6,
AMD,level,2,2024-06…2024-11,"{""window"": 540, ""pct"": 0.25, ""stall_days"": 0, ""rearm"": 27, ""_feasible"": true, ""_n_feasible"": 7, ""_score"": 1.1156}",True,7,
AMD,reversal,2,2024-06…2024-11,"{""window"": 540, ""rise_bps"": 20, ""max_days_since_min"": 180, ""rearm"": 27, ""_feasible"": true, ""_n_feasible"": 2, ""_score"": 1.0613}",True,2,
AMD,dip_vs_trend,2,2024-06…2024-11,"{""span"": 180, ""window"": 2250, ""pct"": 0.2, ""rearm"": 27, ""_feasible"": true, ""_n_feasible"": 6, ""_score"": 1.0033}",True,6,
AMD,momentum,3,2024-12…2025-05,"{""n"": 4, ""rearm"": 27, ""_feasible"": true, ""_n_feasible"": 6, ""_score"": 1.2097}",True,6,
AMD,level,3,2024-12…2025-05,"{""window"": 1080, ""pct"": 0.15, ""stall_days"": 0, ""rearm"": 27, ""_feasible"": true, ""_n_feasible"": 23, ""_score"": 1.1365}",True,23,
AMD,reversal,3,2024-12…2025-05,"{""window"": 540, ""rise_bps"": 50, ""max_days_since_min"": 180, ""rearm"": 27, ""_feasible"": true, ""_n_feasible"": 4, ""_score"": 0.9648}",True,4,
AMD,dip_vs_trend,3,2024-12…2025-05,"{""span"": 720, ""window"": 1080, ""pct"": 0.05, ""rearm"": 27, ""_feasible"": true, ""_n_feasible"": 19, ""_score"": 1.051}",True,19,
AMD,momentum,4,2025-06…2025-11,"{""n"": 4, ""rearm"": 27, ""_feasible"": true, ""_n_feasible"": 6, ""_score"": 1.3127}",True,6,
AMD,level,4,2025-06…2025-11,"{""window"": 1080, ""pct"": 0.15, ""stall_days"": 0, ""rearm"": 27, ""_feasible"": true, ""_n_feasible"": 33, ""_score"": 1.4859}",True,33,
AMD,reversal,4,2025-06…2025-11,"{""window"": 1080, ""rise_bps"": 50, ""max_days_since_min"": 180, ""rearm"": 27, ""_feasible"": true, ""_n_feasible"": 10, ""_score"": 1.2451}",True,10,
AMD,dip_vs_trend,4,2025-06…2025-11,"{""span"": 720, ""window"": 1080, ""pct"": 0.05, ""rearm"": 27, ""_feasible"": true, ""_n_feasible"": 39, ""_score"": 1.5788}",True,39,
AMD,momentum,5,2025-12…2026-05,"{""n"": 4, ""rearm"": 27, ""_feasible"": true, ""_n_feasible"": 6, ""_score"": 1.3127}",True,6,
AMD,level,5,2025-12…2026-05,"{""window"": 2250, ""pct"": 0.3, ""stall_days"": 0, ""rearm"": 27, ""_feasible"": true, ""_n_feasible"": 44, ""_score"": 1.4244}",True,44,
AMD,reversal,5,2025-12…2026-05,"{""window"": 1080, ""rise_bps"": 50, ""max_days_since_min"": 180, ""rearm"": 27, ""_feasible"": true, ""_n_feasible"": 16, ""_score"": 1.1753}",True,16,
AMD,dip_vs_trend,5,2025-12…2026-05,"{""span"": 720, ""window"": 2250, ""pct"": 0.2, ""rearm"": 45, ""_feasible"": true, ""_n_feasible"": 30, ""_score"": 1.1526}",True,30,
AMD,momentum,6,2026-06…2026-09,"{""n"": 4, ""rearm"": 27, ""_feasible"": true, ""_n_feasible"": 6, ""_score"": 1.3127}",True,6,
AMD,level,6,2026-06…2026-09,"{""window"": 2250, ""pct"": 0.1, ""stall_days"": 0, ""rearm"": 27, ""_feasible"": true, ""_n_feasible"": 53, ""_score"": 1.597}",True,53,
AMD,reversal,6,2026-06…2026-09,"{""window"": 1080, ""rise_bps"": 50, ""max_days_since_min"": 180, ""rearm"": 27, ""_feasible"": true, ""_n_feasible"": 16, ""_score"": 1.1844}",True,16,
AMD,dip_vs_trend,6,2026-06…2026-09,"{""span"": 180, ""window"": 2250, ""pct"": 0.2, ""rearm"": 27, ""_feasible"": true, ""_n_feasible"": 26, ""_score"": 1.1714}",True,26,
CNY,momentum,0,2021-01…2021-06,"{""n"": 3, ""rearm"": 18, ""_feasible"": true, ""_n_feasible"": 8, ""_score"": 1.0072}",True,8,
CNY,level,0,2021-01…2021-06,"{""window"": 1080, ""pct"": 0.25, ""stall_days"": 27, ""rearm"": 27, ""_feasible"": true, ""_n_feasible"": 54, ""_score"": 1.4431}",True,54,
CNY,reversal,0,2021-01…2021-06,"{""window"": 1080, ""rise_bps"": 30, ""max_days_since_min"": 180, ""rearm"": 27, ""_feasible"": true, ""_n_feasible"": 16, ""_score"": 1.3586}",True,16,
CNY,dip_vs_trend,0,2021-01…2021-06,"{""span"": 360, ""window"": 1080, ""pct"": 0.05, ""rearm"": 27, ""_feasible"": true, ""_n_feasible"": 24, ""_score"": 1.4367}",True,24,
CNY,momentum,1,2021-07…2021-12,"{""n"": 3, ""rearm"": 18, ""_feasible"": true, ""_n_feasible"": 7, ""_score"": 1.0236}",True,7,
CNY,level,1,2021-07…2021-12,"{""window"": 1080, ""pct"": 0.25, ""stall_days"": 27, ""rearm"": 27, ""_feasible"": true, ""_n_feasible"": 53, ""_score"": 1.4869}",True,53,
CNY,reversal,1,2021-07…2021-12,"{""window"": 540, ""rise_bps"": 20, ""max_days_since_min"": 45, ""rearm"": 27, ""_feasible"": true, ""_n_feasible"": 16, ""_score"": 1.282}",True,16,
CNY,dip_vs_trend,1,2021-07…2021-12,"{""span"": 720, ""window"": 1080, ""pct"": 0.1, ""rearm"": 27, ""_feasible"": true, ""_n_feasible"": 30, ""_score"": 1.5369}",True,30,
CNY,momentum,2,2022-01…2022-06,"{""n"": 3, ""rearm"": 18, ""_feasible"": true, ""_n_feasible"": 7, ""_score"": 1.0236}",True,7,
CNY,level,2,2022-01…2022-06,"{""window"": 2250, ""pct"": 0.15, ""stall_days"": 27, ""rearm"": 27, ""_feasible"": true, ""_n_feasible"": 60, ""_score"": 1.4029}",True,60,
CNY,reversal,2,2022-01…2022-06,"{""window"": 1080, ""rise_bps"": 50, ""max_days_since_min"": 180, ""rearm"": 27, ""_feasible"": true, ""_n_feasible"": 19, ""_score"": 1.5512}",True,19,
CNY,dip_vs_trend,2,2022-01…2022-06,"{""span"": 720, ""window"": 2250, ""pct"": 0.1, ""rearm"": 27, ""_feasible"": true, ""_n_feasible"": 33, ""_score"": 1.5214}",True,33,
CNY,momentum,3,2022-07…2022-12,"{""n"": 3, ""rearm"": 18, ""_feasible"": true, ""_n_feasible"": 7, ""_score"": 1.0111}",True,7,
CNY,level,3,2022-07…2022-12,"{""window"": 2250, ""pct"": 0.15, ""stall_days"": 27, ""rearm"": 27, ""_feasible"": true, ""_n_feasible"": 58, ""_score"": 1.3449}",True,58,
CNY,reversal,3,2022-07…2022-12,"{""window"": 1080, ""rise_bps"": 50, ""max_days_since_min"": 180, ""rearm"": 27, ""_feasible"": true, ""_n_feasible"": 20, ""_score"": 1.5512}",True,20,
CNY,dip_vs_trend,3,2022-07…2022-12,"{""span"": 360, ""window"": 1080, ""pct"": 0.05, ""rearm"": 27, ""_feasible"": true, ""_n_feasible"": 36, ""_score"": 1.3941}",True,36,
CNY,momentum,4,2023-01…2023-06,"{""n"": 3, ""rearm"": 18, ""_feasible"": true, ""_n_feasible"": 7, ""_score"": 1.0361}",True,7,
CNY,level,4,2023-01…2023-06,"{""window"": 1080, ""pct"": 0.2, ""stall_days"": 27, ""rearm"": 27, ""_feasible"": true, ""_n_feasible"": 59, ""_score"": 1.2872}",True,59,
CNY,reversal,4,2023-01…2023-06,"{""window"": 1080, ""rise_bps"": 30, ""max_days_since_min"": 180, ""rearm"": 27, ""_feasible"": true, ""_n_feasible"": 21, ""_score"": 1.3577}",True,21,
CNY,dip_vs_trend,4,2023-01…2023-06,"{""span"": 360, ""window"": 1080, ""pct"": 0.05, ""rearm"": 27, ""_feasible"": true, ""_n_feasible"": 32, ""_score"": 1.3941}",True,32,
CNY,momentum,5,2023-07…2023-12,"{""n"": 3, ""rearm"": 18, ""_feasible"": true, ""_n_feasible"": 7, ""_score"": 1.0174}",True,7,
CNY,level,5,2023-07…2023-12,"{""window"": 2250, ""pct"": 0.15, ""stall_days"": 27, ""rearm"": 27, ""_feasible"": true, ""_n_feasible"": 56, ""_score"": 1.2738}",True,56,
CNY,reversal,5,2023-07…2023-12,"{""window"": 1080, ""rise_bps"": 30, ""max_days_since_min"": 180, ""rearm"": 27, ""_feasible"": true, ""_n_feasible"": 18, ""_score"": 1.3577}",True,18,
CNY,dip_vs_trend,5,2023-07…2023-12,"{""span"": 360, ""window"": 1080, ""pct"": 0.05, ""rearm"": 27, ""_feasible"": true, ""_n_feasible"": 31, ""_score"": 1.1105}",True,31,
CNY,momentum,6,2024-01…2024-06,"{""n"": 3, ""rearm"": 18, ""_feasible"": true, ""_n_feasible"": 8, ""_score"": 1.0028}",True,8,
CNY,level,6,2024-01…2024-06,"{""window"": 2250, ""pct"": 0.15, ""stall_days"": 27, ""rearm"": 27, ""_feasible"": true, ""_n_feasible"": 54, ""_score"": 1.2738}",True,54,
CNY,reversal,6,2024-01…2024-06,"{""window"": 1080, ""rise_bps"": 30, ""max_days_since_min"": 180, ""rearm"": 27, ""_feasible"": true, ""_n_feasible"": 18, ""_score"": 1.1918}",True,18,
CNY,dip_vs_trend,6,2024-01…2024-06,"{""span"": 360, ""window"": 1080, ""pct"": 0.05, ""rearm"": 27, ""_feasible"": true, ""_n_feasible"": 31, ""_score"": 1.0396}",True,31,
CNY,momentum,7,2024-07…2024-12,"{""n"": 3, ""rearm"": 18, ""_feasible"": true, ""_n_feasible"": 7, ""_score"": 1.0111}",True,7,
CNY,level,7,2024-07…2024-12,"{""window"": 2250, ""pct"": 0.15, ""stall_days"": 27, ""rearm"": 27, ""_feasible"": true, ""_n_feasible"": 54, ""_score"": 1.2738}",True,54,
CNY,reversal,7,2024-07…2024-12,"{""window"": 1080, ""rise_bps"": 30, ""max_days_since_min"": 180, ""rearm"": 27, ""_feasible"": true, ""_n_feasible"": 18, ""_score"": 1.3577}",True,18,
CNY,dip_vs_trend,7,2024-07…2024-12,"{""span"": 360, ""window"": 2250, ""pct"": 0.2, ""rearm"": 45, ""_feasible"": true, ""_n_feasible"": 31, ""_score"": 1.0848}",True,31,
CNY,momentum,8,2025-01…2025-06,"{""n"": 2, ""rearm"": 27, ""_feasible"": true, ""_n_feasible"": 7, ""_score"": 1.0002}",True,7,
CNY,level,8,2025-01…2025-06,"{""window"": 2250, ""pct"": 0.15, ""stall_days"": 27, ""rearm"": 27, ""_feasible"": true, ""_n_feasible"": 55, ""_score"": 1.2028}",True,55,
CNY,reversal,8,2025-01…2025-06,"{""window"": 1080, ""rise_bps"": 30, ""max_days_since_min"": 180, ""rearm"": 27, ""_feasible"": true, ""_n_feasible"": 17, ""_score"": 1.0911}",True,17,
CNY,dip_vs_trend,8,2025-01…2025-06,"{""span"": 360, ""window"": 2250, ""pct"": 0.1, ""rearm"": 27, ""_feasible"": true, ""_n_feasible"": 30, ""_score"": 0.9918}",True,30,
CNY,momentum,9,2025-07…2025-12,"{""n"": 3, ""rearm"": 18, ""_feasible"": true, ""_n_feasible"": 7, ""_score"": 1.0028}",True,7,
CNY,level,9,2025-07…2025-12,"{""window"": 2250, ""pct"": 0.15, ""stall_days"": 27, ""rearm"": 27, ""_feasible"": true, ""_n_feasible"": 58, ""_score"": 1.2738}",True,58,
CNY,reversal,9,2025-07…2025-12,"{""window"": 540, ""rise_bps"": 20, ""max_days_since_min"": 45, ""rearm"": 27, ""_feasible"": true, ""_n_feasible"": 20, ""_score"": 1.1359}",True,20,
CNY,dip_vs_trend,9,2025-07…2025-12,"{""span"": 360, ""window"": 2250, ""pct"": 0.15, ""rearm"": 45, ""_feasible"": true, ""_n_feasible"": 31, ""_score"": 1.2682}",True,31,
CNY,momentum,10,2026-01…2026-06,"{""n"": 2, ""rearm"": 27, ""_feasible"": true, ""_n_feasible"": 7, ""_score"": 1.0015}",True,7,
CNY,level,10,2026-01…2026-06,"{""window"": 2250, ""pct"": 0.05, ""stall_days"": 0, ""rearm"": 27, ""_feasible"": true, ""_n_feasible"": 59, ""_score"": 1.2256}",True,59,
CNY,reversal,10,2026-01…2026-06,"{""window"": 540, ""rise_bps"": 50, ""max_days_since_min"": 180, ""rearm"": 27, ""_feasible"": true, ""_n_feasible"": 19, ""_score"": 1.0603}",True,19,
CNY,dip_vs_trend,10,2026-01…2026-06,"{""span"": 180, ""window"": 2250, ""pct"": 0.15, ""rearm"": 45, ""_feasible"": true, ""_n_feasible"": 30, ""_score"": 0.9705}",True,30,
