threshold_bps,gated,corridor,split,window,h,tol_bps,n_events,n_scored,hit_rate,base_rate,lift,lift_ci_lo,lift_ci_hi,hit_mean,base_mean,lift_mean,benefit_fwd_bps,benefit_random_day_bps,benefit_excess_bps,benefit_excess_ci_lo,benefit_excess_ci_hi,benefit_fwd_ci_lo,benefit_fwd_ci_hi,benefit_fwd_block_ci_lo,benefit_fwd_block_ci_hi,benefit_sym_bps,vs_wait5_bps,freq_per_week,clump_share_series,clump_cv_gaps,longest_gap_days,empty_month_share
0.0,False,TJS,0,2021-01…2021-06,20,25.0,23,23,0.17391304347826086,0.15254237288135594,1.1400966183574879,,,0.5217391304347826,0.5338983050847458,0.9772256728778467,-6.977094914652555,-2.594269522656172,-4.382825391996382,,,,,,,8.932405690263845,4.057192585805245,0.8895027624309392,0.0,0.0,10.0,0.0
0.0,False,TJS,1,2021-07…2021-12,20,25.0,24,24,0.125,0.17829457364341086,0.7010869565217391,,,0.5833333333333334,0.5581395348837209,1.045138888888889,15.818475591675055,33.342203091136966,-17.523727499461913,,,,,,,-1.2258799919149617,-3.8515263780235265,0.9130434782608696,0.0,0.16067952144812875,13.0,0.0
0.0,False,TJS,2,2022-01…2022-06,20,25.0,14,14,0.14285714285714285,0.1452991452991453,0.9831932773109242,,,0.35714285714285715,0.4700854700854701,0.7597402597402597,-139.7238050445086,-53.00503542290707,-86.71876962160152,,,,,,,424.35958094882307,-51.42992834013632,0.5414364640883977,0.0,1.299038105676658,64.0,0.16666666666666666
0.0,False,TJS,3,2022-07…2022-12,20,25.0,24,24,0.2916666666666667,0.2846153846153846,1.0247747747747749,,,0.625,0.6230769230769231,1.0030864197530864,125.773000295374,163.51128752215095,-37.73828722677695,,,,,,,-46.04497395535941,51.77660425116337,0.9130434782608696,0.0,0.21699393624312432,14.0,0.0
0.0,False,TJS,4,2023-01…2023-06,20,25.0,11,11,0.5454545454545454,0.4915254237288136,1.1097178683385578,,,0.8181818181818182,0.7627118644067796,1.0727272727272728,208.8811164212808,194.18642689935936,14.694689521921447,,,,,,,17.854264725101306,112.42419407897135,0.42541436464088395,0.0,0.47576292185085,29.0,0.0
0.0,False,TJS,5,2023-07…2023-12,20,25.0,20,20,0.25,0.24031007751937986,1.0403225806451613,,,0.45,0.5426356589147286,0.8292857142857144,-66.81488818273219,-14.369798255992611,-52.44508992673958,,,,,,,-83.71697597908057,-4.54236181969747,0.7608695652173914,0.0,0.31974560647740335,17.0,0.0
0.0,False,TJS,6,2024-01…2024-06,20,25.0,20,20,0.15,0.19658119658119658,0.7630434782608696,,,0.45,0.5555555555555556,0.8099999999999999,-30.757067048466705,16.838282384351277,-47.59534943281798,,,,,,,-27.76783894280093,-5.137105219571561,0.7692307692307693,0.0,0.35207892856314027,20.0,0.0
0.0,False,TJS,7,2024-07…2024-12,20,25.0,15,15,0.4,0.29770992366412213,1.3435897435897437,,,0.8,0.6717557251908397,1.190909090909091,180.4695000169914,95.96472466495561,84.50477535203578,,,,,,,60.697692956335196,156.05353776118528,0.5706521739130435,0.0,0.5523802738532113,30.0,0.0
0.0,False,TJS,8,2025-01…2025-06,20,25.0,15,15,0.4,0.19658119658119658,2.0347826086956524,,,0.4666666666666667,0.4700854700854701,0.9927272727272728,-108.86978506868512,-112.63640534071882,3.7666202720337054,,,,,,,36.58587843605799,-58.1871110879623,0.580110497237569,0.0,1.0189296139325037,57.0,0.16666666666666666
0.0,False,TJS,9,2025-07…2025-12,20,25.0,22,22,0.18181818181818182,0.2,0.9090909090909091,,,0.5909090909090909,0.5692307692307692,1.0380835380835383,39.89371542073855,24.64574363935889,15.247971781379661,,,,,,,14.216621531640781,20.79043741960183,0.8369565217391305,0.0,0.45339607408975213,22.0,0.0
0.0,False,TJS,10,2026-01…2026-06,20,25.0,17,17,0.17647058823529413,0.20512820512820512,0.8602941176470589,,,0.4117647058823529,0.5042735042735043,0.8165503489531406,-2.2071200391245442,12.647688147121416,-14.854808186245961,,,,,,,46.35139701989959,-37.60447010980459,0.6574585635359116,0.0,0.38461538461538464,19.0,0.0
0.0,True,TJS,0,2021-01…2021-06,20,25.0,15,15,0.2,0.15254237288135594,1.3111111111111111,,,0.7333333333333333,0.5338983050847458,1.3735449735449734,76.28749253869988,-2.594269522656172,78.88176206135606,,,,,,,81.81938883176869,45.72741117661365,0.580110497237569,0.0,1.0970991910298644,60.0,0.16666666666666666
0.0,True,TJS,1,2021-07…2021-12,20,25.0,9,9,0.2222222222222222,0.17829457364341086,1.2463768115942027,,,0.6666666666666666,0.5581395348837209,1.1944444444444444,45.89959831822064,33.342203091136966,12.557395227083674,,,,,,,70.93453232025186,14.101008608807067,0.3423913043478261,0.0,0.86167921717071,57.0,0.16666666666666666
0.0,True,TJS,2,2022-01…2022-06,20,25.0,11,11,0.09090909090909091,0.1452991452991453,0.6256684491978609,,,0.36363636363636365,0.4700854700854701,0.7735537190082645,-145.1482795777854,-53.00503542290707,-92.14324415487832,,,,,,,377.5608872364312,-4.458321533515676,0.42541436464088395,0.0,0.12081366485722357,87.0,0.5
0.0,True,TJS,3,2022-07…2022-12,20,25.0,0,0,,0.2846153846153846,,,,,0.6230769230769231,,,163.51128752215095,,,,,,,,,,0.0,,,182.0,1.0
0.0,True,TJS,4,2023-01…2023-06,20,25.0,0,0,,0.4915254237288136,,,,,0.7627118644067796,,,194.18642689935936,,,,,,,,,,0.0,,,172.0,1.0
0.0,True,TJS,5,2023-07…2023-12,20,25.0,2,2,0.5,0.24031007751937986,2.0806451612903225,,,0.5,0.5426356589147286,0.9214285714285715,50.70700310300158,-14.369798255992611,65.07680135899419,,,,,,,75.80944426092474,141.5862022096681,0.07608695652173914,0.0,0.0,144.0,0.6666666666666666
0.0,True,TJS,6,2024-01…2024-06,20,25.0,4,4,0.25,0.19658119658119658,1.2717391304347827,,,0.75,0.5555555555555556,1.3499999999999999,154.23119650283894,16.838282384351277,137.39291411848765,,,,,,,164.42358587964168,15.25557786764692,0.15384615384615385,0.0,1.1045926178313068,148.0,0.6666666666666666
0.0,True,TJS,7,2024-07…2024-12,20,25.0,2,2,0.5,0.29770992366412213,1.6794871794871795,,,1.0,0.6717557251908397,1.4886363636363635,423.8966255892984,95.96472466495561,327.9319009243428,,,,,,,304.7109205533305,459.1171565703933,0.07608695652173914,0.0,0.0,144.0,0.6666666666666666
0.0,True,TJS,8,2025-01…2025-06,20,25.0,5,5,0.4,0.19658119658119658,2.0347826086956524,,,0.4,0.4700854700854701,0.850909090909091,-84.33001044121127,-112.63640534071882,28.306394899507552,,,,,,,199.8651631928574,-9.552496804990042,0.19337016574585636,0.0,0.8653836657164781,57.0,0.5
0.0,True,TJS,9,2025-07…2025-12,20,25.0,1,1,0.0,0.2,0.0,,,0.0,0.5692307692307692,0.0,-156.51029206271926,24.64574363935889,-181.15603570207816,,,,,,,-25.753664174289483,7.593773581762164,0.03804347826086957,0.0,,178.0,0.8333333333333334
0.0,True,TJS,10,2026-01…2026-06,20,25.0,14,14,0.21428571428571427,0.20512820512820512,1.0446428571428572,,,0.5,0.5042735042735043,0.9915254237288136,60.17750389924374,12.647688147121416,47.529815752122325,,,,,,,107.70783143083553,-6.90988579524115,0.5414364640883977,0.0,0.7588331151769888,40.0,0.16666666666666666
25.0,False,TJS,0,2021-01…2021-06,20,25.0,16,16,0.1875,0.15254237288135594,1.2291666666666665,,,0.5625,0.5338983050847458,1.0535714285714286,31.95818266223131,-2.594269522656172,34.55245218488748,,,,,,,60.109712912264975,25.444617739677003,0.6187845303867403,0.0,0.5007965593707199,22.0,0.0
25.0,False,TJS,1,2021-07…2021-12,20,25.0,10,10,0.3,0.17829457364341086,1.6826086956521737,,,0.6,0.5581395348837209,1.075,65.81817860780902,33.342203091136966,32.47597551667205,,,,,,,9.428863649286743,72.38008523451434,0.3804347826086957,0.0,0.6091582524099808,35.0,0.0
25.0,False,TJS,2,2022-01…2022-06,20,25.0,13,13,0.15384615384615385,0.1452991452991453,1.0588235294117647,,,0.38461538461538464,0.4700854700854701,0.8181818181818182,-131.55854095080088,-53.00503542290707,-78.5535055278938,,,,,,,485.06383889648254,-31.42733910322774,0.5027624309392265,0.0,0.0,80.0,0.3333333333333333
25.0,False,TJS,3,2022-07…2022-12,20,25.0,18,18,0.3888888888888889,0.2846153846153846,1.3663663663663665,,,0.5555555555555556,0.6230769230769231,0.8916323731138546,56.043628545031446,163.51128752215095,-107.4676589771195,,,,,,,-82.95765198328574,-13.404509564759959,0.6847826086956522,0.0,0.6144928452112497,27.0,0.0
25.0,False,TJS,4,2023-01…2023-06,20,25.0,7,7,0.5714285714285714,0.4915254237288136,1.1625615763546797,,,0.8571428571428571,0.7627118644067796,1.1238095238095238,248.16457393442548,194.18642689935936,53.978147035066115,,,,,,,16.88969474008841,176.79004543367904,0.27071823204419887,0.0,0.5986925863732301,47.0,0.16666666666666666
25.0,False,TJS,5,2023-07…2023-12,20,25.0,12,12,0.4166666666666667,0.24031007751937986,1.7338709677419355,,,0.6666666666666666,0.5426356589147286,1.2285714285714286,-1.9901949094447435,-14.369798255992611,12.379603346547867,,,,,,,-64.11764215871587,51.359078784686346,0.4565217391304348,0.0,0.6204652743532971,37.0,0.0
25.0,False,TJS,6,2024-01…2024-06,20,25.0,9,9,0.2222222222222222,0.19658119658119658,1.1304347826086956,,,0.6666666666666666,0.5555555555555556,1.2,52.87291891141805,16.838282384351277,36.034636527066766,,,,,,,36.57564538778043,23.61455868449503,0.34615384615384615,0.0,0.5286106798881341,49.0,0.0
25.0,False,TJS,7,2024-07…2024-12,20,25.0,8,8,0.25,0.29770992366412213,0.8397435897435898,,,0.75,0.6717557251908397,1.1164772727272727,171.22315652001936,95.96472466495561,75.25843185506375,,,,,,,97.3587244602643,188.6237404167816,0.30434782608695654,0.0,1.2319437915646878,82.0,0.3333333333333333
25.0,False,TJS,8,2025-01…2025-06,20,25.0,9,9,0.3333333333333333,0.19658119658119658,1.6956521739130435,,,0.4444444444444444,0.4700854700854701,0.9454545454545454,-140.8894623550452,-112.63640534071882,-28.253057014326373,,,,,,,40.67457850050693,-31.789669232853058,0.34806629834254144,0.0,0.8634593969478327,64.0,0.16666666666666666
25.0,False,TJS,9,2025-07…2025-12,20,25.0,19,19,0.3684210526315789,0.2,1.8421052631578945,,,0.5263157894736842,0.5692307692307692,0.9246088193456614,61.65231084425209,24.64574363935889,37.0065672048932,,,,,,,36.0724997593,36.856422792311186,0.7228260869565217,0.0,0.5014850849499494,25.0,0.0
25.0,False,TJS,10,2026-01…2026-06,20,25.0,9,9,0.2222222222222222,0.20512820512820512,1.0833333333333333,,,0.5555555555555556,0.5042735042735043,1.1016949152542375,-3.5074788549456963,12.647688147121416,-16.155167002067113,,,,,,,37.29091793335816,-41.41970791417574,0.34806629834254144,0.0,1.0171539097523872,68.0,0.16666666666666666
25.0,True,TJS,0,2021-01…2021-06,20,25.0,12,12,0.25,0.15254237288135594,1.6388888888888888,,,0.6666666666666666,0.5338983050847458,1.2486772486772486,66.86086245119414,-2.594269522656172,69.45513197385031,,,,,,,82.12143212906753,56.194564104523984,0.46408839779005523,0.0,0.9575658713421149,60.0,0.16666666666666666
25.0,True,TJS,1,2021-07…2021-12,20,25.0,4,4,0.75,0.17829457364341086,4.206521739130435,,,1.0,0.5581395348837209,1.7916666666666667,221.85955026920055,33.342203091136966,188.51734717806357,,,,,,,151.79347473467277,207.1477058796595,0.15217391304347827,0.0,0.6217543324380475,80.0,0.3333333333333333
25.0,True,TJS,2,2022-01…2022-06,20,25.0,11,11,0.09090909090909091,0.1452991452991453,0.6256684491978609,,,0.36363636363636365,0.4700854700854701,0.7735537190082645,-145.1482795777854,-53.00503542290707,-92.14324415487832,,,,,,,377.5608872364312,-4.458321533515676,0.42541436464088395,0.0,0.12081366485722357,87.0,0.5
25.0,True,TJS,3,2022-07…2022-12,20,25.0,0,0,,0.2846153846153846,,,,,0.6230769230769231,,,163.51128752215095,,,,,,,,,,0.0,,,182.0,1.0
25.0,True,TJS,4,2023-01…2023-06,20,25.0,0,0,,0.4915254237288136,,,,,0.7627118644067796,,,194.18642689935936,,,,,,,,,,0.0,,,172.0,1.0
25.0,True,TJS,5,2023-07…2023-12,20,25.0,1,1,1.0,0.24031007751937986,4.161290322580645,,,1.0,0.5426356589147286,1.842857142857143,180.233827391032,-14.369798255992611,194.60362564702461,,,,,,,223.5843378323521,109.30363642418506,0.03804347826086957,0.0,,144.0,0.8333333333333334
25.0,True,TJS,6,2024-01…2024-06,20,25.0,4,4,0.25,0.19658119658119658,1.2717391304347827,,,0.75,0.5555555555555556,1.3499999999999999,148.51056004178326,16.838282384351277,131.67227765743198,,,,,,,154.70471450354182,20.10891940412901,0.15384615384615385,0.0,1.0868908629292748,147.0,0.6666666666666666
25.0,True,TJS,7,2024-07…2024-12,20,25.0,1,1,1.0,0.29770992366412213,3.358974358974359,,,1.0,0.6717557251908397,1.4886363636363635,439.8031476171016,95.96472466495561,343.838422952146,,,,,,,247.585249503679,425.4619080657229,0.03804347826086957,0.0,,143.0,0.8333333333333334
25.0,True,TJS,8,2025-01…2025-06,20,25.0,3,3,0.3333333333333333,0.19658119658119658,1.6956521739130435,,,0.3333333333333333,0.4700854700854701,0.7090909090909091,-137.7099453043166,-112.63640534071882,-25.073539963597767,,,,,,,216.22041548735146,-68.15420259046876,0.11602209944751381,0.0,0.043478260869565216,103.0,0.6666666666666666
25.0,True,TJS,9,2025-07…2025-12,20,25.0,0,0,,0.2,,,,,0.5692307692307692,,,24.64574363935889,,,,,,,,,,0.0,,,182.0,1.0
25.0,True,TJS,10,2026-01…2026-06,20,25.0,5,5,0.2,0.20512820512820512,0.9750000000000001,,,0.6,0.5042735042735043,1.1898305084745762,44.8377960210542,12.647688147121416,32.19010787393279,,,,,,,118.81220569649,0.5677911094619219,0.19337016574585636,0.0,0.8056422352397127,84.0,0.3333333333333333
50.0,False,TJS,0,2021-01…2021-06,20,25.0,4,4,0.5,0.15254237288135594,3.2777777777777777,,,0.5,0.5338983050847458,0.9365079365079365,26.28041699621219,-2.594269522656172,28.874686518868362,,,,,,,35.391316692000856,37.55862830821272,0.15469613259668508,0.0,0.5865538070970453,70.0,0.3333333333333333
50.0,False,TJS,1,2021-07…2021-12,20,25.0,0,0,,0.17829457364341086,,,,,0.5581395348837209,,,33.342203091136966,,,,,,,,,,0.0,,,182.0,1.0
50.0,False,TJS,2,2022-01…2022-06,20,25.0,13,13,0.15384615384615385,0.1452991452991453,1.0588235294117647,,,0.38461538461538464,0.4700854700854701,0.8181818181818182,-131.55854095080088,-53.00503542290707,-78.5535055278938,,,,,,,485.06383889648254,-31.42733910322774,0.5027624309392265,0.0,0.0,80.0,0.3333333333333333
50.0,False,TJS,3,2022-07…2022-12,20,25.0,12,12,0.3333333333333333,0.2846153846153846,1.1711711711711712,,,0.5833333333333334,0.6230769230769231,0.9362139917695473,116.98300371136293,163.51128752215095,-46.528283810788025,,,,,,,-74.6909351429137,59.45317236603382,0.4565217391304348,0.0,0.6179756743142937,36.0,0.0
50.0,False,TJS,4,2023-01…2023-06,20,25.0,4,4,0.75,0.4915254237288136,1.5258620689655171,,,0.75,0.7627118644067796,0.9833333333333334,248.9988382358435,194.18642689935936,54.81241133648413,,,,,,,-8.704570861736151,98.46762431162226,0.15469613259668508,0.0,0.9221287305880569,117.0,0.5
50.0,False,TJS,5,2023-07…2023-12,20,25.0,8,8,0.0,0.24031007751937986,0.0,,,0.625,0.5426356589147286,1.1517857142857144,-63.86145143550168,-14.369798255992611,-49.491653179509065,,,,,,,-175.23366942466936,-22.54690474114696,0.30434782608695654,0.0,0.7959732333458317,60.0,0.16666666666666666
50.0,False,TJS,6,2024-01…2024-06,20,25.0,4,4,0.0,0.19658119658119658,0.0,,,0.75,0.5555555555555556,1.3499999999999999,90.37585282431704,16.838282384351277,73.53757043996576,,,,,,,30.90665307247803,9.668110474200518,0.15384615384615385,0.0,0.6314801167469506,92.0,0.3333333333333333
50.0,False,TJS,7,2024-07…2024-12,20,25.0,2,2,0.0,0.29770992366412213,0.0,,,1.0,0.6717557251908397,1.4886363636363635,221.00612850331493,95.96472466495561,125.04140383835932,,,,,,,5.194819272488218,505.4175709762643,0.07608695652173914,0.0,0.0,136.0,0.8333333333333334
50.0,False,TJS,8,2025-01…2025-06,20,25.0,4,4,0.25,0.19658119658119658,1.2717391304347827,,,0.5,0.4700854700854701,1.0636363636363637,-101.71768397567448,-112.63640534071882,10.918721365044348,,,,,,,70.08555748213102,20.122998947282312,0.15469613259668508,0.0,0.805003592016707,99.0,0.3333333333333333
50.0,False,TJS,9,2025-07…2025-12,20,25.0,8,8,0.25,0.2,1.25,,,0.625,0.5692307692307692,1.097972972972973,90.83950985558724,24.64574363935889,66.19376621622834,,,,,,,66.04482571020546,17.015931557733257,0.30434782608695654,0.0,0.44314044815399484,52.0,0.16666666666666666
50.0,False,TJS,10,2026-01…2026-06,20,25.0,1,1,0.0,0.20512820512820512,0.0,,,1.0,0.5042735042735043,1.9830508474576272,60.460846528249675,12.647688147121416,47.81315838112826,,,,,,,239.04472922185784,-41.87049473230453,0.03867403314917127,0.0,,158.0,0.8333333333333334
50.0,True,TJS,0,2021-01…2021-06,20,25.0,1,1,1.0,0.15254237288135594,6.555555555555555,,,1.0,0.5338983050847458,1.873015873015873,181.96959123022881,-2.594269522656172,184.56386075288498,,,,,,,84.40001881924842,183.51904272753572,0.03867403314917127,0.0,,170.0,0.8333333333333334
50.0,True,TJS,1,2021-07…2021-12,20,25.0,0,0,,0.17829457364341086,,,,,0.5581395348837209,,,33.342203091136966,,,,,,,,,,0.0,,,182.0,1.0
50.0,True,TJS,2,2022-01…2022-06,20,25.0,11,11,0.18181818181818182,0.1452991452991453,1.2513368983957218,,,0.36363636363636365,0.4700854700854701,0.7735537190082645,-72.81239063472648,-53.00503542290707,-19.807355211819413,,,,,,,440.14358846729226,75.96967983947188,0.42541436464088395,0.0,0.12283795519834813,87.0,0.5
50.0,True,TJS,3,2022-07…2022-12,20,25.0,0,0,,0.2846153846153846,,,,,0.6230769230769231,,,163.51128752215095,,,,,,,,,,0.0,,,182.0,1.0
50.0,True,TJS,4,2023-01…2023-06,20,25.0,0,0,,0.4915254237288136,,,,,0.7627118644067796,,,194.18642689935936,,,,,,,,,,0.0,,,172.0,1.0
50.0,True,TJS,5,2023-07…2023-12,20,25.0,0,0,,0.24031007751937986,,,,,0.5426356589147286,,,-14.369798255992611,,,,,,,,,,0.0,,,179.0,1.0
50.0,True,TJS,6,2024-01…2024-06,20,25.0,1,1,0.0,0.19658119658119658,0.0,,,1.0,0.5555555555555556,1.7999999999999998,248.53024074869,16.838282384351277,231.69195836433872,,,,,,,263.38497341089175,-76.84901575392256,0.038461538461538464,0.0,,163.0,0.8333333333333334
50.0,True,TJS,7,2024-07…2024-12,20,25.0,0,0,,0.29770992366412213,,,,,0.6717557251908397,,,95.96472466495561,,,,,,,,,,0.0,,,180.0,1.0
50.0,True,TJS,8,2025-01…2025-06,20,25.0,1,1,0.0,0.19658119658119658,0.0,,,0.0,0.4700854700854701,0.0,-372.60042004990333,-112.63640534071882,-259.96401470918454,,,,,,,133.49299617646747,-350.2330618765814,0.03867403314917127,0.0,,133.0,0.8333333333333334
50.0,True,TJS,9,2025-07…2025-12,20,25.0,0,0,,0.2,,,,,0.5692307692307692,,,24.64574363935889,,,,,,,,,,0.0,,,182.0,1.0
50.0,True,TJS,10,2026-01…2026-06,20,25.0,1,1,0.0,0.20512820512820512,0.0,,,1.0,0.5042735042735043,1.9830508474576272,60.460846528249675,12.647688147121416,47.81315838112826,,,,,,,239.04472922185784,-41.87049473230453,0.03867403314917127,0.0,,158.0,0.8333333333333334
0.0,False,UZS,0,2021-01…2021-06,20,25.0,19,19,0.15789473684210525,0.13559322033898305,1.1644736842105263,,,0.47368421052631576,0.5169491525423728,0.916307161345988,-20.997641995970334,-12.978020395404887,-8.019621600565447,,,,,,,1.8977929328598397,-23.444103800079414,0.7348066298342542,0.0,0.247945588072954,14.0,0.0
0.0,False,UZS,1,2021-07…2021-12,20,25.0,21,21,0.14285714285714285,0.14728682170542637,0.9699248120300751,,,0.42857142857142855,0.5116279069767442,0.8376623376623376,6.62669095794043,10.345720517709584,-3.7190295597691536,,,,,,,14.296121652310386,-0.32376110977795863,0.7989130434782609,0.0,0.5732139751893437,28.0,0.0
0.0,False,UZS,2,2022-01…2022-06,20,25.0,8,8,0.0,0.1111111111111111,0.0,,,0.0,0.41025641025641024,0.0,-758.3365397103546,-133.26289884507412,-625.0736408652805,,,,,,,21.083573421604314,-445.68751670417714,0.30939226519337015,0.0,1.2404210861106861,72.0,0.3333333333333333
0.0,False,UZS,3,2022-07…2022-12,20,25.0,23,23,0.2608695652173913,0.25384615384615383,1.0276679841897234,,,0.5217391304347826,0.5307692307692308,0.9829867674858223,150.51685042251202,116.21310466761958,34.30374575489245,,,,,,,23.161849395296613,118.9685579570927,0.875,0.0,0.36912870384189844,18.0,0.0
0.0,False,UZS,4,2023-01…2023-06,20,25.0,23,23,0.5217391304347826,0.5,1.0434782608695652,,,0.8260869565217391,0.8389830508474576,0.9846288976723759,220.90629872028288,230.9240759258275,-10.017777205544633,,,,,,,19.652823902066277,118.5431539673211,0.8895027624309392,0.0,0.04128446572032288,12.0,0.0
0.0,False,UZS,5,2023-07…2023-12,20,25.0,13,13,0.0,0.13953488372093023,0.0,,,0.5384615384615384,0.4728682170542636,1.1387137452711222,-47.7039027976537,-69.49233690529937,21.78843410764567,,,,,,,-22.939538527126935,19.298773534043555,0.4945652173913044,0.0,0.5152228114656274,29.0,0.0
0.0,False,UZS,6,2024-01…2024-06,20,25.0,13,13,0.15384615384615385,0.15384615384615385,1.0,,,0.38461538461538464,0.5128205128205128,0.7500000000000001,-12.889017333599964,-20.683669886704273,7.794652553104308,,,,,,,25.339437640047322,18.982983573137247,0.5,0.0,0.4909146870046745,27.0,0.0
0.0,False,UZS,7,2024-07…2024-12,20,25.0,15,15,0.4666666666666667,0.31297709923664124,1.4910569105691056,,,0.8666666666666667,0.6641221374045801,1.3049808429118774,206.75568297554202,93.66515844300025,113.09052453254176,,,,,,,105.21047218743236,147.22666900621223,0.5706521739130435,0.0,0.5722966128777475,29.0,0.0
0.0,False,UZS,8,2025-01…2025-06,20,25.0,7,7,0.14285714285714285,0.042735042735042736,3.3428571428571425,,,0.14285714285714285,0.24786324786324787,0.5763546798029556,-274.18950312260375,-198.85952062411175,-75.329982498492,,,,,,,67.38588451685466,-109.93250152226788,0.27071823204419887,0.0,0.3227486121839514,104.0,0.5
0.0,False,UZS,9,2025-07…2025-12,20,25.0,22,22,0.2727272727272727,0.2,1.3636363636363635,,,0.5454545454545454,0.5384615384615384,1.0129870129870129,30.51329478216655,31.661039927311496,-1.1477451451449454,,,,,,,14.952173382923577,13.49109201506276,0.8369565217391305,0.0,0.5858219142690373,31.0,0.0
0.0,False,UZS,10,2026-01…2026-06,20,25.0,22,22,0.3181818181818182,0.2564102564102564,1.240909090909091,,,0.5454545454545454,0.5470085470085471,0.9971590909090907,-2.1699817015539864,10.996849225985803,-13.16683092753979,,,,,,,17.71238694635272,-8.628437827993832,0.8508287292817679,0.0,0.13363062095621217,12.0,0.0
0.0,True,UZS,0,2021-01…2021-06,20,25.0,10,10,0.2,0.13559322033898305,1.475,,,0.6,0.5169491525423728,1.160655737704918,49.57610165122828,-12.978020395404887,62.55412204663317,,,,,,,77.67427196129451,10.640444976623318,0.3867403314917127,0.0,0.9349589980217479,63.0,0.16666666666666666
0.0,True,UZS,1,2021-07…2021-12,20,25.0,12,12,0.16666666666666666,0.14728682170542637,1.1315789473684208,,,0.3333333333333333,0.5116279069767442,0.6515151515151515,-26.347694088799386,10.345720517709584,-36.693414606508966,,,,,,,25.76930648625159,-2.596688159187309,0.4565217391304348,0.0,0.37547145917431907,50.0,0.16666666666666666
0.0,True,UZS,2,2022-01…2022-06,20,25.0,7,7,0.0,0.1111111111111111,0.0,,,0.0,0.41025641025641024,0.0,-851.3583775155604,-133.26289884507412,-718.0954786704863,,,,,,,44.41693322471748,-457.9610801819535,0.27071823204419887,0.0,0.30217134831078235,87.0,0.5
0.0,True,UZS,3,2022-07…2022-12,20,25.0,4,4,0.5,0.25384615384615383,1.9696969696969697,,,1.0,0.5307692307692308,1.8840579710144927,538.9580060388755,116.21310466761958,422.74490137125593,,,,,,,373.8830255412229,616.8394733430097,0.15217391304347827,0.0,0.8120395827936397,88.0,0.5
0.0,True,UZS,4,2023-01…2023-06,20,25.0,0,0,,0.5,,,,,0.8389830508474576,,,230.9240759258275,,,,,,,,,,0.0,,,172.0,1.0
0.0,True,UZS,5,2023-07…2023-12,20,25.0,3,3,0.0,0.13953488372093023,0.0,,,0.6666666666666666,0.4728682170542636,1.4098360655737705,-3.12160233807424,-69.49233690529937,66.37073456722513,,,,,,,35.49340617907532,64.86267703649868,0.1141304347826087,0.0,0.47368421052631576,144.0,0.6666666666666666
0.0,True,UZS,6,2024-01…2024-06,20,25.0,7,7,0.2857142857142857,0.15384615384615385,1.857142857142857,,,0.2857142857142857,0.5128205128205128,0.5571428571428572,31.954141471238454,-20.683669886704273,52.637811357942724,,,,,,,116.24813360989481,28.377766025104524,0.2692307692307692,0.0,1.1885883990143384,103.0,0.5
0.0,True,UZS,7,2024-07…2024-12,20,25.0,3,3,0.3333333333333333,0.31297709923664124,1.065040650406504,,,0.6666666666666666,0.6641221374045801,1.003831417624521,259.9952907837159,93.66515844300025,166.33013234071566,,,,,,,195.1643116838146,285.0753131755135,0.1141304347826087,0.0,0.4166666666666667,144.0,0.6666666666666666
0.0,True,UZS,8,2025-01…2025-06,20,25.0,3,3,0.3333333333333333,0.042735042735042736,7.8,,,0.3333333333333333,0.24786324786324787,1.3448275862068964,-25.175066677025637,-198.85952062411175,173.68445394708613,,,,,,,355.5977612168023,92.45220347292508,0.11602209944751381,0.0,0.13043478260869565,104.0,0.6666666666666666
0.0,True,UZS,9,2025-07…2025-12,20,25.0,2,2,0.5,0.2,2.5,,,1.0,0.5384615384615384,1.8571428571428572,213.48673820636654,31.661039927311496,181.82569827905505,,,,,,,142.4231608995952,57.874493265092084,0.07608695652173914,0.0,0.0,165.0,0.8333333333333334
0.0,True,UZS,10,2026-01…2026-06,20,25.0,14,14,0.35714285714285715,0.2564102564102564,1.392857142857143,,,0.6428571428571429,0.5470085470085471,1.1752232142857142,92.45477975155252,10.996849225985803,81.45793052556672,,,,,,,121.54901079510924,31.861150724414156,0.5414364640883977,0.0,1.0046030162705488,50.0,0.16666666666666666
25.0,False,UZS,0,2021-01…2021-06,20,25.0,4,4,0.25,0.13559322033898305,1.84375,,,0.25,0.5169491525423728,0.4836065573770492,-134.2315757245313,-12.978020395404887,-121.25355532912641,,,,,,,-130.7082395759693,-101.7537597777024,0.15469613259668508,0.0,0.44487826050130463,69.0,0.6666666666666666
25.0,False,UZS,1,2021-07…2021-12,20,25.0,4,4,0.25,0.14728682170542637,1.6973684210526314,,,0.5,0.5116279069767442,0.9772727272727272,-15.957293647463622,10.345720517709584,-26.303014165173206,,,,,,,-81.81347767463876,-66.49730437338074,0.15217391304347827,0.0,0.8255833705334206,118.0,0.5
25.0,False,UZS,2,2022-01…2022-06,20,25.0,6,6,0.0,0.1111111111111111,0.0,,,0.0,0.41025641025641024,0.0,-791.9861721058954,-133.26289884507412,-658.7232732608213,,,,,,,172.68157393324785,-430.0751710668619,0.23204419889502761,0.0,0.4063053075235921,87.0,0.5
25.0,False,UZS,3,2022-07…2022-12,20,25.0,20,20,0.3,0.25384615384615383,1.1818181818181819,,,0.6,0.5307692307692308,1.1304347826086956,171.1970918400312,116.21310466761958,54.98398717241162,,,,,,,39.66517215633519,104.66473898674515,0.7608695652173914,0.0,0.4516144996970411,23.0,0.0
25.0,False,UZS,4,2023-01…2023-06,20,25.0,20,20,0.6,0.5,1.2,,,0.85,0.8389830508474576,1.013131313131313,239.7458779209066,230.9240759258275,8.821801995079085,,,,,,,30.12145403802168,136.49248307006127,0.7734806629834254,0.0,0.26628760937957835,16.0,0.0
25.0,False,UZS,5,2023-07…2023-12,20,25.0,8,8,0.0,0.13953488372093023,0.0,,,0.25,0.4728682170542636,0.5286885245901639,-209.61856614201776,-69.49233690529937,-140.1262292367184,,,,,,,-145.12930934482057,-28.8424672867593,0.30434782608695654,0.0,0.6283429118043864,40.0,0.16666666666666666
25.0,False,UZS,6,2024-01…2024-06,20,25.0,7,7,0.14285714285714285,0.15384615384615385,0.9285714285714285,,,0.5714285714285714,0.5128205128205128,1.1142857142857143,82.02393900927665,-20.683669886704273,102.70760889598091,,,,,,,79.32251748533784,124.60678347700038,0.2692307692307692,0.0,0.8666053331538194,71.0,0.16666666666666666
25.0,False,UZS,7,2024-07…2024-12,20,25.0,10,10,0.4,0.31297709923664124,1.278048780487805,,,0.7,0.6641221374045801,1.054022988505747,189.0655094148138,93.66515844300025,95.40035097181354,,,,,,,115.92469138577732,160.94797288526973,0.3804347826086957,0.0,1.133584831421601,82.0,0.16666666666666666
25.0,False,UZS,8,2025-01…2025-06,20,25.0,5,5,0.0,0.042735042735042736,0.0,,,0.2,0.24786324786324787,0.806896551724138,-318.1856154287499,-198.85952062411175,-119.32609480463813,,,,,,,8.508726900093643,-150.09928929836792,0.19337016574585636,0.0,0.5816994852286805,103.0,0.5
25.0,False,UZS,9,2025-07…2025-12,20,25.0,18,18,0.1111111111111111,0.2,0.5555555555555555,,,0.3888888888888889,0.5384615384615384,0.7222222222222223,-21.323374927475736,31.661039927311496,-52.98441485478723,,,,,,,-21.67982684395183,19.744925385584082,0.6847826086956522,0.0,0.19159995356222742,52.0,0.16666666666666666
25.0,False,UZS,10,2026-01…2026-06,20,25.0,14,14,0.14285714285714285,0.2564102564102564,0.5571428571428572,,,0.5,0.5470085470085471,0.9140624999999999,-43.568115768223734,10.996849225985803,-54.56496499420954,,,,,,,-24.499865040838987,-22.077162125690904,0.5414364640883977,0.0,0.6270972917264134,35.0,0.16666666666666666
25.0,True,UZS,0,2021-01…2021-06,20,25.0,0,0,,0.13559322033898305,,,,,0.5169491525423728,,,-12.978020395404887,,,,,,,,,,0.0,,,170.0,1.0
25.0,True,UZS,1,2021-07…2021-12,20,25.0,1,1,1.0,0.14728682170542637,6.789473684210526,,,1.0,0.5116279069767442,1.9545454545454544,193.8340127645932,10.345720517709584,183.48829224688362,,,,,,,24.062117448504505,158.978000689336,0.03804347826086957,0.0,,137.0,0.8333333333333334
25.0,True,UZS,2,2022-01…2022-06,20,25.0,6,6,0.0,0.1111111111111111,0.0,,,0.0,0.41025641025641024,0.0,-791.9861721058954,-133.26289884507412,-658.7232732608213,,,,,,,172.68157393324785,-430.0751710668619,0.23204419889502761,0.0,0.4063053075235921,87.0,0.5
25.0,True,UZS,3,2022-07…2022-12,20,25.0,3,3,0.3333333333333333,0.25384615384615383,1.3131313131313131,,,1.0,0.5307692307692308,1.8840579710144927,556.7005588735241,116.21310466761958,440.4874542059045,,,,,,,432.85941062552416,597.5681500713996,0.1141304347826087,0.0,0.8461538461538461,88.0,0.5
25.0,True,UZS,4,2023-01…2023-06,20,25.0,0,0,,0.5,,,,,0.8389830508474576,,,230.9240759258275,,,,,,,,,,0.0,,,172.0,1.0
25.0,True,UZS,5,2023-07…2023-12,20,25.0,1,1,0.0,0.13953488372093023,0.0,,,0.0,0.4728682170542636,0.0,-143.2115722191718,-69.49233690529937,-73.71923531387245,,,,,,,-174.0757366636736,-193.16065231082536,0.03804347826086957,0.0,,155.0,0.8333333333333334
25.0,True,UZS,6,2024-01…2024-06,20,25.0,4,4,0.25,0.15384615384615385,1.625,,,0.5,0.5128205128205128,0.9750000000000001,149.87307754491005,-20.683669886704273,170.55674743161433,,,,,,,192.00768623224175,182.62439078335996,0.15384615384615385,0.0,1.0210028496235062,124.0,0.5
25.0,True,UZS,7,2024-07…2024-12,20,25.0,3,3,0.3333333333333333,0.31297709923664124,1.065040650406504,,,0.6666666666666666,0.6641221374045801,1.003831417624521,239.00638848945258,93.66515844300025,145.34123004645232,,,,,,,169.26797805321507,158.11342558806228,0.1141304347826087,0.0,0.36,143.0,0.6666666666666666
25.0,True,UZS,8,2025-01…2025-06,20,25.0,2,2,0.0,0.042735042735042736,0.0,,,0.5,0.24786324786324787,2.0172413793103448,10.856055127480559,-198.85952062411175,209.71557575159233,,,,,,,365.1800461853294,-6.242054645482781,0.07734806629834254,0.0,0.0,103.0,0.6666666666666666
25.0,True,UZS,9,2025-07…2025-12,20,25.0,0,0,,0.2,,,,,0.5384615384615384,,,31.661039927311496,,,,,,,,,,0.0,,,182.0,1.0
25.0,True,UZS,10,2026-01…2026-06,20,25.0,8,8,0.0,0.2564102564102564,0.0,,,0.5,0.5470085470085471,0.9140624999999999,-1.5761509916192864,10.996849225985803,-12.57300021760509,,,,,,,93.38000972159617,-101.68910601402833,0.30939226519337015,0.0,1.1705820734448966,78.0,0.3333333333333333
50.0,False,UZS,0,2021-01…2021-06,20,25.0,1,1,0.0,0.13559322033898305,0.0,,,0.0,0.5169491525423728,0.0,-291.0081119666852,-12.978020395404887,-278.0300915712803,,,,,,,-204.06525571989408,-124.39985218739568,0.03867403314917127,0.0,,94.0,0.8333333333333334
50.0,False,UZS,1,2021-07…2021-12,20,25.0,0,0,,0.14728682170542637,,,,,0.5116279069767442,,,10.345720517709584,,,,,,,,,,0.0,,,182.0,1.0
50.0,False,UZS,2,2022-01…2022-06,20,25.0,6,6,0.0,0.1111111111111111,0.0,,,0.0,0.41025641025641024,0.0,-791.9861721058954,-133.26289884507412,-658.7232732608213,,,,,,,172.68157393324785,-430.0751710668619,0.23204419889502761,0.0,0.4063053075235921,87.0,0.5
50.0,False,UZS,3,2022-07…2022-12,20,25.0,14,14,0.2857142857142857,0.25384615384615383,1.1255411255411256,,,0.6428571428571429,0.5307692307692308,1.2111801242236027,141.68493291953408,116.21310466761958,25.471828251914502,,,,,,,13.752538151308809,129.70860982329245,0.532608695652174,0.0,0.6403537382204543,38.0,0.0
50.0,False,UZS,4,2023-01…2023-06,20,25.0,15,15,0.6,0.5,1.2,,,0.9333333333333333,0.8389830508474576,1.1124579124579126,287.1274704982688,230.9240759258275,56.20339457244128,,,,,,,68.14092801684777,161.01569086838992,0.580110497237569,0.0,0.3889722288318547,20.0,0.0
50.0,False,UZS,5,2023-07…2023-12,20,25.0,4,4,0.25,0.13953488372093023,1.7916666666666667,,,0.25,0.4728682170542636,0.5286885245901639,-141.71150572856587,-69.49233690529937,-72.2191688232665,,,,,,,-254.33907678125672,104.65047347955864,0.15217391304347827,0.0,0.23177361425421747,64.0,0.3333333333333333
50.0,False,UZS,6,2024-01…2024-06,20,25.0,3,3,0.3333333333333333,0.15384615384615385,2.1666666666666665,,,0.3333333333333333,0.5128205128205128,0.65,154.33655940691793,-20.683669886704273,175.0202292936222,,,,,,,167.92886633394104,234.51038989772556,0.11538461538461539,0.0,0.8837209302325582,124.0,0.6666666666666666
50.0,False,UZS,7,2024-07…2024-12,20,25.0,6,6,0.16666666666666666,0.31297709923664124,0.532520325203252,,,0.3333333333333333,0.6641221374045801,0.5019157088122606,20.738271782281817,93.66515844300025,-72.92688666071844,,,,,,,-4.084562159632857,118.7687395807008,0.2282608695652174,0.0,1.3956345852664267,134.0,0.5
50.0,False,UZS,8,2025-01…2025-06,20,25.0,2,2,0.0,0.042735042735042736,0.0,,,0.5,0.24786324786324787,2.0172413793103448,10.856055127480559,-198.85952062411175,209.71557575159233,,,,,,,365.1800461853294,-6.242054645482781,0.07734806629834254,0.0,0.0,103.0,0.6666666666666666
50.0,False,UZS,9,2025-07…2025-12,20,25.0,17,17,0.11764705882352941,0.2,0.588235294117647,,,0.35294117647058826,0.5384615384615384,0.6554621848739497,-43.891967951167544,31.661039927311496,-75.55300787847904,,,,,,,-33.29791081257377,18.149935738704606,0.6467391304347826,0.0,0.18442777839082938,63.0,0.3333333333333333
50.0,False,UZS,10,2026-01…2026-06,20,25.0,8,8,0.125,0.2564102564102564,0.48750000000000004,,,0.5,0.5470085470085471,0.9140624999999999,-100.44179367620475,10.996849225985803,-111.43864290219055,,,,,,,-53.42940418916017,-8.53213215498888,0.30939226519337015,0.0,0.6652233511249951,50.0,0.3333333333333333
50.0,True,UZS,0,2021-01…2021-06,20,25.0,0,0,,0.13559322033898305,,,,,0.5169491525423728,,,-12.978020395404887,,,,,,,,,,0.0,,,170.0,1.0
50.0,True,UZS,1,2021-07…2021-12,20,25.0,0,0,,0.14728682170542637,,,,,0.5116279069767442,,,10.345720517709584,,,,,,,,,,0.0,,,182.0,1.0
50.0,True,UZS,2,2022-01…2022-06,20,25.0,6,6,0.0,0.1111111111111111,0.0,,,0.0,0.41025641025641024,0.0,-791.9861721058954,-133.26289884507412,-658.7232732608213,,,,,,,172.68157393324785,-430.0751710668619,0.23204419889502761,0.0,0.4063053075235921,87.0,0.5
50.0,True,UZS,3,2022-07…2022-12,20,25.0,3,3,0.3333333333333333,0.25384615384615383,1.3131313131313131,,,1.0,0.5307692307692308,1.8840579710144927,556.7005588735241,116.21310466761958,440.4874542059045,,,,,,,432.85941062552416,597.5681500713996,0.1141304347826087,0.0,0.8461538461538461,88.0,0.5
50.0,True,UZS,4,2023-01…2023-06,20,25.0,0,0,,0.5,,,,,0.8389830508474576,,,230.9240759258275,,,,,,,,,,0.0,,,172.0,1.0
50.0,True,UZS,5,2023-07…2023-12,20,25.0,1,1,0.0,0.13953488372093023,0.0,,,0.0,0.4728682170542636,0.0,-143.2115722191718,-69.49233690529937,-73.71923531387245,,,,,,,-174.0757366636736,-193.16065231082536,0.03804347826086957,0.0,,155.0,0.8333333333333334
50.0,True,UZS,6,2024-01…2024-06,20,25.0,2,2,0.5,0.15384615384615385,3.25,,,0.5,0.5128205128205128,0.9750000000000001,286.33010231944036,-20.683669886704273,307.0137722061446,,,,,,,335.9134339647252,344.4806655073218,0.07692307692307693,0.0,0.0,162.0,0.8333333333333334
50.0,True,UZS,7,2024-07…2024-12,20,25.0,1,1,0.0,0.31297709923664124,0.0,,,0.0,0.6641221374045801,0.0,-90.6178126621482,93.66515844300025,-184.28297110514845,,,,,,,-86.78123047938912,-56.83401922007558,0.03804347826086957,0.0,,178.0,0.8333333333333334
50.0,True,UZS,8,2025-01…2025-06,20,25.0,2,2,0.0,0.042735042735042736,0.0,,,0.5,0.24786324786324787,2.0172413793103448,10.856055127480559,-198.85952062411175,209.71557575159233,,,,,,,365.1800461853294,-6.242054645482781,0.07734806629834254,0.0,0.0,103.0,0.6666666666666666
50.0,True,UZS,9,2025-07…2025-12,20,25.0,0,0,,0.2,,,,,0.5384615384615384,,,31.661039927311496,,,,,,,,,,0.0,,,182.0,1.0
50.0,True,UZS,10,2026-01…2026-06,20,25.0,4,4,0.0,0.2564102564102564,0.0,,,0.5,0.5470085470085471,0.9140624999999999,-93.43596453939728,10.996849225985803,-104.43281376538307,,,,,,,47.58928819444286,-145.05777242643876,0.15469613259668508,0.0,0.6758018400668923,84.0,0.5
0.0,False,KGS,0,2021-01…2021-06,20,25.0,19,19,0.15789473684210525,0.1440677966101695,1.0959752321981424,,,0.42105263157894735,0.5,0.8421052631578947,2.7798593984490774,-8.151508733265231,10.931368131714308,,,,,,,46.41688571380049,-8.375141466398006,0.7348066298342542,0.0,0.6846803328160271,31.0,0.0
0.0,False,KGS,1,2021-07…2021-12,20,25.0,13,13,0.07692307692307693,0.16279069767441862,0.4725274725274725,,,0.6153846153846154,0.5348837209302325,1.1505016722408028,14.902653776619822,25.66914672872073,-10.766492952100908,,,,,,,50.58286476249294,8.288137324967353,0.4945652173913044,0.0,0.4652153398567251,51.0,0.16666666666666666
0.0,False,KGS,2,2022-01…2022-06,20,25.0,11,11,0.0,0.10256410256410256,0.0,,,0.18181818181818182,0.39316239316239315,0.46245059288537554,-397.7519687723811,-134.33666686632213,-263.41530190605897,,,,,,,202.26724384743994,-143.5741558636165,0.42541436464088395,0.0,0.36001056927277764,78.0,0.3333333333333333
0.0,False,KGS,3,2022-07…2022-12,20,25.0,24,24,0.2916666666666667,0.2846153846153846,1.0247747747747749,,,0.5,0.5769230769230769,0.8666666666666667,89.41013637687665,92.68431984896502,-3.2741834720883674,,,,,,,-1.9633315873567436,70.84848349385082,0.9130434782608696,0.0,0.1839893141031169,13.0,0.0
0.0,False,KGS,4,2023-01…2023-06,20,25.0,21,21,0.5238095238095238,0.5508474576271186,0.950915750915751,,,0.8571428571428571,0.8389830508474576,1.0216450216450217,249.63756314048175,231.7318649254994,17.90569821498235,,,,,,,32.13081949381662,126.20399782255438,0.8121546961325967,0.0,0.2143673500516708,17.0,0.0
0.0,False,KGS,5,2023-07…2023-12,20,25.0,20,20,0.15,0.20155038759689922,0.7442307692307693,,,0.55,0.5271317829457365,1.0433823529411765,-61.41512512557879,-26.704775666556326,-34.71034945902247,,,,,,,-62.07379087055019,-26.079601492962944,0.7608695652173914,0.0,0.38459935864047756,20.0,0.0
0.0,False,KGS,6,2024-01…2024-06,20,25.0,18,18,0.2222222222222222,0.23931623931623933,0.9285714285714285,,,0.5,0.5726495726495726,0.873134328358209,-26.43761041488058,31.12319280205631,-57.56080321693689,,,,,,,-26.11821017977411,-7.771461945470886,0.6923076923076923,0.0,0.34205571840863164,20.0,0.0
0.0,False,KGS,7,2024-07…2024-12,20,25.0,17,17,0.4117647058823529,0.3282442748091603,1.2544459644322845,,,0.7647058823529411,0.7557251908396947,1.0118835412953058,143.08369738734694,99.54663906237663,43.53705832497032,,,,,,,35.40495214495352,113.07680094024752,0.6467391304347826,0.0,0.6234355419768751,31.0,0.0
0.0,False,KGS,8,2025-01…2025-06,20,25.0,7,7,0.0,0.02564102564102564,0.0,,,0.0,0.15384615384615385,0.0,-399.7241551578031,-221.43511533665657,-178.28903982114656,,,,,,,-12.05367800917845,-213.29809887889732,0.27071823204419887,0.0,0.13153341044116407,119.0,0.5
0.0,False,KGS,9,2025-07…2025-12,20,25.0,19,19,0.15789473684210525,0.2076923076923077,0.7602339181286549,,,0.47368421052631576,0.5230769230769231,0.9055727554179566,-30.739159387565234,-6.366992636140395,-24.37216675142484,,,,,,,-0.8649848447205176,12.671440155100731,0.7228260869565217,0.0,0.13300340727798907,44.0,0.16666666666666666
0.0,False,KGS,10,2026-01…2026-06,20,25.0,15,15,0.2,0.23931623931623933,0.8357142857142857,,,0.4,0.5384615384615384,0.7428571428571429,-47.61613616979903,5.753419433060342,-53.36955560285937,,,,,,,-6.193814046664861,-28.81928310261712,0.580110497237569,0.0,0.588819003540172,29.0,0.0
0.0,True,KGS,0,2021-01…2021-06,20,25.0,13,13,0.15384615384615385,0.1440677966101695,1.0678733031674208,,,0.5384615384615384,0.5,1.0769230769230769,41.267126582245496,-8.151508733265231,49.41863531551073,,,,,,,67.61899875885833,8.78501297252822,0.5027624309392265,0.0,1.0645613257706343,61.0,0.16666666666666666
0.0,True,KGS,1,2021-07…2021-12,20,25.0,13,13,0.15384615384615385,0.16279069767441862,0.945054945054945,,,0.6153846153846154,0.5348837209302325,1.1505016722408028,26.522265708126632,25.66914672872073,0.8531189794059024,,,,,,,54.003163394156225,23.556220703523447,0.4945652173913044,0.0,0.7331408265547661,51.0,0.16666666666666666
0.0,True,KGS,2,2022-01…2022-06,20,25.0,10,10,0.0,0.10256410256410256,0.0,,,0.4,0.39316239316239315,1.0173913043478262,-123.75222145590006,-134.33666686632213,10.584445410422077,,,,,,,434.9217584780687,45.171480090189014,0.3867403314917127,0.0,0.4269323961881042,87.0,0.5
0.0,True,KGS,3,2022-07…2022-12,20,25.0,6,6,0.5,0.2846153846153846,1.7567567567567568,,,0.8333333333333334,0.5769230769230769,1.4444444444444446,305.38271649236873,92.68431984896502,212.69839664340373,,,,,,,229.7198544840595,84.8121967233258,0.2282608695652174,0.0,0.9233374165911001,65.0,0.5
0.0,True,KGS,4,2023-01…2023-06,20,25.0,0,0,,0.5508474576271186,,,,,0.8389830508474576,,,231.7318649254994,,,,,,,,,,0.0,,,172.0,1.0
0.0,True,KGS,5,2023-07…2023-12,20,25.0,2,2,0.5,0.20155038759689922,2.480769230769231,,,1.0,0.5271317829457365,1.8970588235294117,132.65659262281181,-26.704775666556326,159.36136828936813,,,,,,,126.08156630490309,118.72786679796855,0.07608695652173914,0.0,0.0,144.0,0.6666666666666666
0.0,True,KGS,6,2024-01…2024-06,20,25.0,4,4,0.75,0.23931623931623933,3.133928571428571,,,0.75,0.5726495726495726,1.3097014925373136,327.75468783953625,31.12319280205631,296.6314950374799,,,,,,,316.5736577511208,255.06507770763938,0.15384615384615385,0.0,1.0840657211224165,146.0,0.6666666666666666
0.0,True,KGS,7,2024-07…2024-12,20,25.0,1,1,1.0,0.3282442748091603,3.046511627906977,,,1.0,0.7557251908396947,1.323232323232323,484.6756063108071,99.54663906237663,385.12896724843046,,,,,,,359.6258679346631,477.38893420607553,0.03804347826086957,0.0,,145.0,0.8333333333333334
0.0,True,KGS,8,2025-01…2025-06,20,25.0,3,3,0.0,0.02564102564102564,0.0,,,0.0,0.15384615384615385,0.0,-251.81248067688475,-221.43511533665657,-30.37736534022818,,,,,,,191.86118792795085,-85.09779109717692,0.11602209944751381,0.0,0.16666666666666666,119.0,0.6666666666666666
0.0,True,KGS,9,2025-07…2025-12,20,25.0,5,5,0.0,0.2076923076923077,0.0,,,0.6,0.5230769230769231,1.1470588235294117,-21.808517132851925,-6.366992636140395,-15.44152449671153,,,,,,,56.02330657365883,26.83627700264135,0.19021739130434784,0.0,0.28867513459481287,148.0,0.6666666666666666
0.0,True,KGS,10,2026-01…2026-06,20,25.0,10,10,0.3,0.23931623931623933,1.2535714285714286,,,0.5,0.5384615384615384,0.9285714285714286,30.32465874181255,5.753419433060342,24.571239308752205,,,,,,,90.96385415325435,-1.474455005472612,0.3867403314917127,0.0,0.7051284679114795,39.0,0.0
25.0,False,KGS,0,2021-01…2021-06,20,25.0,11,11,0.18181818181818182,0.1440677966101695,1.2620320855614973,,,0.7272727272727273,0.5,1.4545454545454546,69.14303851648536,-8.151508733265231,77.2945472497506,,,,,,,109.68835515405858,-3.593572739637149,0.42541436464088395,0.0,0.8212076729425675,42.0,0.0
25.0,False,KGS,1,2021-07…2021-12,20,25.0,1,1,0.0,0.16279069767441862,0.0,,,1.0,0.5348837209302325,1.8695652173913044,239.4278998002375,25.66914672872073,213.75875307151676,,,,,,,248.91775938707727,133.3151146086764,0.03804347826086957,0.0,,116.0,0.8333333333333334
25.0,False,KGS,2,2022-01…2022-06,20,25.0,11,11,0.0,0.10256410256410256,0.0,,,0.2727272727272727,0.39316239316239315,0.6936758893280632,-326.2729334004897,-134.33666686632213,-191.93626653416757,,,,,,,267.6957271414689,-86.11781757490029,0.42541436464088395,0.0,0.4043003539619174,78.0,0.3333333333333333
25.0,False,KGS,3,2022-07…2022-12,20,25.0,20,20,0.35,0.2846153846153846,1.2297297297297296,,,0.65,0.5769230769230769,1.1266666666666667,141.7448819904204,92.68431984896502,49.06056214145538,,,,,,,54.4947699941283,40.272249567041115,0.7608695652173914,0.0,0.5449432832326119,27.0,0.0
25.0,False,KGS,4,2023-01…2023-06,20,25.0,12,12,0.5,0.5508474576271186,0.9076923076923077,,,0.9166666666666666,0.8389830508474576,1.0925925925925926,248.82024979853767,231.7318649254994,17.08838487303828,,,,,,,31.65805582269911,115.05794286173607,0.46408839779005523,0.0,0.4319065336701735,22.0,0.0
25.0,False,KGS,5,2023-07…2023-12,20,25.0,11,11,0.18181818181818182,0.20155038759689922,0.9020979020979021,,,0.45454545454545453,0.5271317829457365,0.8622994652406416,-94.18388691339759,-26.704775666556326,-67.47911124684126,,,,,,,-133.08076051576916,25.053880030220355,0.41847826086956524,0.0,0.6630757283203808,40.0,0.16666666666666666
25.0,False,KGS,6,2024-01…2024-06,20,25.0,6,6,0.5,0.23931623931623933,2.0892857142857144,,,0.8333333333333334,0.5726495726495726,1.455223880597015,227.8326460907737,31.12319280205631,196.70945328871738,,,,,,,190.1128654598666,242.12877007521118,0.23076923076923078,0.0,0.7107674102114455,72.0,0.16666666666666666
25.0,False,KGS,7,2024-07…2024-12,20,25.0,11,11,0.45454545454545453,0.3282442748091603,1.3847780126849893,,,0.6363636363636364,0.7557251908396947,0.8420569329660238,137.83567585340322,99.54663906237663,38.28903679102659,,,,,,,51.33544833800322,169.28750524143481,0.41847826086956524,0.0,1.0247663647709733,57.0,0.3333333333333333
25.0,False,KGS,8,2025-01…2025-06,20,25.0,3,3,0.0,0.02564102564102564,0.0,,,0.0,0.15384615384615385,0.0,-470.7223228729847,-221.43511533665657,-249.28720753632814,,,,,,,-40.42591414746573,-221.28348288312634,0.11602209944751381,0.0,0.125,136.0,0.6666666666666666
25.0,False,KGS,9,2025-07…2025-12,20,25.0,16,16,0.125,0.2076923076923077,0.6018518518518519,,,0.5,0.5230769230769231,0.9558823529411764,8.396944615823784,-6.366992636140395,14.76393725196418,,,,,,,33.42199176584675,9.265486292196481,0.6086956521739131,0.0,0.07692307692307691,48.0,0.16666666666666666
25.0,False,KGS,10,2026-01…2026-06,20,25.0,7,7,0.14285714285714285,0.23931623931623933,0.596938775510204,,,0.42857142857142855,0.5384615384615384,0.7959183673469388,-139.04062951601597,5.753419433060342,-144.7940489490763,,,,,,,-100.22081997343143,-91.41958182209957,0.27071823204419887,0.0,0.7271190036253508,54.0,0.3333333333333333
25.0,True,KGS,0,2021-01…2021-06,20,25.0,9,9,0.2222222222222222,0.1440677966101695,1.5424836601307188,,,0.8888888888888888,0.5,1.7777777777777777,101.94889119237875,-8.151508733265231,110.10039992564398,,,,,,,124.08264983095958,4.9948815875001795,0.34806629834254144,0.0,1.3876852540197828,90.0,0.3333333333333333
25.0,True,KGS,1,2021-07…2021-12,20,25.0,1,1,0.0,0.16279069767441862,0.0,,,1.0,0.5348837209302325,1.8695652173913044,239.4278998002375,25.66914672872073,213.75875307151676,,,,,,,248.91775938707727,133.3151146086764,0.03804347826086957,0.0,,116.0,0.8333333333333334
25.0,True,KGS,2,2022-01…2022-06,20,25.0,10,10,0.0,0.10256410256410256,0.0,,,0.4,0.39316239316239315,1.0173913043478262,-123.75222145590006,-134.33666686632213,10.584445410422077,,,,,,,434.9217584780687,45.171480090189014,0.3867403314917127,0.0,0.4269323961881042,87.0,0.5
25.0,True,KGS,3,2022-07…2022-12,20,25.0,6,6,0.5,0.2846153846153846,1.7567567567567568,,,0.8333333333333334,0.5769230769230769,1.4444444444444446,261.10814741606515,92.68431984896502,168.42382756710015,,,,,,,185.7675178215416,22.105438119468882,0.2282608695652174,0.0,0.896722661245341,64.0,0.5
25.0,True,KGS,4,2023-01…2023-06,20,25.0,0,0,,0.5508474576271186,,,,,0.8389830508474576,,,231.7318649254994,,,,,,,,,,0.0,,,172.0,1.0
25.0,True,KGS,5,2023-07…2023-12,20,25.0,0,0,,0.20155038759689922,,,,,0.5271317829457365,,,-26.704775666556326,,,,,,,,,,0.0,,,179.0,1.0
25.0,True,KGS,6,2024-01…2024-06,20,25.0,2,2,1.0,0.23931623931623933,4.178571428571429,,,1.0,0.5726495726495726,1.746268656716418,598.8989274275269,31.12319280205631,567.7757346254706,,,,,,,556.0724967389808,575.7941862742477,0.07692307692307693,0.0,0.0,162.0,0.8333333333333334
25.0,True,KGS,7,2024-07…2024-12,20,25.0,1,1,1.0,0.3282442748091603,3.046511627906977,,,1.0,0.7557251908396947,1.323232323232323,488.2206882852458,99.54663906237663,388.67404922286914,,,,,,,347.6684709738276,741.9178626409107,0.03804347826086957,0.0,,144.0,0.8333333333333334
25.0,True,KGS,8,2025-01…2025-06,20,25.0,1,1,0.0,0.02564102564102564,0.0,,,0.0,0.15384615384615385,0.0,-214.9607824150268,-221.43511533665657,6.4743329216297525,,,,,,,310.70010651690126,-237.14534714825098,0.03867403314917127,0.0,,136.0,0.8333333333333334
25.0,True,KGS,9,2025-07…2025-12,20,25.0,2,2,0.0,0.2076923076923077,0.0,,,1.0,0.5230769230769231,1.9117647058823528,31.027041542676656,-6.366992636140395,37.39403417881705,,,,,,,144.53159125931703,-44.20246268691474,0.07608695652173914,0.0,0.0,148.0,0.6666666666666666
25.0,True,KGS,10,2026-01…2026-06,20,25.0,3,3,0.0,0.23931623931623933,0.0,,,0.6666666666666666,0.5384615384615384,1.2380952380952381,-24.906850719959014,5.753419433060342,-30.660270153019354,,,,,,,85.12742850826187,-161.224563740705,0.11602209944751381,0.0,0.27472527472527475,84.0,0.5
50.0,False,KGS,0,2021-01…2021-06,20,25.0,2,2,0.0,0.1440677966101695,0.0,,,1.0,0.5,2.0,143.51751569828042,-8.151508733265231,151.66902443154567,,,,,,,159.65815912291737,53.65925898179136,0.07734806629834254,0.0,0.0,119.0,0.6666666666666666
50.0,False,KGS,1,2021-07…2021-12,20,25.0,0,0,,0.16279069767441862,,,,,0.5348837209302325,,,25.66914672872073,,,,,,,,,,0.0,,,182.0,1.0
50.0,False,KGS,2,2022-01…2022-06,20,25.0,11,11,0.0,0.10256410256410256,0.0,,,0.2727272727272727,0.39316239316239315,0.6936758893280632,-302.69121613134183,-134.33666686632213,-168.3545492650197,,,,,,,288.4914892310648,-127.11574897657808,0.42541436464088395,0.0,0.4137931034482759,79.0,0.3333333333333333
50.0,False,KGS,3,2022-07…2022-12,20,25.0,12,12,0.3333333333333333,0.2846153846153846,1.1711711711711712,,,0.6666666666666666,0.5769230769230769,1.1555555555555557,71.72711285537935,92.68431984896502,-20.95720699358567,,,,,,,3.4165263216913027,25.584569076100394,0.4565217391304348,0.0,0.9000528126952114,47.0,0.3333333333333333
50.0,False,KGS,4,2023-01…2023-06,20,25.0,4,4,0.75,0.5508474576271186,1.3615384615384616,,,1.0,0.8389830508474576,1.191919191919192,463.8017226079105,231.7318649254994,232.0698576824111,,,,,,,128.94693062275422,293.4937145696442,0.15469613259668508,0.0,0.5014592374026932,71.0,0.5
50.0,False,KGS,5,2023-07…2023-12,20,25.0,6,6,0.16666666666666666,0.20155038759689922,0.8269230769230769,,,0.6666666666666666,0.5271317829457365,1.264705882352941,-80.1221001371736,-26.704775666556326,-53.417324470617274,,,,,,,-202.25398750380225,-9.48850399727732,0.2282608695652174,0.0,0.5514215664486081,85.0,0.3333333333333333
50.0,False,KGS,6,2024-01…2024-06,20,25.0,3,3,0.6666666666666666,0.23931623931623933,2.7857142857142856,,,0.6666666666666666,0.5726495726495726,1.164179104477612,214.6933349120728,31.12319280205631,183.5701421100165,,,,,,,142.80358482000045,116.98685405823862,0.11538461538461539,0.0,0.8636363636363636,125.0,0.6666666666666666
50.0,False,KGS,7,2024-07…2024-12,20,25.0,2,2,0.5,0.3282442748091603,1.5232558139534884,,,1.0,0.7557251908396947,1.323232323232323,336.1976772681552,99.54663906237663,236.65103820577855,,,,,,,87.72557147024406,499.7706064102958,0.07608695652173914,0.0,0.0,136.0,0.8333333333333334
50.0,False,KGS,8,2025-01…2025-06,20,25.0,1,1,0.0,0.02564102564102564,0.0,,,0.0,0.15384615384615385,0.0,-214.9607824150268,-221.43511533665657,6.4743329216297525,,,,,,,310.70010651690126,-237.14534714825098,0.03867403314917127,0.0,,136.0,0.8333333333333334
50.0,False,KGS,9,2025-07…2025-12,20,25.0,12,12,0.25,0.2076923076923077,1.2037037037037037,,,0.4166666666666667,0.5230769230769231,0.7965686274509803,-2.2620278689571385,-6.366992636140395,4.104964767183256,,,,,,,40.533318851012915,33.475286422770075,0.4565217391304348,0.0,0.2921186973360886,52.0,0.16666666666666666
50.0,False,KGS,10,2026-01…2026-06,20,25.0,3,3,0.0,0.23931623931623933,0.0,,,0.3333333333333333,0.5384615384615384,0.6190476190476191,-162.5292655010705,5.753419433060342,-168.28268493413086,,,,,,,-44.898505170682945,-158.43381267736729,0.11602209944751381,0.0,0.2631578947368421,75.0,0.5
50.0,True,KGS,0,2021-01…2021-06,20,25.0,2,2,0.0,0.1440677966101695,0.0,,,1.0,0.5,2.0,143.51751569828042,-8.151508733265231,151.66902443154567,,,,,,,159.65815912291737,53.65925898179136,0.07734806629834254,0.0,0.0,119.0,0.6666666666666666
50.0,True,KGS,1,2021-07…2021-12,20,25.0,0,0,,0.16279069767441862,,,,,0.5348837209302325,,,25.66914672872073,,,,,,,,,,0.0,,,182.0,1.0
50.0,True,KGS,2,2022-01…2022-06,20,25.0,10,10,0.0,0.10256410256410256,0.0,,,0.4,0.39316239316239315,1.0173913043478262,-123.75222145590006,-134.33666686632213,10.584445410422077,,,,,,,434.9217584780687,45.171480090189014,0.3867403314917127,0.0,0.4269323961881042,87.0,0.5
50.0,True,KGS,3,2022-07…2022-12,20,25.0,6,6,0.5,0.2846153846153846,1.7567567567567568,,,0.8333333333333334,0.5769230769230769,1.4444444444444446,273.05342822494674,92.68431984896502,180.36910837598174,,,,,,,193.06210355854634,83.81613135997945,0.2282608695652174,0.0,0.8948665923252982,64.0,0.5
50.0,True,KGS,4,2023-01…2023-06,20,25.0,0,0,,0.5508474576271186,,,,,0.8389830508474576,,,231.7318649254994,,,,,,,,,,0.0,,,172.0,1.0
50.0,True,KGS,5,2023-07…2023-12,20,25.0,0,0,,0.20155038759689922,,,,,0.5271317829457365,,,-26.704775666556326,,,,,,,,,,0.0,,,179.0,1.0
50.0,True,KGS,6,2024-01…2024-06,20,25.0,2,2,1.0,0.23931623931623933,4.178571428571429,,,1.0,0.5726495726495726,1.746268656716418,371.45877555920583,31.12319280205631,340.3355827571495,,,,,,,304.5186261090971,170.98700650479805,0.07692307692307693,0.0,0.0,163.0,0.8333333333333334
50.0,True,KGS,7,2024-07…2024-12,20,25.0,0,0,,0.3282442748091603,,,,,0.7557251908396947,,,99.54663906237663,,,,,,,,,,0.0,,,180.0,1.0
50.0,True,KGS,8,2025-01…2025-06,20,25.0,1,1,0.0,0.02564102564102564,0.0,,,0.0,0.15384615384615385,0.0,-214.9607824150268,-221.43511533665657,6.4743329216297525,,,,,,,310.70010651690126,-237.14534714825098,0.03867403314917127,0.0,,136.0,0.8333333333333334
50.0,True,KGS,9,2025-07…2025-12,20,25.0,2,2,0.0,0.2076923076923077,0.0,,,1.0,0.5230769230769231,1.9117647058823528,93.67894188520299,-6.366992636140395,100.04593452134338,,,,,,,177.85764983019868,100.19318013312738,0.07608695652173914,0.0,0.0,148.0,0.6666666666666666
50.0,True,KGS,10,2026-01…2026-06,20,25.0,2,2,0.0,0.23931623931623933,0.0,,,0.5,0.5384615384615384,0.9285714285714286,-46.25704338922509,5.753419433060342,-52.01046282228543,,,,,,,184.98207024935874,-92.93495882172209,0.07734806629834254,0.0,0.0,83.0,0.6666666666666666
0.0,False,AMD,0,2021-01…2021-06,20,25.0,18,18,0.16666666666666666,0.1864406779661017,0.8939393939393939,,,0.5555555555555556,0.5508474576271186,1.0085470085470087,28.68590218146413,43.40759409925216,-14.721691917788029,,,,,,,45.86830729648759,-12.84870645675192,0.6961325966850829,0.0,0.3502020979862374,19.0,0.0
0.0,False,AMD,1,2021-07…2021-12,20,25.0,12,12,0.25,0.13953488372093023,1.7916666666666667,,,0.5833333333333334,0.6589147286821705,0.8852941176470589,136.68368818934823,51.49644441112181,85.18724377822642,,,,,,,59.33650387695982,69.34084907224117,0.4565217391304348,0.0,0.8989967480815626,49.0,0.16666666666666666
0.0,False,AMD,2,2022-01…2022-06,20,25.0,7,7,0.0,0.10256410256410256,0.0,,,0.2857142857142857,0.42735042735042733,0.6685714285714286,-93.50159782752027,-7.685668238494408,-85.81592958902587,,,,,,,159.42558726900123,-280.75783586402514,0.27071823204419887,0.0,0.08838834764831845,121.0,0.6666666666666666
0.0,False,AMD,3,2022-07…2022-12,20,25.0,10,10,0.3,0.26153846153846155,1.1470588235294117,,,0.6,0.6692307692307692,0.896551724137931,239.0151575782876,176.90563882369997,62.10951875458764,,,,,,,-6.336623053817425,349.62679299932876,0.3804347826086957,0.0,0.6726307619320866,42.0,0.0
0.0,False,AMD,4,2023-01…2023-06,20,25.0,17,17,0.5882352941176471,0.559322033898305,1.0516934046345812,,,0.8235294117647058,0.8389830508474576,0.9815805109922757,262.3366180251026,274.3772909876495,-12.040672962546864,,,,,,,-17.44681623070248,138.5926958924391,0.6574585635359116,0.0,0.3464101615137755,22.0,0.0
0.0,False,AMD,5,2023-07…2023-12,20,25.0,18,18,0.1111111111111111,0.17829457364341086,0.6231884057971013,,,0.4444444444444444,0.4263565891472868,1.0424242424242425,-31.62494060727569,-49.59380850488834,17.968867897612647,,,,,,,-53.88800785461562,-8.827740510792395,0.6847826086956522,0.0,0.5819094868622574,34.0,0.0
0.0,False,AMD,6,2024-01…2024-06,20,25.0,19,19,0.3157894736842105,0.2564102564102564,1.231578947368421,,,0.5789473684210527,0.5641025641025641,1.0263157894736843,42.26144992007288,32.11626266314577,10.145187256927109,,,,,,,-0.7164616188626891,19.27811079365962,0.7307692307692307,0.0,0.4426033673446012,20.0,0.0
0.0,False,AMD,7,2024-07…2024-12,20,25.0,17,17,0.35294117647058826,0.31297709923664124,1.127690100430416,,,0.7647058823529411,0.6946564885496184,1.1008403361344536,112.95435698568932,96.36585439104611,16.588502594643202,,,,,,,11.167098642698093,84.83736267450544,0.6467391304347826,0.0,0.6033364753406186,28.0,0.0
0.0,False,AMD,8,2025-01…2025-06,20,25.0,17,17,0.058823529411764705,0.05128205128205128,1.1470588235294117,,,0.17647058823529413,0.20512820512820512,0.8602941176470589,-272.05022022006915,-189.98254467009855,-82.0676755499706,,,,,,,-24.37062005636922,-125.1257413049578,0.6574585635359116,0.0,0.18442777839082938,46.0,0.16666666666666666
0.0,False,AMD,9,2025-07…2025-12,20,25.0,18,18,0.2777777777777778,0.23076923076923078,1.2037037037037037,,,0.5,0.5461538461538461,0.915492957746479,16.89820862864603,3.4633601708443584,13.434848457801673,,,,,,,31.211102876410354,-1.4639618340477862,0.6847826086956522,0.0,0.42714485013079995,24.0,0.0
0.0,False,AMD,10,2026-01…2026-06,20,25.0,15,15,0.13333333333333333,0.24786324786324787,0.5379310344827586,,,0.4666666666666667,0.5641025641025641,0.8272727272727273,-19.992741415356978,34.533119178883084,-54.52586059424006,,,,,,,-11.44231043378693,-7.127558468786799,0.580110497237569,0.0,0.916737586857086,45.0,0.0
0.0,True,AMD,0,2021-01…2021-06,20,25.0,10,10,0.2,0.1864406779661017,1.0727272727272728,,,0.8,0.5508474576271186,1.4523076923076925,138.4238699236442,43.40759409925216,95.01627582439204,,,,,,,116.56600584344169,46.09061293449279,0.3867403314917127,0.0,1.2831575951637209,80.0,0.3333333333333333
0.0,True,AMD,1,2021-07…2021-12,20,25.0,0,0,,0.13953488372093023,,,,,0.6589147286821705,,,51.49644441112181,,,,,,,,,,0.0,,,182.0,1.0
0.0,True,AMD,2,2022-01…2022-06,20,25.0,7,7,0.0,0.10256410256410256,0.0,,,0.2857142857142857,0.42735042735042733,0.6685714285714286,-93.50159782752027,-7.685668238494408,-85.81592958902587,,,,,,,159.42558726900123,-280.75783586402514,0.27071823204419887,0.0,0.08838834764831845,121.0,0.6666666666666666
0.0,True,AMD,3,2022-07…2022-12,20,25.0,1,1,0.0,0.26153846153846155,0.0,,,1.0,0.6692307692307692,1.4942528735632186,638.2043751340882,176.90563882369997,461.2987363103882,,,,,,,258.17840840996365,1035.7837733866982,0.03804347826086957,0.0,,179.0,0.8333333333333334
0.0,True,AMD,4,2023-01…2023-06,20,25.0,0,0,,0.559322033898305,,,,,0.8389830508474576,,,274.3772909876495,,,,,,,,,,0.0,,,172.0,1.0
0.0,True,AMD,5,2023-07…2023-12,20,25.0,2,2,0.0,0.17829457364341086,0.0,,,0.5,0.4263565891472868,1.1727272727272728,55.153188021048734,-49.59380850488834,104.74699652593708,,,,,,,72.8141046030245,305.2000732801141,0.07608695652173914,0.0,0.0,149.0,0.6666666666666666
0.0,True,AMD,6,2024-01…2024-06,20,25.0,4,4,0.25,0.2564102564102564,0.9750000000000001,,,0.75,0.5641025641025641,1.3295454545454546,165.8453897800588,32.11626266314577,133.72912711691305,,,,,,,193.67278303964895,27.433886913507123,0.15384615384615385,0.0,1.1045926178313068,148.0,0.6666666666666666
0.0,True,AMD,7,2024-07…2024-12,20,25.0,1,1,1.0,0.31297709923664124,3.195121951219512,,,1.0,0.6946564885496184,1.4395604395604396,455.19417279650696,96.36585439104611,358.82831840546083,,,,,,,244.19254365690256,264.1180879376348,0.03804347826086957,0.0,,142.0,0.8333333333333334
0.0,True,AMD,8,2025-01…2025-06,20,25.0,12,12,0.0,0.05128205128205128,0.0,,,0.16666666666666666,0.20512820512820512,0.8125,-178.65845683900213,-189.98254467009855,11.32408783109642,,,,,,,52.74052544138737,-101.76587857654113,0.46408839779005523,0.0,0.357031348728688,46.0,0.3333333333333333
0.0,True,AMD,9,2025-07…2025-12,20,25.0,4,4,0.0,0.23076923076923078,0.0,,,0.5,0.5461538461538461,0.915492957746479,24.632639925443186,3.4633601708443584,21.16927975459883,,,,,,,87.88926248146424,39.467149010056765,0.15217391304347827,0.0,0.4040610178208843,153.0,0.8333333333333334
0.0,True,AMD,10,2026-01…2026-06,20,25.0,10,10,0.2,0.24786324786324787,0.806896551724138,,,0.5,0.5641025641025641,0.8863636363636364,62.167993140209276,34.533119178883084,27.634873961326193,,,,,,,95.8765230134584,25.97560913901587,0.3867403314917127,0.0,0.9521437845680245,49.0,0.16666666666666666
25.0,False,AMD,0,2021-01…2021-06,20,25.0,1,1,0.0,0.1864406779661017,0.0,,,0.0,0.5508474576271186,0.0,-59.685730283720595,43.40759409925216,-103.09332438297275,,,,,,,51.575601216253816,8.434392475671348,0.03867403314917127,0.0,,138.0,0.8333333333333334
25.0,False,AMD,1,2021-07…2021-12,20,25.0,0,0,,0.13953488372093023,,,,,0.6589147286821705,,,51.49644441112181,,,,,,,,,,0.0,,,182.0,1.0
25.0,False,AMD,2,2022-01…2022-06,20,25.0,5,5,0.0,0.10256410256410256,0.0,,,0.6,0.42735042735042733,1.404,92.44507367279884,-7.685668238494408,100.13074191129326,,,,,,,354.3990767923673,55.707704872758335,0.19337016574585636,0.0,0.23385358667337133,121.0,0.6666666666666666
25.0,False,AMD,3,2022-07…2022-12,20,25.0,7,7,0.2857142857142857,0.26153846153846155,1.0924369747899159,,,0.5714285714285714,0.6692307692307692,0.8538587848932676,303.1405192389184,176.90563882369997,126.23488041521841,,,,,,,28.120826239430244,389.87177381698723,0.266304347826087,0.0,0.6236974153558301,48.0,0.16666666666666666
25.0,False,AMD,4,2023-01…2023-06,20,25.0,14,14,0.42857142857142855,0.559322033898305,0.7662337662337663,,,0.8571428571428571,0.8389830508474576,1.0216450216450217,275.95369445072464,274.3772909876495,1.5764034630751667,,,,,,,-15.02676561427607,148.72398210766937,0.5414364640883977,0.0,0.49255177086314983,28.0,0.0
25.0,False,AMD,5,2023-07…2023-12,20,25.0,15,15,0.2,0.17829457364341086,1.1217391304347826,,,0.4666666666666667,0.4263565891472868,1.0945454545454547,-20.18307267524774,-49.59380850488834,29.410735829640597,,,,,,,-73.65038816282647,-46.275115711781034,0.5706521739130435,0.0,0.8199999344524459,48.0,0.16666666666666666
25.0,False,AMD,6,2024-01…2024-06,20,25.0,12,12,0.3333333333333333,0.2564102564102564,1.3,,,0.6666666666666666,0.5641025641025641,1.1818181818181817,68.70406940623815,32.11626266314577,36.58780674309238,,,,,,,-16.146876650669128,30.157233929368015,0.46153846153846156,0.0,0.7528925202325192,44.0,0.0
25.0,False,AMD,7,2024-07…2024-12,20,25.0,12,12,0.3333333333333333,0.31297709923664124,1.065040650406504,,,0.75,0.6946564885496184,1.0796703296703296,124.77154275077267,96.36585439104611,28.405688359726554,,,,,,,29.97858015997936,139.02943079358715,0.4565217391304348,0.0,0.4271366986912226,71.0,0.3333333333333333
25.0,False,AMD,8,2025-01…2025-06,20,25.0,15,15,0.06666666666666667,0.05128205128205128,1.3,,,0.2,0.20512820512820512,0.9750000000000001,-246.9568384125091,-189.98254467009855,-56.97429374241054,,,,,,,20.016601723342596,-139.60152798521173,0.580110497237569,0.0,0.0,69.0,0.3333333333333333
25.0,False,AMD,9,2025-07…2025-12,20,25.0,9,9,0.1111111111111111,0.23076923076923078,0.48148148148148145,,,0.5555555555555556,0.5461538461538461,1.0172143974960879,15.371820354342686,3.4633601708443584,11.908460183498327,,,,,,,38.094317208866705,31.02277623104652,0.3423913043478261,0.0,0.6148042756749819,48.0,0.16666666666666666
25.0,False,AMD,10,2026-01…2026-06,20,25.0,12,12,0.16666666666666666,0.24786324786324787,0.6724137931034482,,,0.3333333333333333,0.5641025641025641,0.5909090909090908,-89.01749333711747,34.533119178883084,-123.55061251600056,,,,,,,-29.727114224204765,-25.599958927329993,0.46408839779005523,0.0,0.8263771023761172,50.0,0.0
25.0,True,AMD,0,2021-01…2021-06,20,25.0,1,1,0.0,0.1864406779661017,0.0,,,0.0,0.5508474576271186,0.0,-59.685730283720595,43.40759409925216,-103.09332438297275,,,,,,,51.575601216253816,8.434392475671348,0.03867403314917127,0.0,,138.0,0.8333333333333334
25.0,True,AMD,1,2021-07…2021-12,20,25.0,0,0,,0.13953488372093023,,,,,0.6589147286821705,,,51.49644441112181,,,,,,,,,,0.0,,,182.0,1.0
25.0,True,AMD,2,2022-01…2022-06,20,25.0,5,5,0.0,0.10256410256410256,0.0,,,0.6,0.42735042735042733,1.404,92.44507367279884,-7.685668238494408,100.13074191129326,,,,,,,354.3990767923673,55.707704872758335,0.19337016574585636,0.0,0.23385358667337133,121.0,0.6666666666666666
25.0,True,AMD,3,2022-07…2022-12,20,25.0,1,1,0.0,0.26153846153846155,0.0,,,1.0,0.6692307692307692,1.4942528735632186,638.2043751340882,176.90563882369997,461.2987363103882,,,,,,,258.17840840996365,1035.7837733866982,0.03804347826086957,0.0,,179.0,0.8333333333333334
25.0,True,AMD,4,2023-01…2023-06,20,25.0,0,0,,0.559322033898305,,,,,0.8389830508474576,,,274.3772909876495,,,,,,,,,,0.0,,,172.0,1.0
25.0,True,AMD,5,2023-07…2023-12,20,25.0,2,2,0.0,0.17829457364341086,0.0,,,0.0,0.4263565891472868,0.0,-184.11618988430246,-49.59380850488834,-134.52238137941413,,,,,,,-169.49218413262412,-153.1557229569952,0.07608695652173914,0.0,0.0,155.0,0.8333333333333334
25.0,True,AMD,6,2024-01…2024-06,20,25.0,2,2,0.5,0.2564102564102564,1.9500000000000002,,,1.0,0.5641025641025641,1.7727272727272727,268.9929701023019,32.11626266314577,236.87670743915615,,,,,,,251.967539862189,66.8799081584709,0.07692307692307693,0.0,0.0,147.0,0.6666666666666666
25.0,True,AMD,7,2024-07…2024-12,20,25.0,0,0,,0.31297709923664124,,,,,0.6946564885496184,,,96.36585439104611,,,,,,,,,,0.0,,,180.0,1.0
25.0,True,AMD,8,2025-01…2025-06,20,25.0,11,11,0.0,0.05128205128205128,0.0,,,0.18181818181818182,0.20512820512820512,0.8863636363636365,-190.2694912393522,-189.98254467009855,-0.2869465692536437,,,,,,,54.97025242531051,-110.34719822008213,0.42541436464088395,0.0,0.0,68.0,0.5
25.0,True,AMD,9,2025-07…2025-12,20,25.0,1,1,0.0,0.23076923076923078,0.0,,,1.0,0.5461538461538461,1.830985915492958,64.14394061642793,3.4633601708443584,60.680580445583566,,,,,,,154.9185578554635,-23.422868347831027,0.03804347826086957,0.0,,155.0,0.8333333333333334
25.0,True,AMD,10,2026-01…2026-06,20,25.0,4,4,0.25,0.24786324786324787,1.0086206896551724,,,0.75,0.5641025641025641,1.3295454545454546,83.2199767978195,34.533119178883084,48.686857618936415,,,,,,,113.24439312314222,67.2146578069116,0.15469613259668508,0.0,0.790260538525112,67.0,0.5
50.0,False,AMD,0,2021-01…2021-06,20,25.0,0,0,,0.1864406779661017,,,,,0.5508474576271186,,,43.40759409925216,,,,,,,,,,0.0,,,170.0,1.0
50.0,False,AMD,1,2021-07…2021-12,20,25.0,0,0,,0.13953488372093023,,,,,0.6589147286821705,,,51.49644441112181,,,,,,,,,,0.0,,,182.0,1.0
50.0,False,AMD,2,2022-01…2022-06,20,25.0,3,3,0.3333333333333333,0.10256410256410256,3.25,,,0.6666666666666666,0.42735042735042733,1.56,269.15497730724434,-7.685668238494408,276.84064554573877,,,,,,,229.00530697256394,475.3769498205192,0.11602209944751381,0.0,0.5652173913043478,137.0,0.6666666666666666
50.0,False,AMD,3,2022-07…2022-12,20,25.0,3,3,0.6666666666666666,0.26153846153846155,2.549019607843137,,,0.6666666666666666,0.6692307692307692,0.9961685823754789,416.9441094819636,176.90563882369997,240.03847065826363,,,,,,,176.57625154764358,389.38596399293465,0.1141304347826087,0.0,0.7435897435897436,84.0,0.5
50.0,False,AMD,4,2023-01…2023-06,20,25.0,11,11,0.36363636363636365,0.559322033898305,0.650137741046832,,,0.7272727272727273,0.8389830508474576,0.866850321395776,237.62337563397605,274.3772909876495,-36.75391535367342,,,,,,,-59.73331849013244,152.45521335089617,0.42541436464088395,0.0,0.7854644957586124,44.0,0.3333333333333333
50.0,False,AMD,5,2023-07…2023-12,20,25.0,11,11,0.2727272727272727,0.17829457364341086,1.5296442687747034,,,0.5454545454545454,0.4263565891472868,1.2793388429752066,18.479301196111518,-49.59380850488834,68.07310970099985,,,,,,,-74.10875381918828,45.381915323031095,0.41847826086956524,0.0,1.030695203672329,62.0,0.16666666666666666
50.0,False,AMD,6,2024-01…2024-06,20,25.0,8,8,0.375,0.2564102564102564,1.4625000000000001,,,0.75,0.5641025641025641,1.3295454545454546,77.64683873800706,32.11626266314577,45.530576074861294,,,,,,,-33.99478061919578,27.077495597157,0.3076923076923077,0.0,1.065877420042386,71.0,0.3333333333333333
50.0,False,AMD,7,2024-07…2024-12,20,25.0,7,7,0.2857142857142857,0.31297709923664124,0.9128919860627177,,,0.8571428571428571,0.6946564885496184,1.2339089481946623,108.14530822126912,96.36585439104611,11.779453830223005,,,,,,,46.543285578113554,228.2219063505689,0.266304347826087,0.0,0.7427813527082074,94.0,0.5
50.0,False,AMD,8,2025-01…2025-06,20,25.0,15,15,0.0,0.05128205128205128,0.0,,,0.13333333333333333,0.20512820512820512,0.65,-246.8143265116218,-189.98254467009855,-56.83178184152325,,,,,,,15.945950302561409,-107.57001457731717,0.580110497237569,0.0,0.194894663538594,68.0,0.3333333333333333
50.0,False,AMD,9,2025-07…2025-12,20,25.0,5,5,0.0,0.23076923076923078,0.0,,,0.2,0.5461538461538461,0.3661971830985916,-89.92627434673261,3.4633601708443584,-93.38963451757697,,,,,,,-52.69098433259889,19.056372973152776,0.19021739130434784,0.0,0.8835226340609272,65.0,0.5
50.0,False,AMD,10,2026-01…2026-06,20,25.0,5,5,0.2,0.24786324786324787,0.806896551724138,,,0.2,0.5641025641025641,0.35454545454545455,-254.6642309150713,34.533119178883084,-289.19735009395436,,,,,,,-139.64037837105204,-179.51345829161093,0.19337016574585636,0.0,0.8909448368838331,75.0,0.5
50.0,True,AMD,0,2021-01…2021-06,20,25.0,0,0,,0.1864406779661017,,,,,0.5508474576271186,,,43.40759409925216,,,,,,,,,,0.0,,,170.0,1.0
50.0,True,AMD,1,2021-07…2021-12,20,25.0,0,0,,0.13953488372093023,,,,,0.6589147286821705,,,51.49644441112181,,,,,,,,,,0.0,,,182.0,1.0
50.0,True,AMD,2,2022-01…2022-06,20,25.0,3,3,0.3333333333333333,0.10256410256410256,3.25,,,0.6666666666666666,0.42735042735042733,1.56,269.15497730724434,-7.685668238494408,276.84064554573877,,,,,,,229.00530697256394,475.3769498205192,0.11602209944751381,0.0,0.5652173913043478,137.0,0.6666666666666666
50.0,True,AMD,3,2022-07…2022-12,20,25.0,0,0,,0.26153846153846155,,,,,0.6692307692307692,,,176.90563882369997,,,,,,,,,,0.0,,,182.0,1.0
50.0,True,AMD,4,2023-01…2023-06,20,25.0,0,0,,0.559322033898305,,,,,0.8389830508474576,,,274.3772909876495,,,,,,,,,,0.0,,,172.0,1.0
50.0,True,AMD,5,2023-07…2023-12,20,25.0,0,0,,0.17829457364341086,,,,,0.4263565891472868,,,-49.59380850488834,,,,,,,,,,0.0,,,179.0,1.0
50.0,True,AMD,6,2024-01…2024-06,20,25.0,1,1,0.0,0.2564102564102564,0.0,,,1.0,0.5641025641025641,1.7727272727272727,259.5974697579728,32.11626266314577,227.48120709482706,,,,,,,327.3568786410874,-52.07717965263758,0.038461538461538464,0.0,,163.0,0.8333333333333334
50.0,True,AMD,7,2024-07…2024-12,20,25.0,0,0,,0.31297709923664124,,,,,0.6946564885496184,,,96.36585439104611,,,,,,,,,,0.0,,,180.0,1.0
50.0,True,AMD,8,2025-01…2025-06,20,25.0,11,11,0.0,0.05128205128205128,0.0,,,0.18181818181818182,0.20512820512820512,0.8863636363636365,-190.2694912393522,-189.98254467009855,-0.2869465692536437,,,,,,,54.97025242531051,-110.34719822008213,0.42541436464088395,0.0,0.0,68.0,0.5
50.0,True,AMD,9,2025-07…2025-12,20,25.0,0,0,,0.23076923076923078,,,,,0.5461538461538461,,,3.4633601708443584,,,,,,,,,,0.0,,,182.0,1.0
50.0,True,AMD,10,2026-01…2026-06,20,25.0,1,1,1.0,0.24786324786324787,4.0344827586206895,,,1.0,0.5641025641025641,1.7727272727272727,136.09879575819272,34.533119178883084,101.56567657930964,,,,,,,214.55549897150485,-13.979589798893688,0.03867403314917127,0.0,,158.0,0.8333333333333334
0.0,False,KZT,0,2021-01…2021-06,20,25.0,16,16,0.25,0.15254237288135594,1.6388888888888888,,,0.4375,0.4152542372881356,1.0535714285714286,-6.354646134676059,-18.204220636461798,11.849574501785739,,,,,,,33.22278831184647,3.2031985004845502,0.6187845303867403,0.0,0.5331785223869149,27.0,0.0
0.0,False,KZT,1,2021-07…2021-12,20,25.0,16,16,0.3125,0.2248062015503876,1.3900862068965516,,,0.6875,0.5271317829457365,1.3042279411764706,36.00986138916199,10.733408670057983,25.276452719104007,,,,,,,22.488042133937814,4.832848318957893,0.6086956521739131,0.0,0.7561676641237375,32.0,0.0
0.0,False,KZT,2,2022-01…2022-06,20,25.0,10,10,0.0,0.1111111111111111,0.0,,,0.1,0.38461538461538464,0.26,-747.9195309669772,-253.47141149360772,-494.44811947336945,,,,,,,25.431548980349607,-314.73263860691804,0.3867403314917127,0.0,0.0,84.0,0.5
0.0,False,KZT,3,2022-07…2022-12,20,25.0,23,23,0.21739130434782608,0.2,1.0869565217391304,,,0.6956521739130435,0.6461538461538462,1.0766045548654244,190.67150352588712,165.82739028859348,24.84411323729364,,,,,,,30.158698314490366,93.76225283019063,0.875,0.0,0.27844786649664566,16.0,0.0
0.0,False,KZT,4,2023-01…2023-06,20,25.0,23,23,0.5217391304347826,0.4830508474576271,1.080091533180778,,,0.782608695652174,0.8050847457627118,0.9720823798627003,297.72348516229755,290.11536164792756,7.608123514369993,,,,,,,41.59006241909192,120.50084690866822,0.8895027624309392,0.0,0.09447657556376322,11.0,0.0
0.0,False,KZT,5,2023-07…2023-12,20,25.0,11,11,0.2727272727272727,0.09302325581395349,2.9318181818181817,,,0.6363636363636364,0.5193798449612403,1.225237449118046,17.831671521531277,-23.450077638838618,41.2817491603699,,,,,,,3.350603964435175,41.06307148491886,0.41847826086956524,0.0,0.6453062205985584,33.0,0.16666666666666666
0.0,False,KZT,6,2024-01…2024-06,20,25.0,10,10,0.2,0.26495726495726496,0.7548387096774194,,,0.3,0.5128205128205128,0.5850000000000001,-142.8221354737701,-51.33409444413086,-91.48804102963922,,,,,,,-2.243011735402314,-38.7874700478802,0.38461538461538464,0.0,0.8798876470880287,49.0,0.3333333333333333
0.0,False,KZT,7,2024-07…2024-12,20,25.0,15,15,0.2,0.16793893129770993,1.190909090909091,,,0.6666666666666666,0.6335877862595419,1.0522088353413654,34.29489488899718,34.71548822943122,-0.4205933404340456,,,,,,,25.694279123058248,61.326804688868634,0.5706521739130435,0.0,1.1401894579410914,63.0,0.16666666666666666
0.0,False,KZT,8,2025-01…2025-06,20,25.0,5,5,0.0,0.02564102564102564,0.0,,,0.2,0.1111111111111111,1.8000000000000003,-219.14191898966436,-215.04473247998948,-4.097186509674884,,,,,,,73.87505534723826,-193.4630311178218,0.19337016574585636,0.0,0.5133552482890046,105.0,0.5
0.0,False,KZT,9,2025-07…2025-12,20,25.0,18,18,0.1111111111111111,0.18461538461538463,0.6018518518518517,,,0.6111111111111112,0.6076923076923076,1.0056258790436008,44.912188029267256,15.864915632713714,29.04727239655354,,,,,,,21.29545697090902,29.593467590860023,0.6847826086956522,0.0,0.1257078722109418,52.0,0.16666666666666666
0.0,False,KZT,10,2026-01…2026-06,20,25.0,18,18,0.2777777777777778,0.26495726495726496,1.0483870967741935,,,0.5,0.5897435897435898,0.8478260869565217,4.056460187130749,74.19195081286851,-70.13549062573776,,,,,,,16.776678862096066,-18.00897193467968,0.6961325966850829,0.0,0.17673667793442713,28.0,0.0
0.0,True,KZT,0,2021-01…2021-06,20,25.0,10,10,0.2,0.15254237288135594,1.3111111111111111,,,0.5,0.4152542372881356,1.2040816326530612,21.22504837160322,-18.204220636461798,39.42926900806502,,,,,,,68.67965388503572,18.630689759698505,0.3867403314917127,0.0,0.8406021241782751,43.0,0.16666666666666666
0.0,True,KZT,1,2021-07…2021-12,20,25.0,9,9,0.4444444444444444,0.2248062015503876,1.9770114942528734,,,0.7777777777777778,0.5271317829457365,1.4754901960784312,57.52041237823457,10.733408670057983,46.787003708176584,,,,,,,69.37220047452848,39.10206186226112,0.3423913043478261,0.0,0.5986379097073419,64.0,0.3333333333333333
0.0,True,KZT,2,2022-01…2022-06,20,25.0,8,8,0.0,0.1111111111111111,0.0,,,0.125,0.38461538461538464,0.32499999999999996,-654.5564819229954,-253.47141149360772,-401.0850704293877,,,,,,,118.87554968174189,-199.14874517745668,0.30939226519337015,0.0,0.3450327796711771,87.0,0.5
0.0,True,KZT,3,2022-07…2022-12,20,25.0,5,5,0.6,0.2,2.9999999999999996,,,0.8,0.6461538461538462,1.2380952380952381,425.75558326858135,165.82739028859348,259.9281929799879,,,,,,,323.61218727528063,384.6692136655574,0.19021739130434784,0.0,0.49804304532841337,88.0,0.3333333333333333
0.0,True,KZT,4,2023-01…2023-06,20,25.0,0,0,,0.4830508474576271,,,,,0.8050847457627118,,,290.11536164792756,,,,,,,,,,0.0,,,172.0,1.0
0.0,True,KZT,5,2023-07…2023-12,20,25.0,1,1,1.0,0.09302325581395349,10.75,,,1.0,0.5193798449612403,1.925373134328358,267.0183260322956,-23.450077638838618,290.4684036711342,,,,,,,191.38002540242115,291.50574146556306,0.03804347826086957,0.0,,148.0,0.8333333333333334
0.0,True,KZT,6,2024-01…2024-06,20,25.0,2,2,0.5,0.26495726495726496,1.8870967741935483,,,0.5,0.5128205128205128,0.9750000000000001,65.0971513935722,-51.33409444413086,116.43124583770307,,,,,,,403.56528433748485,167.49583243979959,0.07692307692307693,0.0,0.0,162.0,0.8333333333333334
0.0,True,KZT,7,2024-07…2024-12,20,25.0,2,2,0.5,0.16793893129770993,2.977272727272727,,,0.5,0.6335877862595419,0.7891566265060241,133.31044927767988,34.71548822943122,98.59496104824865,,,,,,,185.82028946651172,89.92059575886113,0.07608695652173914,0.0,0.0,115.0,0.6666666666666666
0.0,True,KZT,8,2025-01…2025-06,20,25.0,4,4,0.0,0.02564102564102564,0.0,,,0.25,0.1111111111111111,2.25,-206.59349996742156,-215.04473247998948,8.451232512567913,,,,,,,111.59117258002726,-173.71784615287683,0.15469613259668508,0.0,0.5983211225424633,105.0,0.6666666666666666
0.0,True,KZT,9,2025-07…2025-12,20,25.0,3,3,0.3333333333333333,0.18461538461538463,1.8055555555555554,,,1.0,0.6076923076923076,1.6455696202531647,238.09112448696987,15.864915632713714,222.22620885425616,,,,,,,251.98485355303038,233.08439847329998,0.1141304347826087,0.0,0.0,92.0,0.8333333333333334
0.0,True,KZT,10,2026-01…2026-06,20,25.0,2,2,0.0,0.26495726495726496,0.0,,,0.5,0.5897435897435898,0.8478260869565217,66.25710506322935,74.19195081286851,-7.934845749639166,,,,,,,267.0962234424756,-172.35603141592227,0.07734806629834254,0.0,0.0,130.0,0.6666666666666666
25.0,False,KZT,0,2021-01…2021-06,20,25.0,2,2,0.0,0.15254237288135594,0.0,,,0.0,0.4152542372881356,0.0,-47.70560807987101,-18.204220636461798,-29.501387443409214,,,,,,,58.58273158733329,48.184080116142056,0.07734806629834254,0.0,0.0,93.0,0.8333333333333334
25.0,False,KZT,1,2021-07…2021-12,20,25.0,0,0,,0.2248062015503876,,,,,0.5271317829457365,,,10.733408670057983,,,,,,,,,,0.0,,,182.0,1.0
25.0,False,KZT,2,2022-01…2022-06,20,25.0,9,9,0.0,0.1111111111111111,0.0,,,0.1111111111111111,0.38461538461538464,0.28888888888888886,-806.6580588849932,-253.47141149360772,-553.1866473913856,,,,,,,-46.57444746934042,-380.1385131586045,0.34806629834254144,0.0,0.08247860988423225,87.0,0.5
25.0,False,KZT,3,2022-07…2022-12,20,25.0,20,20,0.2,0.2,1.0,,,0.6,0.6461538461538462,0.9285714285714285,183.3258009823915,165.82739028859348,17.498410693798036,,,,,,,11.589851686712834,115.91778166803945,0.7608695652173914,0.0,0.3144565789563206,16.0,0.0
25.0,False,KZT,4,2023-01…2023-06,20,25.0,21,21,0.5238095238095238,0.4830508474576271,1.0843776106934002,,,0.7619047619047619,0.8050847457627118,0.9463659147869674,262.62159103295386,290.11536164792756,-27.4937706149737,,,,,,,9.661617091109655,113.73294823953836,0.8121546961325967,0.0,0.3130042333420777,17.0,0.0
25.0,False,KZT,5,2023-07…2023-12,20,25.0,5,5,0.2,0.09302325581395349,2.1500000000000004,,,0.6,0.5193798449612403,1.1552238805970148,28.004114206550355,-23.450077638838618,51.454191845388976,,,,,,,-67.76131325459532,272.82145649988655,0.19021739130434784,0.0,0.7947056646492496,69.0,0.5
25.0,False,KZT,6,2024-01…2024-06,20,25.0,2,2,0.0,0.26495726495726496,0.0,,,1.0,0.5128205128205128,1.9500000000000002,4.731162688987878,-51.33409444413086,56.06525713311874,,,,,,,309.2088334183851,-37.15594356192675,0.07692307692307693,0.0,0.0,163.0,0.8333333333333334
25.0,False,KZT,7,2024-07…2024-12,20,25.0,2,2,0.5,0.16793893129770993,2.977272727272727,,,0.5,0.6335877862595419,0.7891566265060241,25.096212635585232,34.71548822943122,-9.619275593845991,,,,,,,270.4809650110407,88.03295121902033,0.07608695652173914,0.0,0.0,158.0,0.8333333333333334
25.0,False,KZT,8,2025-01…2025-06,20,25.0,1,1,0.0,0.02564102564102564,0.0,,,1.0,0.1111111111111111,9.0,-9.24844061764074,-215.04473247998948,205.79629186234874,,,,,,,314.093461079854,-5.392676744980784,0.03867403314917127,0.0,,105.0,0.8333333333333334
25.0,False,KZT,9,2025-07…2025-12,20,25.0,14,14,0.07142857142857142,0.18461538461538463,0.38690476190476186,,,0.5714285714285714,0.6076923076923076,0.9403254972875227,33.61319687284862,15.864915632713714,17.748281240134904,,,,,,,37.60896751883109,74.80438955629587,0.532608695652174,0.0,0.3732399125390363,65.0,0.3333333333333333
25.0,False,KZT,10,2026-01…2026-06,20,25.0,14,14,0.14285714285714285,0.26495726495726496,0.5391705069124424,,,0.42857142857142855,0.5897435897435898,0.7267080745341614,-46.855158934987244,74.19195081286851,-121.04710974785576,,,,,,,-7.098162258982348,-62.07027904268224,0.5414364640883977,0.0,0.4677071733467427,36.0,0.16666666666666666
25.0,True,KZT,0,2021-01…2021-06,20,25.0,1,1,0.0,0.15254237288135594,0.0,,,0.0,0.4152542372881356,0.0,-53.65018553460832,-18.204220636461798,-35.44596489814652,,,,,,,71.65879984629919,-10.495466302670176,0.03867403314917127,0.0,,102.0,0.8333333333333334
25.0,True,KZT,1,2021-07…2021-12,20,25.0,0,0,,0.2248062015503876,,,,,0.5271317829457365,,,10.733408670057983,,,,,,,,,,0.0,,,182.0,1.0
25.0,True,KZT,2,2022-01…2022-06,20,25.0,8,8,0.0,0.1111111111111111,0.0,,,0.25,0.38461538461538464,0.6499999999999999,-665.0501830698425,-253.47141149360772,-411.57877157623483,,,,,,,110.27346608701293,-128.95942126175245,0.30939226519337015,0.0,0.3450327796711771,87.0,0.5
25.0,True,KZT,3,2022-07…2022-12,20,25.0,4,4,0.5,0.2,2.5,,,0.75,0.6461538461538462,1.1607142857142856,483.36577778184704,165.82739028859348,317.5383874932536,,,,,,,370.99964336081786,409.88073734591234,0.15217391304347827,0.0,0.8612196112200419,88.0,0.5
25.0,True,KZT,4,2023-01…2023-06,20,25.0,0,0,,0.4830508474576271,,,,,0.8050847457627118,,,290.11536164792756,,,,,,,,,,0.0,,,172.0,1.0
25.0,True,KZT,5,2023-07…2023-12,20,25.0,0,0,,0.09302325581395349,,,,,0.5193798449612403,,,-23.450077638838618,,,,,,,,,,0.0,,,179.0,1.0
25.0,True,KZT,6,2024-01…2024-06,20,25.0,2,2,0.0,0.26495726495726496,0.0,,,1.0,0.5128205128205128,1.9500000000000002,4.731162688987878,-51.33409444413086,56.06525713311874,,,,,,,309.2088334183851,-37.15594356192675,0.07692307692307693,0.0,0.0,163.0,0.8333333333333334
25.0,True,KZT,7,2024-07…2024-12,20,25.0,0,0,,0.16793893129770993,,,,,0.6335877862595419,,,34.71548822943122,,,,,,,,,,0.0,,,180.0,1.0
25.0,True,KZT,8,2025-01…2025-06,20,25.0,1,1,0.0,0.02564102564102564,0.0,,,1.0,0.1111111111111111,9.0,-9.24844061764074,-215.04473247998948,205.79629186234874,,,,,,,314.093461079854,-5.392676744980784,0.03867403314917127,0.0,,105.0,0.8333333333333334
25.0,True,KZT,9,2025-07…2025-12,20,25.0,3,3,0.3333333333333333,0.18461538461538463,1.8055555555555554,,,1.0,0.6076923076923076,1.6455696202531647,238.09112448696987,15.864915632713714,222.22620885425616,,,,,,,251.98485355303038,233.08439847329998,0.1141304347826087,0.0,0.0,92.0,0.8333333333333334
25.0,True,KZT,10,2026-01…2026-06,20,25.0,1,1,0.0,0.26495726495726496,0.0,,,0.0,0.5897435897435898,0.0,-180.99324195384293,74.19195081286851,-255.18519276671145,,,,,,,122.87536109812925,-310.7911586068013,0.03867403314917127,0.0,,133.0,0.8333333333333334
50.0,False,KZT,0,2021-01…2021-06,20,25.0,0,0,,0.15254237288135594,,,,,0.4152542372881356,,,-18.204220636461798,,,,,,,,,,0.0,,,170.0,1.0
50.0,False,KZT,1,2021-07…2021-12,20,25.0,0,0,,0.2248062015503876,,,,,0.5271317829457365,,,10.733408670057983,,,,,,,,,,0.0,,,182.0,1.0
50.0,False,KZT,2,2022-01…2022-06,20,25.0,8,8,0.0,0.1111111111111111,0.0,,,0.25,0.38461538461538464,0.6499999999999999,-680.824698429201,-253.47141149360772,-427.3532869355933,,,,,,,92.142975778938,-197.21460459206918,0.30939226519337015,0.0,0.13418472404191537,87.0,0.5
50.0,False,KZT,3,2022-07…2022-12,20,25.0,13,13,0.23076923076923078,0.2,1.1538461538461537,,,0.5384615384615384,0.6461538461538462,0.8333333333333333,130.01973678518144,165.82739028859348,-35.80765350341204,,,,,,,-76.02518724257999,104.0025807770436,0.4945652173913044,0.0,0.5930573003500076,39.0,0.16666666666666666
50.0,False,KZT,4,2023-01…2023-06,20,25.0,13,13,0.5384615384615384,0.4830508474576271,1.1147098515519567,,,0.9230769230769231,0.8050847457627118,1.1465587044534413,392.4621028388469,290.11536164792756,102.34674119091932,,,,,,,110.04828851390799,211.54196370943785,0.5027624309392265,0.0,0.9038099512527725,42.0,0.16666666666666666
50.0,False,KZT,5,2023-07…2023-12,20,25.0,2,2,0.5,0.09302325581395349,5.375,,,0.5,0.5193798449612403,0.962686567164179,-0.38707368658853625,-23.450077638838618,23.06300395225008,,,,,,,-287.3127405825743,410.1738664930565,0.07608695652173914,0.0,0.0,144.0,0.6666666666666666
50.0,False,KZT,6,2024-01…2024-06,20,25.0,1,1,0.0,0.26495726495726496,0.0,,,1.0,0.5128205128205128,1.9500000000000002,-2.7880790781020792,-51.33409444413086,48.54601536602878,,,,,,,342.71977652308385,-139.2963060643415,0.038461538461538464,0.0,,163.0,0.8333333333333334
50.0,False,KZT,7,2024-07…2024-12,20,25.0,1,1,1.0,0.16793893129770993,5.954545454545454,,,1.0,0.6335877862595419,1.5783132530120483,326.792470752133,34.71548822943122,292.07698252270177,,,,,,,555.9997044870469,437.8341011393072,0.03804347826086957,0.0,,158.0,0.8333333333333334
50.0,False,KZT,8,2025-01…2025-06,20,25.0,1,1,0.0,0.02564102564102564,0.0,,,0.0,0.1111111111111111,0.0,-44.24312146486642,-215.04473247998948,170.80161101512306,,,,,,,240.26938932030006,34.09308791103571,0.03867403314917127,0.0,,103.0,0.8333333333333334
50.0,False,KZT,9,2025-07…2025-12,20,25.0,11,11,0.09090909090909091,0.18461538461538463,0.49242424242424243,,,0.6363636363636364,0.6076923076923076,1.047180667433832,20.780710354805926,15.864915632713714,4.915794722092212,,,,,,,26.92984852979802,44.06946307800747,0.41847826086956524,0.0,0.4926120853842978,66.0,0.3333333333333333
50.0,False,KZT,10,2026-01…2026-06,20,25.0,14,14,0.2857142857142857,0.26495726495726496,1.0783410138248848,,,0.5,0.5897435897435898,0.8478260869565217,-27.95860571119832,74.19195081286851,-102.15055652406683,,,,,,,15.64179677268225,-46.89436506108867,0.5414364640883977,0.0,0.4629202428874084,36.0,0.16666666666666666
50.0,True,KZT,0,2021-01…2021-06,20,25.0,0,0,,0.15254237288135594,,,,,0.4152542372881356,,,-18.204220636461798,,,,,,,,,,0.0,,,170.0,1.0
50.0,True,KZT,1,2021-07…2021-12,20,25.0,0,0,,0.2248062015503876,,,,,0.5271317829457365,,,10.733408670057983,,,,,,,,,,0.0,,,182.0,1.0
50.0,True,KZT,2,2022-01…2022-06,20,25.0,7,7,0.0,0.1111111111111111,0.0,,,0.2857142857142857,0.38461538461538464,0.7428571428571428,-644.0610121455818,-253.47141149360772,-390.5896006519741,,,,,,,133.54810295384547,-74.2743780030919,0.27071823204419887,0.0,0.33700653881225523,87.0,0.5
50.0,True,KZT,3,2022-07…2022-12,20,25.0,3,3,0.3333333333333333,0.2,1.6666666666666665,,,0.6666666666666666,0.6461538461538462,1.0317460317460316,226.17458979432536,165.82739028859348,60.34719950573188,,,,,,,151.03683195307937,68.06010599627932,0.1141304347826087,0.0,0.4915254237288136,95.0,0.6666666666666666
50.0,True,KZT,4,2023-01…2023-06,20,25.0,0,0,,0.4830508474576271,,,,,0.8050847457627118,,,290.11536164792756,,,,,,,,,,0.0,,,172.0,1.0
50.0,True,KZT,5,2023-07…2023-12,20,25.0,0,0,,0.09302325581395349,,,,,0.5193798449612403,,,-23.450077638838618,,,,,,,,,,0.0,,,179.0,1.0
50.0,True,KZT,6,2024-01…2024-06,20,25.0,1,1,0.0,0.26495726495726496,0.0,,,1.0,0.5128205128205128,1.9500000000000002,-2.7880790781020792,-51.33409444413086,48.54601536602878,,,,,,,342.71977652308385,-139.2963060643415,0.038461538461538464,0.0,,163.0,0.8333333333333334
50.0,True,KZT,7,2024-07…2024-12,20,25.0,0,0,,0.16793893129770993,,,,,0.6335877862595419,,,34.71548822943122,,,,,,,,,,0.0,,,180.0,1.0
50.0,True,KZT,8,2025-01…2025-06,20,25.0,1,1,0.0,0.02564102564102564,0.0,,,0.0,0.1111111111111111,0.0,-44.24312146486642,-215.04473247998948,170.80161101512306,,,,,,,240.26938932030006,34.09308791103571,0.03867403314917127,0.0,,103.0,0.8333333333333334
50.0,True,KZT,9,2025-07…2025-12,20,25.0,2,2,0.5,0.18461538461538463,2.708333333333333,,,1.0,0.6076923076923076,1.6455696202531647,264.81124923129596,15.864915632713714,248.94633359858224,,,,,,,277.9443249739655,266.09485968485,0.07608695652173914,0.0,0.0,92.0,0.8333333333333334
50.0,True,KZT,10,2026-01…2026-06,20,25.0,1,1,0.0,0.26495726495726496,0.0,,,0.0,0.5897435897435898,0.0,-180.99324195384293,74.19195081286851,-255.18519276671145,,,,,,,122.87536109812925,-310.7911586068013,0.03867403314917127,0.0,,133.0,0.8333333333333334
