currency,step,period,n,mae_model_bps,mae_naive_bps,mae_ratio,dir_accuracy,dir_majority,share_forecast_up,share_realized_up,coverage_10_90,mean_forecast_bps,mean_realized_bps
AMD,1,все,2135,71.39020062768783,71.70901449096047,0.9955540615704205,0.5405532114392874,0.5227166276346604,0.4168618266978923,0.5227166276346604,0.7967213114754098,-3.927854473067915,4.0264037274788125
AMD,1,до среза,1457,75.43536542744418,75.50267173415898,0.9991085572845451,0.5374570446735395,0.5223061084420041,0.4104323953328758,0.5223061084420041,0.8030199039121483,-5.449301304049417,5.235875500295557
AMD,1,после среза,678,62.69727273204624,63.5565681733495,0.9864798325963802,0.5471976401179941,0.523598820058997,0.4306784660766962,0.523598820058997,0.7831858407079646,-0.6583146017699115,1.4272881330923877
AMD,5,все,2131,189.08899621829707,186.02301277549768,1.016481742753514,0.5011731581417175,0.5194744251525105,0.47489441576724545,0.5194744251525105,0.7935241670577193,-7.836219192867198,20.79839398870394
AMD,5,до среза,1457,199.77131644328736,196.86064813935891,1.0147854247735075,0.49965682910089226,0.5202470830473576,0.45229924502402197,0.5202470830473576,0.7810569663692519,-15.03947343857241,27.830086816736607
AMD,5,после среза,674,165.9967995301505,162.59506807943575,1.0209214922131147,0.5044510385756676,0.5178041543026706,0.5237388724035609,0.5178041543026706,0.8204747774480712,7.735207270029673,5.597835456888519
AMD,10,все,2126,276.4335994666198,270.07249241663345,1.0235533318964347,0.49223529411764705,0.5258701787394168,0.4609595484477893,0.5258701787394168,0.7949200376293509,-11.462185418626527,41.660412723468
AMD,10,до среза,1457,295.1062123612487,291.4687052135587,1.0124799235136577,0.48626373626373626,0.5360329444063143,0.43239533287577214,0.5360329444063143,0.7831159917638985,-24.825685380919698,56.57402107548
AMD,10,после среза,669,235.76693730298103,223.47416350016107,1.0550075839205955,0.5052316890881914,0.5037369207772795,0.523168908819133,0.5037369207772795,0.820627802690583,17.641879521674145,9.180401708697447
AMD,20,все,2116,405.8557543473452,392.34468785875976,1.0344367259368867,0.44896030245746693,0.5340264650283554,0.4603024574669187,0.5340264650283554,0.7873345935727788,-17.89077580340265,82.35648879123075
AMD,20,до среза,1457,420.74107243050406,419.3255882569526,1.0033756207901248,0.4474948524365134,0.5559368565545642,0.4248455730954015,0.5559368565545642,0.7865477007549759,-40.42721002059025,112.25807214346912
AMD,20,после среза,659,372.9454228645496,332.6919232454563,1.1209933178612055,0.45220030349013657,0.5144157814871017,0.5386949924127465,0.48558421851289835,0.7890743550834598,31.935604552352046,16.246311334157458
KGS,1,все,2135,71.79428767951798,72.28313368162041,0.9932370668342132,0.5555035128805621,0.5086651053864168,0.5016393442622951,0.5086651053864168,0.7882903981264637,-0.8132705386416859,1.6678812071597102
KGS,1,до среза,1457,76.54042277673254,76.84552388432395,0.9960296827691528,0.55044612216884,0.515442690459849,0.5284831846259437,0.515442690459849,0.7920384351407,-0.2525720658888126,2.33870615920508
KGS,1,после среза,678,61.594997359987566,62.47870517817048,0.9858558557565679,0.5663716814159292,0.5058997050147492,0.443952802359882,0.4941002949852507,0.7802359882005899,-2.0181933628318585,0.22630015239554468
KGS,5,все,2131,181.1186227433298,180.7388374104193,1.002101293437271,0.5354293758798686,0.5068043172219615,0.5274519005161896,0.5068043172219615,0.7841389019239794,-3.036168183951197,8.531312421057304
KGS,5,до среза,1457,190.911614143088,190.86749477276956,1.0002311518279787,0.5360329444063143,0.5051475634866164,0.5682910089224433,0.5051475634866164,0.7783115991763898,-2.5679343857240897,12.675972564951
KGS,5,после среза,674,159.94890691328874,158.84350539714882,1.0069590601981249,0.5341246290801187,0.5103857566765578,0.4391691394658754,0.5103857566765578,0.7967359050445104,-4.048359050445104,-0.42828673273070117
KGS,10,все,2126,252.85832919453338,255.85801389857448,0.9882759790935053,0.5239887111947319,0.5004703668861712,0.5277516462841016,0.5004703668861712,0.7892756349952963,-5.149174647224835,15.852926593951244
KGS,10,до среза,1457,267.50685325937087,271.8632407223696,0.9839758127968189,0.5216197666437886,0.5099519560741249,0.5655456417295813,0.5099519560741249,0.7748798901853123,-4.683522992450239,24.445223698395058
KGS,10,после среза,669,220.95563926558245,221.00059165302983,0.9997965960764578,0.5291479820627802,0.5201793721973094,0.445440956651719,0.4798206278026906,0.820627802690583,-6.16330687593423,-2.8600433330661548
KGS,20,все,2116,347.9036887020022,351.15098844316157,0.990752411788569,0.497164461247637,0.5160680529300568,0.5085066162570888,0.5160680529300568,0.774102079395085,-8.172057514177691,28.696532712834934
KGS,20,до среза,1457,353.8572148922708,360.2280386308024,0.9823144701263494,0.4982841455044612,0.5250514756348662,0.546328071379547,0.5250514756348662,0.7604667124227865,-6.299545367192866,45.59723690875238
KGS,20,после среза,659,334.74088497025525,331.0823054031121,1.011050362726841,0.4946889226100152,0.503793626707132,0.424886191198786,0.496206373292868,0.8042488619119879,-12.312042640364188,-8.66966761106751
KZT,1,все,2135,69.77852089176992,69.86107277370412,0.9988183421946352,0.5229615745079662,0.5049180327868853,0.5259953161592505,0.49461358313817333,0.790632318501171,-0.09984318501170956,1.1039280235679416
KZT,1,до среза,1457,67.72499434338386,67.59276258613153,1.0019563005297176,0.5288461538461539,0.515442690459849,0.5326012354152367,0.4838709677419355,0.7899794097460535,-0.5747407000686341,1.5820265309682469
KZT,1,после среза,678,74.19148281064676,74.73559776381221,0.9927194674365887,0.5103244837758112,0.5176991150442478,0.5117994100294986,0.5176991150442478,0.7920353982300885,0.9206961651917404,0.0765098446855742
KZT,5,все,2131,172.7215558275989,172.00317367468503,1.004176563359654,0.5180666353824496,0.5058657907085875,0.4523697794462694,0.4941342092914125,0.8024401689347724,-4.362548193336462,5.6551263691519935
KZT,5,до среза,1457,172.4822583661802,173.0141984691812,0.9969254540511265,0.5353466026080989,0.5092656142759094,0.45847632120796156,0.4907343857240906,0.790665751544269,-5.766520384351406,9.082711150649537
KZT,5,после среза,674,173.23885019152632,169.81762007590027,1.0201464966597513,0.4807121661721068,0.5014836795252225,0.4391691394658754,0.5014836795252225,0.827893175074184,-1.3275519287833824,-1.754355866221783
KZT,10,все,2126,244.8759467677329,244.43444826906426,1.0018062040837332,0.5117591721542804,0.5079962370649106,0.4205079962370649,0.5079962370649106,0.8024459078080903,-7.095416133584196,10.530281841463584
KZT,10,до среза,1457,244.52367940481398,245.68537992127244,0.9952715928117875,0.5209334248455731,0.5085792724776939,0.4234728894989705,0.5085792724776939,0.7934111187371311,-9.323381743308166,17.834350491315867
KZT,10,после среза,669,245.64314190640684,241.71007245850026,1.0162718475399153,0.49177877428998507,0.5067264573991032,0.414050822122571,0.5067264573991032,0.8221225710014948,-2.2431801195814676,-5.377084410905276
KZT,20,все,2116,342.08656227549744,342.19452185220746,0.9996845081676771,0.5479905437352246,0.5099243856332704,0.40406427221172025,0.4896030245746692,0.7887523629489603,-11.01329215500945,18.12328955427832
KZT,20,до среза,1457,327.72375200803594,332.13328163292294,0.9867236140768318,0.5545641729581332,0.5024021962937543,0.41455044612216885,0.49759780370624573,0.7989018531228552,-11.43515051475635,33.502228837283965
KZT,20,после среза,659,373.84166782889866,364.4391758726893,1.0257998935863415,0.5334346504559271,0.5265553869499241,0.38088012139605465,0.47192716236722304,0.7663125948406677,-10.080594688922604,-15.878401698133276
TJS,1,все,2135,73.49565814648592,73.34599537335168,1.002040503675387,0.5464352720450282,0.5175644028103045,0.49789227166276345,0.5175644028103045,0.7901639344262295,-1.2802759718969554,2.6737212380130746
TJS,1,до среза,1457,77.78158278129148,77.23103382332499,1.0071285975431319,0.5367697594501718,0.5147563486616334,0.5058339052848319,0.5147563486616334,0.7961564859299931,-1.274672203157172,2.7726714745963013
TJS,1,после среза,678,64.28534517758963,64.99717380755364,0.9890483141302172,0.5672082717872969,0.523598820058997,0.4808259587020649,0.523598820058997,0.7772861356932154,-1.2923182890855458,2.461080390370361
TJS,5,все,2131,192.75922882430524,189.0804859264478,1.019455962786601,0.5133740028155795,0.5138432660722665,0.5021116846550915,0.5138432660722665,0.7860159549507274,-5.191130079774754,13.613096237925824
TJS,5,до среза,1457,204.44638417536245,199.5069645810667,1.0247581311492946,0.5024021962937543,0.5017158544955388,0.4921070693205216,0.4982841455044612,0.7796842827728209,-7.610135621139327,14.937560891100194
TJS,5,после среза,674,167.49485887402287,166.54134735110705,1.0057253741373042,0.5370919881305638,0.5474777448071216,0.5237388724035609,0.5474777448071216,0.7997032640949555,0.03808516320474709,10.749973093007323
TJS,10,все,2126,282.0156054978546,277.17428085191324,1.0174667167208344,0.4896519285042333,0.5103480714957667,0.5136406396989652,0.5103480714957667,0.7920978363123237,-10.115340968955785,27.892351329131177
TJS,10,до среза,1457,305.4097366277677,298.4028092301273,1.0234814391182112,0.4852436513383665,0.5017158544955388,0.5072065888812629,0.5017158544955388,0.7707618393960192,-14.000382772820863,31.67311787538911
TJS,10,после среза,669,231.0660553389857,230.94114804614688,1.0005408620070333,0.4992526158445441,0.5291479820627802,0.5276532137518685,0.5291479820627802,0.8385650224215246,-1.6541961136023917,19.6583052037234
TJS,20,все,2116,393.0709108334504,389.2434650541468,1.009833037990172,0.4673913043478261,0.527882797731569,0.4914933837429111,0.527882797731569,0.7948960302457467,-15.574993714555761,54.71738625194945
TJS,20,до среза,1457,423.9065449849697,419.09031045030366,1.0114921161729822,0.46190803019903914,0.5223061084420041,0.48798901853122856,0.5223061084420041,0.787920384351407,-20.132090322580645,62.86997104412413
TJS,20,после среза,659,324.89561651059216,323.2543091479244,1.0050774492906038,0.4795144157814871,0.5402124430955993,0.4992412746585736,0.5402124430955993,0.8103186646433991,-5.499591957511382,36.692627462573874
USD,1,все,2135,68.1709550862114,68.73678578051346,0.9917681531384254,0.5572769953051643,0.5035128805620609,0.43934426229508194,0.5035128805620609,0.7939110070257611,-3.8703258079625282,2.65875464090405
USD,1,до среза,1457,71.2137824790901,71.62474429779945,0.9942622926931415,0.5544077134986226,0.5085792724776939,0.45024021962937544,0.5085792724776939,0.7968428277282087,-4.364764378860673,3.926527985550404
USD,1,после среза,678,61.63201775372723,62.53065663643427,0.9856288270258874,0.5634218289085545,0.5073746312684366,0.415929203539823,0.49262536873156343,0.7876106194690266,-2.8077933628318585,-0.06564913955278864
USD,5,все,2131,186.55427817058413,186.54221753850248,1.000064653633053,0.5358986391365556,0.5068043172219615,0.48662599718442046,0.5068043172219615,0.7869544814641014,-10.206510886907553,14.455401636365298
USD,5,до среза,1457,196.7213344761765,197.3908002062836,0.996608424863735,0.5277968428277282,0.5099519560741249,0.5209334248455731,0.5099519560741249,0.7741935483870968,-11.84804275909403,22.013465478768328
USD,5,после среза,674,164.57593835270856,163.09060782491636,1.0091073946415525,0.5534124629080118,0.5,0.4124629080118694,0.5,0.814540059347181,-6.657976854599407,-1.8830242069302774
USD,10,все,2126,274.51633078916433,274.47871353935955,1.0001370497891064,0.5051740357478833,0.5089369708372531,0.5032925682031985,0.5089369708372531,0.7902163687676388,-15.059096095954846,29.748523350004785
USD,10,до среза,1457,294.9274805661158,295.15734576437995,0.9992212113248651,0.48798901853122856,0.5250514756348662,0.5497597803706246,0.5250514756348662,0.7755662319835278,-17.141295401509954,46.015526826606255
USD,10,после среза,669,230.06334839003392,229.4431871539263,1.002702896711819,0.5426008968609866,0.5261584454409567,0.4020926756352765,0.47384155455904337,0.8221225710014948,-10.524321225710015,-5.679016359125779
USD,20,все,2116,397.5997884625317,400.23351728310104,0.9934195195883447,0.46361058601134214,0.5217391304347826,0.5137051039697542,0.5217391304347826,0.7920604914933838,-20.363510396975425,59.27180411855647
USD,20,до среза,1457,421.29406557240833,426.21576052607855,0.9884525740024362,0.44406314344543585,0.5483870967741935,0.5676046671242279,0.5483870967741935,0.7824296499656829,-21.464091969800958,92.43395328462252
USD,20,после среза,659,345.2135035625464,342.78870938474233,1.0070737282513074,0.5068285280728376,0.5371775417298937,0.3945371775417299,0.4628224582701062,0.8133535660091047,-17.93020637329287,-14.047241913246589
UZS,1,все,2135,72.90938450765005,72.58959292808174,1.0044054742101274,0.5447726207219878,0.5049180327868853,0.49133489461358315,0.5049180327868853,0.7925058548009367,-2.2355361124121784,0.9510673137961958
UZS,1,до среза,1457,75.67129899548017,74.54341382966531,1.0151305810650437,0.5394646533973919,0.5010295126973233,0.4776938915579959,0.49897048730267674,0.7947838023335622,-3.5172353466026087,1.139790787074381
UZS,1,после среза,678,66.97411989294723,68.39089520889695,0.9792841530788237,0.5562130177514792,0.5176991150442478,0.5206489675516224,0.5176991150442478,0.7876106194690266,0.5187939528023605,0.5455066934918932
UZS,5,все,2131,193.6847069231894,191.7967317300026,1.0098436254682617,0.5143125293289535,0.5039887376818395,0.45612388549976535,0.4960112623181605,0.7996245893946504,-9.315651102768651,5.855062674183632
UZS,5,до среза,1457,203.16092314754303,202.04860674431205,1.005505192147346,0.5277968428277282,0.5133836650652025,0.43719972546328073,0.48661633493479756,0.7927247769389156,-14.16124282772821,8.02424713954195
UZS,5,после среза,674,173.19977066371865,169.6350375225117,1.0210141324178614,0.48516320474777447,0.516320474777448,0.4970326409495549,0.516320474777448,0.814540059347181,1.159166617210682,1.1658909144995504
UZS,10,все,2126,282.81744898093194,282.2023442267744,1.002179658556143,0.5145813734713076,0.5061147695202258,0.44590780809031044,0.49388523047977423,0.8019755409219191,-17.438353904045155,12.518404909910018
UZS,10,до среза,1457,303.94053368960425,304.3990225936764,0.9984937898283459,0.5250514756348662,0.5078929306794784,0.42759094028826355,0.4921070693205216,0.789293067947838,-27.1866857240906,17.972532576701923
UZS,10,после среза,669,236.8139595630911,233.86069941275917,1.0126282875136685,0.49177877428998507,0.5022421524663677,0.4857997010463378,0.4977578475336323,0.8295964125560538,3.7923179372197295,0.6399833695276519
UZS,20,все,2116,406.6844975857082,404.9178963410174,1.0043628628436887,0.5189035916824196,0.5141776937618148,0.44045368620037806,0.48582230623818523,0.8090737240075614,-30.647406474480146,23.630090487884033
UZS,20,до среза,1457,429.602903053053,431.6664566495168,0.9952195646321917,0.5291695264241593,0.5065202470830473,0.4303363074811256,0.4934797529169526,0.8071379547014413,-47.86032004118051,35.17908115694324
UZS,20,после среза,659,356.01360719736016,345.77881839035945,1.0295992358775614,0.496206373292868,0.5311077389984825,0.4628224582701062,0.46889226100151743,0.8133535660091047,7.409065553869502,-1.9038691552407745
